transaction_id,transaction_ts,card_id,customer_age,customer_state,merchant_id,merchant_category,channel,amount,card_present,distance_from_home_km,txn_count_24h,minutes_since_last_txn,is_international,amount_vs_card_avg,is_fraud
T10390367,2025-01-01 00:04:43,C166916,57,DL,M1293,Utilities,Contactless,321.64,1,15.9,2,606.2,0,1.25,0
T10366596,2025-01-01 00:06:07,C162891,42,RJ,M1523,Fuel,Online,1173.76,0,60.5,4,65.0,0,1.28,0
T10542452,2025-01-01 00:10:40,C175937,49,RJ,M4051,Electronics,Contactless,2230.89,1,4.4,2,139.2,0,1.12,0
T10863267,2025-01-01 00:11:57,C150930,52,KL,M4750,Apparel,POS,315.73,1,16.7,3,334.8,0,2.4,0
T10896897,2025-01-01 00:13:13,C142969,35,KA,M5188,Grocery,Online,434.48,0,49.3,2,666.9,0,1.08,0
T10967396,2025-01-01 00:13:21,C136019,38,MH,M4345,Online Services,Contactless,2522.16,1,10.5,3,207.7,0,1.53,0
T10113594,2025-01-01 00:13:30,C152469,62,TG,M3668,Restaurant,POS,1920.52,1,1.6,2,298.8,0,2.47,0
T10872513,2025-01-01 00:14:12,C136578,44,WB,M2615,Fuel,Contactless,264.56,1,2.5,2,225.0,0,0.59,0
T10959500,2025-01-01 00:19:21,C106595,35,UP,M3955,Travel,POS,853.53,1,1.5,3,432.2,0,0.54,0
T10815964,2025-01-01 00:22:01,C100163,51,TG,M1428,Fuel,POS,371.3,1,0.5,3,3.8,0,0.9,0
T10103959,2025-01-01 00:23:15,C181191,32,TN,M2667,Fuel,Contactless,136.76,1,8.6,2,1955.1,0,0.66,0
T10236793,2025-01-01 00:24:16,C100226,49,RJ,M4253,Electronics,Contactless,4175.82,1,3.4,2,881.7,1,1.64,0
T10564511,2025-01-01 00:25:08,C111870,38,TN,M3153,Restaurant,POS,1419.44,1,5.9,2,953.9,1,1.56,0
T10663150,2025-01-01 00:26:59,C148445,47,RJ,M3638,Healthcare,Online,872.83,0,114.2,2,668.5,1,0.55,0
T10548662,2025-01-01 00:31:53,C108475,45,TN,M1537,Healthcare,Online,1382.58,0,4.7,2,1542.0,0,0.92,0
T10700364,2025-01-01 00:32:50,C120134,39,MH,M4404,Restaurant,Online,2287.55,0,101.6,3,1118.9,0,0.62,0
T10753770,2025-01-01 00:35:59,C161452,67,WB,M1584,Grocery,POS,2294.15,1,15.6,4,324.2,0,1.23,0
T10917178,2025-01-01 00:43:03,C167690,26,TN,M3197,Grocery,Contactless,294.28,1,7.7,2,196.0,0,0.78,0
T10374844,2025-01-01 00:45:17,C130615,27,UP,M2369,Healthcare,Contactless,333.51,1,6.6,5,409.7,0,1.03,0
T10271054,2025-01-01 00:45:35,C104639,51,KA,M5492,Fuel,POS,865.34,1,2.4,2,228.8,1,0.94,0
T10961850,2025-01-01 00:46:37,C155015,44,KL,M1280,Apparel,Contactless,1061.28,1,8.2,1,1589.1,0,0.78,0
T10449734,2025-01-01 00:47:22,C116220,65,DL,M4310,Restaurant,POS,233.58,1,3.4,2,500.8,0,2.67,0
T10749951,2025-01-01 00:49:43,C178834,58,MH,M5450,Grocery,Contactless,181.12,1,27.0,2,307.1,0,1.17,0
T10032682,2025-01-01 00:55:02,C152558,55,TG,M2129,Healthcare,Online,553.88,0,70.4,2,87.5,0,0.83,0
T10315317,2025-01-01 00:59:03,C167997,32,DL,M3066,Grocery,ATM,10000.0,1,2.7,3,30.9,0,1.19,0
T10618347,2025-01-01 01:00:52,C182096,54,WB,M4464,Restaurant,Online,212.27,0,31.8,3,2055.0,0,0.48,0
T10786726,2025-01-01 01:04:59,C181185,26,TG,M5126,Entertainment,Online,551.07,0,121.5,5,260.9,0,1.06,0
T10186012,2025-01-01 01:07:23,C177510,46,KL,M5596,Grocery,POS,225.64,1,9.8,4,382.0,0,1.51,0
T10422625,2025-01-01 01:07:28,C171724,26,WB,M4030,Travel,POS,1263.57,1,2.3,2,114.4,0,1.21,0
T10266901,2025-01-01 01:08:19,C139674,46,KA,M3349,Apparel,Contactless,1272.64,1,0.6,1,94.0,0,0.3,0
T10904568,2025-01-01 01:10:32,C166871,18,KA,M4252,Fuel,Contactless,122.48,1,45.5,6,228.6,0,1.49,0
T10285160,2025-01-01 01:13:55,C176625,33,UP,M4083,Jewelry,Online,8394.58,0,75.8,4,128.4,0,1.12,0
T10486000,2025-01-01 01:18:59,C179650,43,UP,M1900,Entertainment,POS,62.09,1,1.9,2,214.9,0,1.22,0
T10656775,2025-01-01 01:19:08,C142931,32,WB,M2261,Fuel,Online,691.33,0,69.3,2,587.4,0,1.29,0
T10095817,2025-01-01 01:20:10,C121106,51,KA,M2764,Healthcare,POS,896.05,1,11.5,2,1289.8,0,0.97,0
T10569965,2025-01-01 01:27:19,C111687,31,RJ,M1170,Restaurant,ATM,20000.0,1,25.8,4,274.5,0,1.03,0
T10699267,2025-01-01 01:27:57,C101582,41,RJ,M4037,Online Services,POS,224.56,1,8.8,1,767.4,0,1.23,0
T10725569,2025-01-01 01:29:53,C146176,48,MH,M3929,Utilities,Online,347.49,0,8.9,3,89.0,0,0.47,0
T10658101,2025-01-01 01:33:46,C172850,45,TN,M2778,Electronics,Contactless,452.96,1,1.8,2,17.4,0,0.86,0
T10944685,2025-01-01 01:34:37,C171487,33,RJ,M1876,Fuel,POS,7459.5,1,5.6,3,393.4,0,1.13,0
T10876125,2025-01-01 01:36:53,C117751,71,WB,M5595,Gift Cards,Online,286.5,0,106.8,1,303.2,0,2.79,0
T10425825,2025-01-01 01:41:54,C138534,57,WB,M5883,Electronics,POS,1745.41,1,3.9,4,133.9,0,0.48,0
T10441266,2025-01-01 01:42:01,C103866,27,TG,M5088,Fuel,Contactless,645.25,1,5.1,2,520.8,0,1.17,0
T10636444,2025-01-01 01:53:21,C146165,33,DL,M4913,Entertainment,Online,402.98,0,264.7,4,737.9,0,1.79,0
T10099896,2025-01-01 01:53:47,C121357,37,TG,M5943,Online Services,POS,713.86,1,6.8,4,442.9,0,1.03,0
T10561796,2025-01-01 01:57:20,C174451,39,MH,M5622,Grocery,Contactless,659.43,1,5.8,3,1276.5,0,1.66,0
T10028759,2025-01-01 02:00:32,C140919,40,MH,M1096,Grocery,POS,2051.37,1,9.1,2,355.3,0,2.12,0
T10953188,2025-01-01 02:03:05,C140444,52,GJ,M5280,Fuel,Contactless,1992.06,1,14.5,4,547.8,0,0.39,0
T10936911,2025-01-01 02:05:15,C141197,42,DL,M3673,Electronics,POS,1625.45,1,21.9,3,264.8,0,0.57,0
T10568461,2025-01-01 02:10:09,C139523,19,TG,M5214,Utilities,POS,329.81,1,2.9,3,1311.4,0,0.91,0
T10240907,2025-01-01 02:10:18,C117944,33,GJ,M4733,Restaurant,Online,1825.29,0,81.9,2,88.1,0,0.9,0
T10055726,2025-01-01 02:11:43,C145154,50,GJ,M5582,Grocery,Online,974.7,0,69.2,5,1728.8,0,0.51,0
T10641796,2025-01-01 02:12:55,C159757,18,TN,M5232,Apparel,Online,491.64,0,82.2,2,1925.1,0,0.43,0
T10830785,2025-01-01 02:13:26,C175150,49,MH,M2885,Entertainment,Contactless,237.98,1,8.5,1,738.5,0,0.66,0
T10151745,2025-01-01 02:15:37,C111833,47,WB,M3119,Online Services,POS,1373.19,1,5.0,1,4149.7,0,1.11,0
T10489700,2025-01-01 02:18:45,C117867,25,TN,M2999,Grocery,Contactless,545.76,1,8.0,2,345.8,0,0.58,0
T10330553,2025-01-01 02:19:42,C103934,39,TN,M1690,Entertainment,POS,1062.64,1,15.1,6,750.5,0,0.81,0
T10508669,2025-01-01 02:20:14,C141281,25,RJ,M5334,Utilities,Online,1004.23,0,20.8,3,108.8,0,0.94,0
T10842482,2025-01-01 02:22:25,C111345,45,TG,M1476,Grocery,Contactless,179.05,1,7.2,1,27.0,0,0.66,0
T10260049,2025-01-01 02:24:26,C153823,45,WB,M2314,Electronics,ATM,22000.0,1,12.0,4,233.7,0,1.17,0
T10745233,2025-01-01 02:27:36,C103673,39,TG,M3276,Electronics,POS,1031.12,1,7.4,4,355.5,0,1.14,0
T10815365,2025-01-01 02:27:36,C177756,43,WB,M2241,Gift Cards,POS,3231.6,1,4.0,3,120.8,0,0.55,0
T10867152,2025-01-01 02:27:46,C143345,20,RJ,M4193,Fuel,Contactless,255.61,1,6.1,4,730.6,0,2.06,0
T10696095,2025-01-01 02:28:06,C133836,34,UP,M1089,Apparel,Contactless,983.31,1,7.6,2,376.0,0,0.56,0
T10862839,2025-01-01 02:29:17,C111083,21,MH,M2699,Grocery,POS,18772.5,1,21.2,2,49.3,0,2.25,0
T10128096,2025-01-01 02:33:43,C143779,61,KA,M2129,Restaurant,Online,192.87,0,121.6,2,534.8,0,1.59,0
T10834497,2025-01-01 02:51:44,C157463,24,GJ,M3608,Travel,Online,1643.0,0,6.2,2,55.0,0,0.49,0
T10282910,2025-01-01 02:52:18,C168048,37,KA,M1021,Fuel,POS,1127.86,1,4.1,1,1295.4,0,2.43,0
T10091822,2025-01-01 02:53:00,C148864,29,MH,M4178,Gift Cards,POS,3995.91,1,0.6,3,1831.1,0,0.48,0
T10691906,2025-01-01 02:53:34,C154539,40,WB,M2935,Restaurant,Online,1157.6,0,13.8,3,247.6,0,1.39,0
T10648526,2025-01-01 02:55:26,C138823,43,TG,M2981,Online Services,Contactless,155.98,1,2.1,1,182.4,0,0.99,0
T10200181,2025-01-01 02:59:38,C101116,44,TG,M4163,Restaurant,POS,192.79,1,14.0,3,315.8,0,1.65,0
T10547016,2025-01-01 03:05:13,C106208,41,WB,M2056,Restaurant,Online,1485.28,0,91.1,3,475.8,0,0.53,0
T10203779,2025-01-01 03:06:37,C164577,31,KL,M2898,Jewelry,Online,671.79,0,112.3,6,1025.8,0,1.8,0
T10499818,2025-01-01 03:07:24,C162249,51,RJ,M5277,Travel,Contactless,1422.96,1,9.8,4,122.5,0,1.19,0
T10947825,2025-01-01 03:08:29,C177550,39,GJ,M4348,Fuel,Online,530.99,0,44.1,3,691.1,0,0.42,0
T10084401,2025-01-01 03:12:03,C138764,53,WB,M5351,Electronics,Online,10226.96,0,70.2,2,1078.7,0,0.62,0
T10978814,2025-01-01 03:33:05,C131394,41,WB,M2243,Grocery,Contactless,488.15,1,8.3,2,126.9,0,1.0,0
T10884825,2025-01-01 03:33:50,C145953,26,RJ,M3909,Grocery,POS,1266.44,1,19.3,2,109.9,0,0.97,0
T10182965,2025-01-01 03:37:07,C108951,61,TN,M5328,Restaurant,Online,708.28,0,114.7,2,571.0,0,1.14,0
T10414891,2025-01-01 03:41:20,C138647,54,RJ,M3159,Entertainment,Online,200.06,0,41.3,2,183.4,0,0.49,0
T10045154,2025-01-01 03:42:53,C138551,39,KL,M5984,Fuel,Contactless,1369.34,1,6.5,2,1153.0,0,0.61,0
T10127052,2025-01-01 03:45:32,C128135,50,WB,M5565,Fuel,Contactless,1004.17,1,4.4,3,127.9,0,0.85,0
T10565686,2025-01-01 03:45:45,C134026,30,UP,M1508,Grocery,POS,1518.31,1,35.3,2,395.1,0,1.5,0
T10316894,2025-01-01 03:46:49,C103929,40,KL,M1193,Restaurant,Online,767.14,0,45.6,1,342.3,0,1.27,0
T10408409,2025-01-01 03:46:52,C166404,37,KA,M1464,Grocery,POS,1431.38,1,7.5,1,622.2,0,1.0,0
T10532218,2025-01-01 03:47:58,C133035,24,MH,M3198,Apparel,POS,1508.49,1,9.9,6,122.9,0,0.88,0
T10999862,2025-01-01 03:51:10,C180782,26,KL,M2421,Restaurant,Contactless,338.14,1,2.0,2,2393.0,0,0.74,0
T10364356,2025-01-01 03:51:16,C141403,39,KA,M3033,Grocery,Online,429.72,0,63.5,2,1433.5,0,0.54,0
T10991839,2025-01-01 03:55:03,C161645,40,DL,M1493,Online Services,Online,1285.43,0,18.0,3,336.9,0,0.73,0
T10244085,2025-01-01 03:57:56,C177011,57,MH,M2264,Entertainment,POS,701.92,1,8.3,2,538.3,0,0.75,0
T10452348,2025-01-01 03:58:37,C140482,33,KA,M3084,Fuel,POS,625.31,1,0.7,3,204.9,0,0.75,0
T10298986,2025-01-01 04:00:04,C165328,38,KL,M3481,Travel,POS,3111.53,1,2.5,4,1457.9,0,0.57,0
T10293972,2025-01-01 04:00:08,C118653,45,MH,M5678,Grocery,POS,370.79,1,3.0,2,151.2,0,1.3,0
T10169350,2025-01-01 04:01:13,C121636,61,RJ,M3170,Utilities,POS,153.55,1,1.9,4,220.7,0,0.85,0
T10522045,2025-01-01 04:01:19,C181932,31,WB,M3387,Utilities,Contactless,1182.29,1,6.6,1,29.2,0,1.54,0
T10757554,2025-01-01 04:02:55,C150126,40,KA,M4656,Grocery,Contactless,1558.22,1,0.6,2,922.3,0,1.11,0
T10002471,2025-01-01 04:06:38,C108263,33,TG,M5938,Healthcare,POS,1100.09,1,13.6,4,3209.1,0,0.54,0
T10295325,2025-01-01 04:10:29,C168413,29,KA,M1637,Grocery,Contactless,219.36,1,9.0,2,1919.7,0,1.51,0
T10836880,2025-01-01 04:13:16,C134611,28,DL,M2538,Restaurant,Contactless,5015.35,1,6.6,2,280.6,0,1.15,0
T10836091,2025-01-01 04:14:59,C147670,33,GJ,M5981,Restaurant,POS,214.49,1,2.3,1,261.1,0,0.41,0
T10220827,2025-01-01 04:17:37,C157515,22,GJ,M2569,Restaurant,POS,1027.37,1,10.3,2,39.7,0,0.79,0
T10015099,2025-01-01 04:19:46,C100597,53,KL,M4246,Grocery,Contactless,444.48,1,1.1,2,210.2,0,1.33,0
T10637074,2025-01-01 04:20:51,C169165,41,KA,M1740,Grocery,Online,326.43,0,50.2,1,542.5,1,1.83,0
T10167621,2025-01-01 04:22:56,C180439,36,UP,M2758,Electronics,Online,2214.32,0,0.6,1,648.7,0,0.4,0
T10872589,2025-01-01 04:27:36,C144042,64,KL,M5040,Grocery,POS,4646.72,1,14.0,1,128.6,0,0.72,0
T10478981,2025-01-01 04:27:53,C165980,23,KL,M4436,Fuel,POS,2715.16,1,9.2,4,787.7,0,1.02,0
T10062651,2025-01-01 04:27:59,C138256,31,KA,M3978,Electronics,Online,2563.44,0,78.4,2,33.8,0,1.57,0
T10258676,2025-01-01 04:28:09,C181519,35,TG,M4096,Online Services,Online,135.38,0,176.4,2,1166.5,0,0.55,0
T10005221,2025-01-01 04:29:04,C173886,30,KA,M2478,Apparel,POS,327.91,1,7.6,4,1635.0,0,1.24,0
T10936571,2025-01-01 04:37:08,C145185,38,KA,M4157,Online Services,Online,1807.9,0,80.4,2,39.7,0,0.74,0
T10878218,2025-01-01 04:37:56,C137566,48,RJ,M1879,Electronics,Online,256.7,0,14.8,4,372.8,0,0.4,0
T10870310,2025-01-01 04:38:44,C157155,48,GJ,M3777,Grocery,ATM,20000.0,1,10.8,1,385.6,0,1.43,0
T10387284,2025-01-01 04:39:37,C103772,19,TG,M3009,Electronics,Contactless,483.6,1,10.2,1,117.8,0,1.5,0
T10344226,2025-01-01 04:43:11,C146181,26,RJ,M3818,Grocery,POS,452.74,1,5.1,3,286.0,0,0.7,0
T10357021,2025-01-01 04:45:03,C150121,24,DL,M4619,Restaurant,Contactless,729.43,1,30.0,2,270.4,0,0.44,0
T10461670,2025-01-01 04:45:53,C114971,46,TN,M1307,Fuel,Contactless,3118.41,1,14.3,3,585.7,0,0.36,0
T10142729,2025-01-01 04:53:02,C114652,53,GJ,M5931,Restaurant,Contactless,1639.71,1,2.0,3,83.3,0,0.91,0
T10135325,2025-01-01 04:54:44,C100747,54,TN,M1537,Entertainment,POS,351.71,1,17.2,1,497.1,0,1.09,0
T10987463,2025-01-01 04:57:51,C138302,28,TG,M5561,Grocery,Contactless,1394.79,1,7.8,2,72.8,0,0.5,0
T10125430,2025-01-01 05:00:45,C108247,25,UP,M2041,Restaurant,Online,251.45,0,87.5,4,1714.7,0,1.09,0
T10404571,2025-01-01 05:01:44,C175833,40,UP,M4868,Healthcare,Online,267.43,0,114.3,3,206.1,0,2.67,0
T10423875,2025-01-01 05:02:34,C170245,31,TG,M4046,Grocery,Online,662.47,0,123.2,1,145.5,0,0.79,0
T10083489,2025-01-01 05:06:30,C159024,51,KL,M5764,Electronics,Online,2957.7,0,41.9,4,428.0,0,0.37,0
T10359901,2025-01-01 05:07:43,C171868,47,KL,M2133,Fuel,Contactless,1752.96,1,18.9,2,142.3,0,1.35,0
T10192148,2025-01-01 05:09:00,C141052,33,RJ,M1942,Grocery,Online,1020.22,0,33.3,3,1028.8,1,1.14,0
T10767272,2025-01-01 05:09:17,C109442,34,RJ,M2043,Electronics,Contactless,293.9,1,1.2,2,167.0,0,0.48,0
T10494593,2025-01-01 05:09:46,C100764,56,KA,M5864,Restaurant,Online,272.75,0,94.1,3,492.3,0,0.73,0
T10718072,2025-01-01 05:11:02,C176429,21,KL,M5505,Grocery,Contactless,5329.17,1,5.5,5,223.8,0,1.54,0
T10897729,2025-01-01 05:12:05,C173520,51,KL,M5419,Restaurant,Online,152.76,0,8.2,2,1099.6,0,1.25,0
T10206732,2025-01-01 05:12:24,C114591,39,RJ,M3338,Healthcare,Online,196.12,0,77.2,3,411.0,0,0.79,0
T10836251,2025-01-01 05:13:57,C128474,38,KA,M3723,Apparel,ATM,20000.0,1,23.9,3,394.9,0,1.83,0
T10436055,2025-01-01 05:14:05,C115612,44,KL,M2635,Apparel,Contactless,868.86,1,11.4,2,1421.6,0,0.41,0
T10785725,2025-01-01 05:16:21,C183082,25,DL,M1451,Grocery,POS,582.6,1,15.0,1,90.9,0,0.6,0
T10372222,2025-01-01 05:17:06,C131643,27,GJ,M3043,Healthcare,POS,202.45,1,12.2,6,1121.2,0,0.97,0
T10566186,2025-01-01 05:17:10,C119127,47,UP,M3873,Apparel,Online,1894.62,0,13.8,2,47.3,0,0.86,0
T10593583,2025-01-01 05:17:30,C156371,30,KL,M1365,Healthcare,POS,1995.99,1,7.7,1,1195.7,0,0.8,0
T10223529,2025-01-01 05:18:26,C109721,33,MH,M3103,Restaurant,ATM,2000.0,1,4.4,3,92.2,0,1.62,0
T10009798,2025-01-01 05:24:28,C159478,41,KA,M4976,Jewelry,POS,2900.96,1,1.2,2,978.7,1,0.52,0
T10465050,2025-01-01 05:26:26,C149158,32,MH,M5482,Apparel,ATM,10000.0,1,2.5,5,2254.7,0,0.65,0
T10670061,2025-01-01 05:26:43,C181615,43,KL,M1830,Online Services,Online,641.64,0,23.8,1,288.4,0,2.04,0
T10736669,2025-01-01 05:27:19,C135796,35,WB,M2944,Entertainment,Contactless,1563.98,1,9.4,3,126.1,0,0.49,0
T10302249,2025-01-01 05:30:32,C104483,37,RJ,M3029,Fuel,POS,217.41,1,1.4,4,718.3,0,2.36,0
T10860657,2025-01-01 05:32:38,C130550,50,TN,M1939,Restaurant,POS,570.14,1,14.7,2,3887.8,0,2.83,0
T10018335,2025-01-01 05:33:17,C110383,47,MH,M3572,Electronics,POS,1125.76,1,11.8,3,426.6,0,0.71,0
T10737271,2025-01-01 05:34:07,C146859,71,TN,M4543,Fuel,Contactless,1555.55,1,6.2,3,85.9,0,1.48,0
T10226581,2025-01-01 05:37:12,C139437,28,RJ,M3941,Restaurant,Online,1015.64,0,44.7,2,184.0,0,1.92,0
T10256388,2025-01-01 05:38:50,C113150,37,TG,M3351,Restaurant,ATM,1000.0,1,14.7,1,361.2,0,0.34,0
T10417218,2025-01-01 05:39:04,C165434,34,TG,M5238,Healthcare,POS,661.06,1,1.5,2,261.7,0,1.45,0
T10324670,2025-01-01 05:41:37,C138634,33,TG,M2600,Grocery,Online,713.59,0,29.7,4,321.2,1,1.3,0
T10259519,2025-01-01 05:43:04,C167546,40,UP,M1451,Restaurant,Online,1453.35,0,69.4,1,5.9,0,0.6,0
T10148185,2025-01-01 05:43:24,C166303,47,UP,M3485,Online Services,POS,2335.61,1,1.1,4,438.3,0,1.96,0
T10646151,2025-01-01 05:46:42,C168837,46,TN,M2038,Apparel,Online,184.7,0,41.7,2,512.1,0,0.6,0
T10320174,2025-01-01 05:51:27,C163572,46,DL,M3973,Grocery,Online,1096.72,0,22.8,2,270.9,0,1.16,0
T10851197,2025-01-01 05:53:52,C180956,41,DL,M1694,Entertainment,Online,1006.33,0,44.2,2,4.0,0,1.32,0
T10964439,2025-01-01 05:55:05,C104745,64,TN,M1288,Apparel,POS,850.65,1,12.7,2,166.0,0,0.75,0
T10940242,2025-01-01 05:58:08,C128331,52,WB,M5571,Fuel,Online,1602.5,0,57.0,3,512.1,0,0.7,0
T10126599,2025-01-01 05:59:55,C123668,60,MH,M1296,Grocery,ATM,10000.0,1,11.2,3,71.9,0,2.18,0
T10154662,2025-01-01 06:00:15,C118960,40,UP,M5043,Utilities,POS,157.34,1,0.7,3,612.4,0,0.7,0
T10348999,2025-01-01 06:01:02,C115436,41,TN,M4635,Restaurant,Contactless,503.4,1,12.0,3,1186.8,0,1.0,0
T10735340,2025-01-01 06:02:43,C169061,53,TG,M4404,Apparel,Online,313.37,0,135.2,2,243.3,1,3.1,0
T10746193,2025-01-01 06:02:45,C170902,45,GJ,M2586,Entertainment,Online,4358.78,0,11.7,3,422.8,0,0.55,0
T10054743,2025-01-01 06:02:46,C172755,47,GJ,M1033,Utilities,POS,452.82,1,5.8,2,160.5,0,2.13,0
T10364164,2025-01-01 06:02:49,C107149,31,WB,M3167,Restaurant,POS,128.08,1,3.9,1,529.1,0,1.35,0
T10875816,2025-01-01 06:04:40,C108520,24,TG,M1692,Restaurant,Online,1959.6,0,125.9,3,217.7,0,1.89,0
T10335947,2025-01-01 06:05:28,C170714,20,DL,M4848,Grocery,POS,972.5,1,4.1,1,418.3,0,1.06,0
T10075893,2025-01-01 06:06:01,C124402,41,KA,M1494,Travel,POS,1131.83,1,15.2,3,418.6,0,1.2,0
T10230966,2025-01-01 06:07:30,C138017,61,WB,M4280,Online Services,POS,1037.1,1,20.6,1,198.5,0,1.42,0
T10071073,2025-01-01 06:08:03,C134350,49,UP,M5999,Grocery,Online,70.61,0,20.2,1,71.0,0,1.11,0
T10338798,2025-01-01 06:08:49,C165095,29,WB,M1557,Restaurant,Online,1716.12,0,14.0,3,82.5,1,2.37,0
T10490236,2025-01-01 06:12:10,C115867,48,DL,M3700,Travel,Contactless,930.38,1,3.0,4,121.3,0,0.52,0
T10799630,2025-01-01 06:14:13,C182297,37,KL,M5585,Grocery,POS,614.14,1,1.9,2,316.8,0,0.54,0
T10977834,2025-01-01 06:15:11,C129622,29,TN,M3541,Restaurant,Contactless,425.6,1,10.8,3,752.1,0,1.14,0
T10420505,2025-01-01 06:15:31,C112897,30,TG,M3582,Fuel,Online,1741.52,0,43.1,1,533.0,0,1.77,0
T10327128,2025-01-01 06:18:09,C134337,28,GJ,M3431,Grocery,POS,784.38,1,2.9,2,514.2,0,1.35,0
T10677697,2025-01-01 06:18:27,C145244,31,MH,M3614,Gift Cards,Online,1177.09,0,121.8,2,862.4,0,1.1,0
T10588152,2025-01-01 06:18:39,C134154,54,MH,M4318,Restaurant,Online,611.6,0,21.3,2,372.6,0,1.46,0
T10682955,2025-01-01 06:19:34,C164783,31,MH,M3320,Restaurant,Online,1663.28,0,57.2,2,2321.9,0,0.68,0
T10949967,2025-01-01 06:21:05,C182885,37,KA,M2594,Healthcare,Contactless,171.0,1,9.2,1,264.4,0,0.67,0
T10610915,2025-01-01 06:21:07,C118962,36,GJ,M3081,Apparel,POS,854.62,1,3.4,2,1116.7,0,0.51,0
T10290587,2025-01-01 06:22:01,C136205,47,MH,M1445,Grocery,Online,241.5,0,114.1,2,826.3,1,2.26,0
T10010351,2025-01-01 06:22:38,C104041,36,WB,M2132,Jewelry,POS,3423.09,1,1.3,1,896.6,0,0.79,0
T10983236,2025-01-01 06:23:25,C135318,41,KA,M3400,Travel,Online,195.54,0,81.9,3,1140.1,0,0.6,0
T10935446,2025-01-01 06:23:38,C113481,45,WB,M4116,Grocery,Contactless,1918.36,1,6.5,2,398.4,0,0.95,0
T10883983,2025-01-01 06:24:02,C166535,21,GJ,M2619,Restaurant,Contactless,142.29,1,4.1,2,262.0,0,1.44,0
T10336288,2025-01-01 06:24:19,C126538,41,MH,M2404,Grocery,Online,2419.92,0,84.8,2,207.1,0,3.39,0
T10104794,2025-01-01 06:24:26,C158002,52,DL,M5066,Entertainment,Contactless,241.49,1,6.0,2,179.0,1,2.17,0
T10209137,2025-01-01 06:24:53,C124066,53,TN,M4562,Online Services,Contactless,4872.52,1,5.7,3,1431.4,0,0.83,0
T10605036,2025-01-01 06:26:22,C159356,28,UP,M3496,Grocery,Online,445.49,0,17.5,2,167.3,0,1.84,0
T10742552,2025-01-01 06:26:26,C151282,36,TG,M5044,Grocery,Contactless,1133.85,1,15.5,1,367.0,0,0.91,0
T10690465,2025-01-01 06:27:37,C161343,20,GJ,M4882,Entertainment,Online,223.58,0,138.3,5,430.0,0,0.41,0
T10337434,2025-01-01 06:31:06,C114135,34,WB,M2731,Utilities,Contactless,4267.37,1,19.2,4,79.9,0,0.32,0
T10025943,2025-01-01 06:31:15,C132917,37,KL,M5083,Online Services,Online,2104.17,0,55.2,2,1323.8,0,0.74,0
T10747183,2025-01-01 06:31:25,C126908,51,KL,M1403,Online Services,POS,932.98,1,0.8,1,183.9,0,0.57,0
T10488293,2025-01-01 06:31:35,C159115,20,TG,M5078,Gift Cards,Online,2197.39,0,110.1,3,2262.8,0,1.38,0
T10622478,2025-01-01 06:31:46,C109938,46,TG,M3312,Online Services,Contactless,765.86,1,23.6,1,33.4,0,0.66,0
T10799648,2025-01-01 06:32:59,C158213,42,TG,M4035,Grocery,POS,466.37,1,0.6,2,268.1,0,2.83,0
T10423052,2025-01-01 06:33:47,C106397,29,MH,M4616,Utilities,POS,1642.15,1,11.0,3,656.7,0,1.64,0
T10442403,2025-01-01 06:34:08,C125681,20,KA,M3256,Grocery,Online,2130.06,0,18.3,3,564.3,0,2.12,0
T10588217,2025-01-01 06:34:18,C144304,31,TG,M2220,Online Services,POS,405.58,1,21.5,4,68.0,0,0.67,0
T10703601,2025-01-01 06:34:29,C172130,25,GJ,M1341,Utilities,POS,523.03,1,3.2,4,394.5,0,1.3,0
T10948588,2025-01-01 06:34:39,C114408,39,TN,M2381,Grocery,Online,437.32,0,3.1,3,330.4,0,1.01,0
T10446244,2025-01-01 06:35:41,C160182,47,RJ,M3144,Fuel,POS,145.46,1,10.6,2,1570.7,0,1.15,0
T10178645,2025-01-01 06:35:43,C134779,33,KL,M1805,Grocery,POS,1027.23,1,18.7,2,181.5,0,1.51,0
T10101313,2025-01-01 06:36:01,C142030,56,KL,M3918,Online Services,POS,1846.13,1,1.0,1,87.2,0,0.97,0
T10768652,2025-01-01 06:38:08,C142499,41,UP,M4255,Entertainment,Online,5821.91,0,126.9,5,87.6,0,1.93,0
T10715218,2025-01-01 06:38:12,C116634,37,UP,M3348,Grocery,POS,491.78,1,1.8,1,532.3,0,1.76,0
T10352016,2025-01-01 06:39:21,C167499,41,KA,M5835,Apparel,POS,1545.7,1,7.4,5,215.5,0,0.54,0
T10941650,2025-01-01 06:41:00,C134597,36,KL,M2063,Apparel,Online,278.1,0,84.0,1,244.1,0,2.52,0
T10525677,2025-01-01 06:41:09,C155222,18,TN,M1182,Apparel,POS,907.8,1,7.6,2,1486.8,0,0.59,0
T10341743,2025-01-01 06:41:16,C165162,46,UP,M4380,Restaurant,Online,2858.46,0,56.1,3,361.9,0,1.27,0
T10291079,2025-01-01 06:41:50,C114304,47,RJ,M2627,Restaurant,Online,572.44,0,54.9,2,1411.6,0,1.43,0
T10849464,2025-01-01 06:41:53,C174236,18,KA,M4800,Online Services,Online,122.85,0,25.6,2,695.2,0,0.37,0
T10691137,2025-01-01 06:43:22,C149957,48,KL,M3374,Online Services,POS,909.6,1,5.8,3,280.7,0,0.5,0
T10660512,2025-01-01 06:47:01,C181644,36,KA,M3244,Grocery,Contactless,949.37,1,0.8,4,623.1,0,0.62,0
T10351414,2025-01-01 06:47:25,C103083,70,TN,M5701,Restaurant,Contactless,803.82,1,0.9,3,214.7,0,0.67,0
T10125496,2025-01-01 06:50:27,C112067,22,DL,M3532,Gift Cards,POS,2425.14,1,0.8,4,410.4,0,0.84,0
T10936392,2025-01-01 06:50:59,C100052,44,GJ,M4281,Utilities,Online,896.13,0,65.4,2,55.5,1,1.35,0
T10906682,2025-01-01 06:52:02,C136898,23,MH,M1794,Utilities,Contactless,406.59,1,9.2,3,546.2,0,0.74,0
T10613425,2025-01-01 06:52:40,C108233,43,GJ,M3321,Online Services,POS,459.29,1,12.0,3,324.7,0,3.54,0
T10056960,2025-01-01 06:53:08,C125536,42,TN,M4638,Fuel,POS,360.64,1,3.2,3,940.3,0,1.58,0
T10654015,2025-01-01 06:53:52,C182618,31,KA,M1999,Restaurant,POS,205.52,1,1.3,2,158.9,0,0.6,0
T10019069,2025-01-01 06:54:05,C176442,30,TN,M5994,Entertainment,Contactless,4720.02,1,10.0,1,139.5,0,0.85,0
T10723162,2025-01-01 06:54:10,C142188,48,KL,M1185,Fuel,Contactless,207.87,1,6.5,3,596.4,0,0.7,0
T10775342,2025-01-01 06:56:33,C115457,36,DL,M2682,Restaurant,POS,432.81,1,6.9,2,584.1,0,0.71,0
T10305277,2025-01-01 06:56:39,C126616,35,GJ,M4388,Restaurant,Contactless,452.35,1,3.2,3,7.3,0,0.45,0
T10558405,2025-01-01 06:56:44,C104555,34,KL,M3157,Fuel,POS,2616.43,1,4.0,4,80.1,0,0.41,0
T10561880,2025-01-01 06:58:06,C127799,56,TN,M1174,Grocery,Online,2745.8,0,112.0,2,220.2,0,0.61,0
T10673464,2025-01-01 07:00:02,C181029,47,KL,M1832,Travel,Contactless,3408.0,1,3.4,3,1075.2,0,1.22,0
T10505297,2025-01-01 07:00:13,C107525,36,TN,M4050,Restaurant,POS,317.41,1,10.9,4,1700.1,0,0.55,0
T10496108,2025-01-01 07:02:02,C115037,54,KL,M5376,Apparel,Contactless,1610.58,1,3.3,1,607.9,0,1.24,0
T10778421,2025-01-01 07:02:33,C101903,41,UP,M1630,Grocery,POS,589.18,1,1.5,2,335.0,0,1.5,0
T10157374,2025-01-01 07:02:49,C165883,43,KA,M1888,Grocery,Online,131.07,0,71.0,2,750.4,0,1.03,0
T10196109,2025-01-01 07:03:02,C149581,33,TN,M1904,Online Services,ATM,2000.0,1,2.3,2,115.4,0,0.39,0
T10191124,2025-01-01 07:03:46,C169141,24,KA,M1366,Gift Cards,Contactless,638.71,1,16.8,4,2104.3,0,0.59,0
T10845944,2025-01-01 07:03:55,C179594,48,TG,M4458,Entertainment,POS,218.8,1,5.8,2,44.3,0,0.87,0
T10643541,2025-01-01 07:04:49,C145201,44,TN,M1762,Restaurant,Online,2874.46,0,185.4,1,999.7,0,0.56,0
T10763329,2025-01-01 07:06:02,C138913,53,WB,M1744,Entertainment,Contactless,108.5,1,17.0,2,105.9,1,2.54,0
T10957631,2025-01-01 07:06:47,C122601,18,UP,M1068,Gift Cards,Online,65.31,0,98.6,3,226.2,0,0.57,0
T10091678,2025-01-01 07:07:58,C101940,43,KA,M3693,Grocery,POS,419.54,1,10.1,3,906.6,0,0.71,0
T10072618,2025-01-01 07:08:17,C167061,27,DL,M1170,Online Services,POS,555.16,1,11.6,2,2866.7,0,1.2,0
T10896796,2025-01-01 07:08:43,C141816,56,KL,M2491,Restaurant,POS,538.95,1,4.5,1,398.9,0,1.02,0
T10576908,2025-01-01 07:08:57,C117772,39,TN,M3934,Fuel,Online,1578.07,0,53.4,2,102.2,0,0.73,0
T10749467,2025-01-01 07:09:41,C154618,29,TG,M3812,Healthcare,POS,581.3,1,5.3,3,64.1,0,0.63,0
T10589552,2025-01-01 07:10:34,C145613,46,MH,M5782,Fuel,ATM,5000.0,1,2.3,3,543.7,0,1.12,0
T10745465,2025-01-01 07:11:01,C181860,52,WB,M3646,Online Services,POS,1508.85,1,1.4,2,258.0,0,0.92,0
T10444318,2025-01-01 07:11:02,C118597,32,MH,M5822,Grocery,Online,976.87,0,71.9,2,327.4,1,1.61,0
T10803117,2025-01-01 07:11:04,C157260,43,TG,M2116,Utilities,POS,492.01,1,12.4,5,1551.5,0,3.17,0
T10952075,2025-01-01 07:11:18,C147283,30,KA,M3663,Grocery,Contactless,1259.32,1,4.1,3,207.2,0,0.25,0
T10582270,2025-01-01 07:11:58,C134938,42,WB,M3551,Utilities,Online,774.11,0,102.5,4,221.2,0,0.96,0
T10388791,2025-01-01 07:12:34,C172069,69,RJ,M3748,Online Services,Contactless,2778.82,1,0.2,3,1541.4,0,0.82,0
T10801538,2025-01-01 07:12:44,C109119,37,UP,M4613,Utilities,Contactless,285.11,1,6.3,4,437.4,0,1.78,0
T10639074,2025-01-01 07:13:19,C151799,54,WB,M1789,Utilities,Contactless,403.66,1,0.8,3,1360.6,0,0.62,0
T10763863,2025-01-01 07:14:27,C119584,29,MH,M1288,Utilities,POS,426.62,1,3.3,4,675.7,0,3.89,0
T10675283,2025-01-01 07:14:31,C119270,21,KA,M4401,Utilities,Online,346.33,0,37.9,2,289.2,0,2.22,0
T10580881,2025-01-01 07:14:40,C148800,78,RJ,M3737,Grocery,Online,238.3,0,113.8,2,727.3,0,0.69,0
T10376601,2025-01-01 07:14:52,C149415,36,WB,M3371,Online Services,Contactless,490.13,1,3.5,3,1301.6,0,0.96,0
T10880734,2025-01-01 07:15:28,C121415,22,KL,M3298,Grocery,Contactless,902.38,1,10.6,3,253.1,0,0.99,0
T10392331,2025-01-01 07:15:53,C104568,35,TG,M4023,Online Services,Contactless,139.64,1,5.6,3,1842.6,0,1.3,0
T10461894,2025-01-01 07:16:17,C101795,38,KA,M5323,Healthcare,POS,717.2,1,0.3,3,885.0,0,0.49,0
T10136842,2025-01-01 07:16:58,C171020,55,DL,M5106,Entertainment,Contactless,7539.65,1,8.2,1,82.9,0,0.61,0
T10584979,2025-01-01 07:17:18,C121523,41,KA,M2061,Restaurant,Contactless,185.6,1,8.6,2,458.8,0,1.23,0
T10412147,2025-01-01 07:17:33,C178769,35,WB,M1415,Jewelry,Online,1046.14,0,93.3,3,247.5,0,0.41,0
T10017137,2025-01-01 07:18:04,C157858,34,UP,M1151,Fuel,Contactless,341.12,1,8.2,4,1293.7,0,1.27,0
T10502961,2025-01-01 07:18:31,C180789,33,TG,M5721,Grocery,Online,580.65,0,68.0,2,1531.3,0,1.5,0
T10001275,2025-01-01 07:18:44,C159437,47,UP,M3025,Healthcare,POS,536.73,1,2.4,1,433.6,0,1.22,0
T10455963,2025-01-01 07:18:58,C108462,29,TG,M1149,Fuel,ATM,10000.0,1,12.0,2,422.5,0,0.91,0
T10226936,2025-01-01 07:19:16,C170345,30,TG,M4528,Entertainment,POS,1130.51,1,4.5,3,47.5,0,1.15,0
T10416794,2025-01-01 07:19:16,C165984,31,DL,M1362,Online Services,Online,2330.71,0,82.7,3,844.3,0,1.21,0
T10396687,2025-01-01 07:19:25,C137817,24,UP,M3410,Utilities,POS,1200.86,1,1.2,1,103.8,0,0.49,0
T10954226,2025-01-01 07:19:34,C108233,44,RJ,M4725,Electronics,POS,1231.71,1,30.0,4,200.5,0,0.94,0
T10118744,2025-01-01 07:19:35,C117757,28,KL,M4922,Entertainment,POS,238.05,1,2.0,3,314.1,0,1.39,0
T10089428,2025-01-01 07:19:38,C150735,67,RJ,M5497,Utilities,POS,19.0,1,17.8,2,1599.0,0,1.36,0
T10916296,2025-01-01 07:20:38,C164089,63,KA,M1862,Entertainment,POS,1691.38,1,14.4,3,166.2,0,0.42,0
T10165280,2025-01-01 07:21:00,C181204,33,GJ,M3456,Restaurant,Online,2245.96,0,73.6,3,324.1,0,1.65,0
T10096902,2025-01-01 07:21:21,C123943,20,KL,M3759,Jewelry,Online,734.49,0,18.8,1,30.1,0,0.32,0
T10079414,2025-01-01 07:21:26,C130145,44,KA,M3015,Fuel,Contactless,542.32,1,2.0,4,1825.2,0,1.52,0
T10054076,2025-01-01 07:22:22,C120711,66,DL,M2710,Electronics,POS,1084.91,1,16.4,7,200.1,0,1.68,0
T10517485,2025-01-01 07:23:14,C101951,45,MH,M1845,Gift Cards,Online,1522.8,0,12.7,2,723.5,0,0.94,0
T10163608,2025-01-01 07:23:22,C170723,21,RJ,M5255,Grocery,Online,1879.38,0,15.9,2,672.4,1,2.05,0
T10733461,2025-01-01 07:23:52,C164914,22,DL,M4207,Grocery,Online,637.34,0,49.8,4,163.2,0,0.93,0
T10342861,2025-01-01 07:25:04,C147235,31,RJ,M3560,Travel,POS,2007.74,1,5.0,3,75.1,0,1.06,0
T10836416,2025-01-01 07:25:37,C104210,70,KA,M2287,Grocery,Online,162.73,0,24.3,2,414.5,0,0.76,0
T10569020,2025-01-01 07:26:27,C168295,48,DL,M4788,Entertainment,Online,448.3,0,50.2,4,290.5,0,1.5,0
T10357324,2025-01-01 07:26:27,C176356,56,TN,M1874,Apparel,Online,549.1,0,47.0,5,45.7,0,0.96,0
T10344502,2025-01-01 07:26:46,C173017,40,KA,M2494,Entertainment,Online,276.8,0,9.8,1,233.6,0,0.78,0
T10324144,2025-01-01 07:27:00,C103947,39,TN,M5870,Restaurant,POS,1437.73,1,13.8,2,449.1,0,0.85,0
T10470585,2025-01-01 07:27:15,C156058,56,WB,M4104,Grocery,Online,1347.41,0,35.4,3,166.3,1,1.11,0
T10325038,2025-01-01 07:27:30,C137689,56,KL,M2451,Grocery,POS,284.8,1,6.1,5,451.5,0,0.58,0
T10699886,2025-01-01 07:28:34,C108549,53,UP,M5511,Grocery,Online,1143.36,0,85.5,2,328.5,0,1.96,0
T10830382,2025-01-01 07:28:44,C113993,38,TG,M4358,Restaurant,Online,287.95,0,49.1,2,190.8,0,2.02,0
T10232858,2025-01-01 07:30:05,C181554,47,WB,M5825,Fuel,Online,1336.92,0,50.0,4,452.9,0,0.26,0
T10849841,2025-01-01 07:30:22,C132176,32,DL,M2934,Utilities,POS,1259.76,1,15.6,2,8.9,0,2.52,0
T10741567,2025-01-01 07:30:38,C127003,34,TG,M1818,Online Services,Contactless,103.96,1,2.7,2,459.4,0,0.39,0
T10915208,2025-01-01 07:31:02,C137513,29,MH,M5263,Jewelry,POS,3200.76,1,6.7,3,1031.8,0,1.9,0
T10665700,2025-01-01 07:31:09,C183180,31,GJ,M2204,Online Services,POS,2550.22,1,20.0,1,3103.5,0,1.25,0
T10264612,2025-01-01 07:31:57,C141832,36,TG,M2258,Grocery,Contactless,216.62,1,2.5,5,386.2,0,0.57,0
T10534657,2025-01-01 07:32:40,C130781,48,UP,M5672,Healthcare,Online,3039.49,0,25.5,1,123.2,0,0.34,0
T10564100,2025-01-01 07:33:16,C164068,49,RJ,M1996,Restaurant,Online,486.9,0,42.8,2,1388.7,0,0.44,0
T10221139,2025-01-01 07:33:19,C130410,43,UP,M3149,Entertainment,Online,2058.5,0,242.6,3,60.4,0,2.03,0
T10181038,2025-01-01 07:33:21,C134198,44,KA,M1866,Online Services,POS,1616.4,1,4.7,2,1186.5,0,0.63,0
T10368279,2025-01-01 07:33:31,C147192,34,KL,M5937,Entertainment,POS,687.42,1,7.0,3,887.9,1,0.94,0
T10138194,2025-01-01 07:34:06,C175577,18,UP,M3452,Restaurant,Contactless,2440.83,1,7.9,1,440.4,0,0.5,0
T10205758,2025-01-01 07:35:21,C178672,40,RJ,M1621,Electronics,Online,76.49,0,131.0,2,84.6,0,0.95,0
T10623749,2025-01-01 07:36:06,C179329,31,GJ,M2790,Apparel,POS,3845.13,1,4.3,4,335.0,0,0.68,0
T10147216,2025-01-01 07:36:29,C178392,27,WB,M4989,Online Services,POS,403.77,1,1.4,3,658.2,0,0.78,0
T10803176,2025-01-01 07:37:06,C163397,54,WB,M5610,Fuel,POS,1885.62,1,3.9,3,1482.0,0,0.91,0
T10353648,2025-01-01 07:37:09,C137578,35,DL,M1572,Grocery,ATM,1000.0,1,2.5,5,529.0,0,0.91,0
T10240017,2025-01-01 07:37:11,C136575,48,TG,M5528,Online Services,ATM,20000.0,1,14.6,3,1382.3,0,0.45,0
T10163921,2025-01-01 07:37:27,C166122,40,MH,M1772,Online Services,Online,350.09,0,109.7,2,141.1,0,1.29,0
T10686410,2025-01-01 07:37:32,C108202,38,WB,M4725,Online Services,POS,710.06,1,5.5,4,342.7,0,0.48,0
T10681566,2025-01-01 07:38:50,C145445,59,KA,M1551,Grocery,POS,2322.71,1,2.1,3,439.7,0,1.26,0
T10172201,2025-01-01 07:39:43,C110306,55,KL,M2224,Travel,Online,287.72,0,104.5,3,196.5,0,0.7,0
T10598014,2025-01-01 07:39:55,C104902,23,KA,M5319,Restaurant,POS,588.37,1,12.4,5,105.8,0,0.76,0
T10581727,2025-01-01 07:40:02,C181480,31,TG,M4544,Utilities,Online,72.25,0,142.8,5,344.5,0,1.14,0
T10247997,2025-01-01 07:41:08,C138284,31,WB,M1634,Jewelry,Online,974.09,0,68.3,2,476.2,0,1.57,0
T10840621,2025-01-01 07:41:11,C166518,54,TN,M2921,Apparel,Online,1708.72,0,108.4,1,12.2,0,1.65,0
T10900457,2025-01-01 07:41:15,C130962,34,GJ,M1102,Utilities,Online,1448.88,0,13.1,4,903.3,0,0.93,0
T10375910,2025-01-01 07:41:36,C178966,41,MH,M2008,Fuel,POS,355.41,1,9.8,5,294.8,0,2.0,0
T10201051,2025-01-01 07:41:44,C148063,37,TG,M1134,Apparel,Online,931.42,0,76.1,2,442.6,0,0.6,0
T10286678,2025-01-01 07:41:56,C163367,39,TG,M2211,Apparel,ATM,5000.0,1,2.0,1,717.4,0,0.7,0
T10512620,2025-01-01 07:42:54,C151187,51,KL,M5327,Fuel,POS,222.09,1,5.5,3,1300.0,0,1.63,0
T10175532,2025-01-01 07:43:28,C143392,40,MH,M4281,Online Services,Online,2098.05,0,82.2,3,60.2,0,0.6,0
T10166081,2025-01-01 07:43:34,C164562,45,MH,M2748,Apparel,Online,1368.33,0,19.9,2,1527.0,0,0.52,0
T10586567,2025-01-01 07:43:58,C178017,55,TN,M1900,Grocery,POS,7.21,1,5.2,3,89.9,0,1.04,0
T10036939,2025-01-01 07:44:33,C134780,62,RJ,M4881,Restaurant,POS,554.86,1,10.6,2,344.7,0,1.23,0
T10470694,2025-01-01 07:45:34,C158121,31,DL,M1514,Grocery,POS,2813.77,1,6.3,4,283.3,0,1.39,0
T10430597,2025-01-01 07:45:39,C136537,32,RJ,M4424,Fuel,Contactless,763.23,1,9.7,3,343.5,0,1.64,0
T10781090,2025-01-01 07:45:58,C165019,36,TN,M3800,Grocery,Online,164.1,0,125.0,3,225.9,0,1.01,0
T10764291,2025-01-01 07:46:02,C101112,37,MH,M4561,Utilities,Online,1337.78,0,107.6,4,358.0,0,0.89,0
T10047317,2025-01-01 07:46:59,C121238,47,MH,M2097,Grocery,POS,107.12,1,9.7,3,162.0,0,0.53,0
T10763994,2025-01-01 07:48:00,C126475,18,RJ,M5562,Fuel,ATM,5000.0,1,5.2,1,645.8,0,0.31,0
T10494863,2025-01-01 07:48:14,C173009,36,WB,M2013,Fuel,Contactless,2333.65,1,19.4,1,353.4,0,1.39,0
T10712063,2025-01-01 07:48:45,C100823,43,WB,M1145,Restaurant,Contactless,1167.38,1,15.0,3,1424.5,1,0.93,0
T10689662,2025-01-01 07:49:04,C109970,58,TG,M4250,Healthcare,Online,125.1,0,25.7,2,84.5,0,1.46,0
T10628683,2025-01-01 07:49:39,C109385,37,KL,M1906,Fuel,Online,253.47,0,40.2,3,589.6,0,1.04,0
T10071182,2025-01-01 07:50:15,C125797,43,WB,M3380,Entertainment,Online,1083.88,0,109.2,6,345.0,0,1.11,0
T10657010,2025-01-01 07:50:46,C166064,36,GJ,M2663,Utilities,POS,1321.9,1,10.5,2,885.4,0,0.9,0
T10342329,2025-01-01 07:50:54,C122808,52,GJ,M4323,Restaurant,POS,161.07,1,27.3,1,287.5,0,1.39,0
T10517136,2025-01-01 07:51:23,C150994,48,GJ,M4357,Entertainment,Online,223.31,0,4.0,2,1405.5,0,0.99,0
T10953687,2025-01-01 07:51:23,C182972,39,DL,M3661,Healthcare,POS,1820.18,1,24.9,2,916.9,0,0.49,0
T10763830,2025-01-01 07:51:38,C165643,57,MH,M3412,Healthcare,Contactless,2059.48,1,7.9,1,416.4,0,0.43,0
T10823698,2025-01-01 07:51:45,C115858,34,RJ,M5088,Entertainment,Contactless,306.79,1,9.9,1,301.4,0,1.6,0
T10402406,2025-01-01 07:52:46,C107193,18,KL,M3237,Electronics,POS,598.75,1,6.0,4,511.4,0,1.24,0
T10703230,2025-01-01 07:53:23,C136490,50,DL,M5607,Fuel,POS,92.85,1,9.0,2,1041.8,1,1.57,0
T10395375,2025-01-01 07:53:42,C161908,41,KA,M3616,Healthcare,POS,962.47,1,5.8,3,128.7,0,1.66,0
T10561498,2025-01-01 07:53:52,C150122,19,WB,M3361,Fuel,POS,783.48,1,17.9,4,395.1,0,1.0,0
T10344044,2025-01-01 07:53:55,C149179,21,UP,M3635,Healthcare,ATM,20000.0,1,12.0,2,101.1,0,0.73,0
T10032268,2025-01-01 07:54:09,C152795,36,KA,M4476,Entertainment,Online,2080.01,0,304.8,3,76.9,0,1.16,0
T10864582,2025-01-01 07:54:10,C144755,18,RJ,M4602,Healthcare,Online,655.24,0,87.6,5,178.7,0,0.98,0
T10398430,2025-01-01 07:54:51,C101562,36,DL,M5076,Grocery,POS,265.59,1,0.9,4,94.7,0,2.64,0
T10081095,2025-01-01 07:55:09,C159854,49,DL,M1044,Grocery,Online,4703.42,0,64.8,3,571.2,0,0.93,0
T10092935,2025-01-01 07:55:21,C181047,52,KL,M4084,Restaurant,Online,394.55,0,43.5,2,134.2,0,0.77,0
T10692521,2025-01-01 07:55:57,C140284,67,TG,M4576,Apparel,Online,424.45,0,22.1,5,683.2,0,3.07,0
T10984983,2025-01-01 07:56:38,C173647,31,TG,M5209,Online Services,POS,768.94,1,6.9,3,461.3,0,2.23,0
T10260222,2025-01-01 07:56:51,C160451,42,KL,M2194,Utilities,POS,564.52,1,23.8,3,361.7,0,0.73,0
T10937722,2025-01-01 07:56:52,C155764,28,UP,M2671,Grocery,Online,2227.71,0,56.2,4,255.7,0,1.57,0
T10606539,2025-01-01 07:57:10,C122138,35,KL,M3660,Restaurant,POS,455.14,1,4.7,4,7.7,0,0.95,0
T10072083,2025-01-01 07:58:06,C177886,51,DL,M1246,Healthcare,POS,134.87,1,6.7,1,438.6,0,0.49,0
T10322812,2025-01-01 07:59:02,C121218,25,KL,M1659,Utilities,Online,506.4,0,84.1,4,1484.3,0,1.68,0
T10038371,2025-01-01 07:59:20,C156710,18,TG,M3728,Grocery,POS,768.69,1,1.3,2,148.0,0,0.59,0
T10285888,2025-01-01 07:59:21,C151994,45,RJ,M5762,Fuel,Contactless,1613.84,1,11.9,1,138.4,0,1.54,0
T10070804,2025-01-01 07:59:50,C124371,24,RJ,M5862,Travel,Contactless,5767.15,1,5.4,4,62.1,0,0.88,0
T10595264,2025-01-01 08:00:07,C165293,46,RJ,M4587,Fuel,POS,192.62,1,5.6,5,435.8,0,0.66,0
T10351888,2025-01-01 08:00:50,C111446,22,GJ,M5962,Grocery,Contactless,167.94,1,4.3,3,25.3,0,1.3,0
T10128276,2025-01-01 08:01:34,C109710,63,MH,M2607,Restaurant,POS,372.51,1,0.8,3,693.4,0,0.93,0
T10372768,2025-01-01 08:02:14,C145030,52,TN,M2346,Grocery,Online,1607.02,0,11.0,2,17.1,0,0.7,0
T10942552,2025-01-01 08:02:40,C160221,52,DL,M2899,Utilities,Online,936.02,0,84.3,1,283.6,0,1.69,0
T10250905,2025-01-01 08:02:43,C133371,24,DL,M2125,Online Services,Contactless,310.73,1,4.7,4,135.6,0,1.16,0
T10637305,2025-01-01 08:02:45,C112311,24,WB,M5815,Travel,Online,5777.27,0,39.2,4,307.3,0,1.49,0
T10476845,2025-01-01 08:03:00,C181116,31,TN,M4826,Apparel,ATM,20000.0,1,4.1,4,46.7,0,1.84,0
T10997731,2025-01-01 08:03:15,C172587,37,GJ,M4856,Grocery,Contactless,212.24,1,28.3,2,428.5,0,1.16,0
T10595481,2025-01-01 08:03:15,C176545,34,WB,M5424,Restaurant,Contactless,147.55,1,2.2,1,179.8,0,0.67,0
T10029880,2025-01-01 08:03:39,C100332,45,DL,M3209,Grocery,ATM,5000.0,1,17.4,2,42.3,0,1.46,0
T10925453,2025-01-01 08:03:51,C178113,19,UP,M1646,Travel,POS,4192.83,1,10.4,2,445.5,0,0.65,0
T10420558,2025-01-01 08:03:52,C125047,18,TG,M4155,Grocery,POS,865.61,1,18.5,4,537.7,0,0.69,0
T10091067,2025-01-01 08:03:57,C162210,44,TN,M1679,Grocery,POS,585.73,1,1.7,7,687.4,0,0.96,0
T10513027,2025-01-01 08:04:38,C100283,38,UP,M1725,Fuel,Online,49.47,0,123.7,3,191.7,0,1.12,0
T10072792,2025-01-01 08:04:43,C104272,35,KL,M3309,Electronics,ATM,11000.0,1,15.0,4,354.2,0,1.24,0
T10530888,2025-01-01 08:04:48,C103412,48,TG,M4049,Online Services,Contactless,1234.11,1,8.6,3,2098.8,0,0.75,0
T10265167,2025-01-01 08:04:51,C174926,33,KL,M5518,Healthcare,POS,471.64,1,41.3,1,429.8,0,0.25,0
T10209318,2025-01-01 08:05:54,C105318,31,DL,M1907,Utilities,Contactless,202.23,1,1.2,2,388.7,0,0.7,0
T10726215,2025-01-01 08:05:57,C172313,24,MH,M3202,Apparel,Contactless,323.21,1,1.9,3,616.4,0,0.74,0
T10452535,2025-01-01 08:06:01,C100556,19,WB,M2225,Fuel,Contactless,474.02,1,2.3,6,348.0,0,1.03,0
T10943197,2025-01-01 08:06:04,C132536,67,TG,M3379,Grocery,POS,1580.76,1,5.7,2,917.4,0,0.75,0
T10858260,2025-01-01 08:06:32,C123325,61,KA,M2830,Fuel,POS,444.51,1,1.6,3,1425.1,0,1.0,0
T10877408,2025-01-01 08:07:06,C161736,50,TG,M2784,Healthcare,ATM,10000.0,1,4.0,2,290.1,0,1.92,0
T10020709,2025-01-01 08:07:42,C139302,53,TG,M4816,Entertainment,Contactless,416.07,1,3.3,3,489.4,0,1.73,0
T10382827,2025-01-01 08:08:59,C154754,25,TN,M1831,Apparel,Contactless,1052.81,1,14.7,2,113.3,0,1.41,0
T10707868,2025-01-01 08:09:31,C158262,26,WB,M4953,Gift Cards,POS,2744.52,1,2.7,2,540.1,0,0.84,0
T10067111,2025-01-01 08:09:33,C168956,50,KL,M3269,Gift Cards,ATM,1000.0,1,2.7,4,608.1,0,1.18,0
T10576188,2025-01-01 08:09:52,C162745,37,MH,M5249,Entertainment,Online,188.96,0,89.2,4,588.4,0,0.27,0
T10722112,2025-01-01 08:10:05,C154664,42,GJ,M5931,Apparel,Contactless,412.7,1,7.5,5,1864.3,0,0.88,0
T10977287,2025-01-01 08:10:18,C132006,45,TG,M4192,Entertainment,POS,226.57,1,5.0,2,2191.2,0,0.77,0
T10107114,2025-01-01 08:10:38,C165578,69,KL,M4214,Grocery,ATM,10000.0,1,15.6,1,208.0,0,0.44,0
T10419395,2025-01-01 08:12:19,C137881,54,GJ,M5099,Apparel,Contactless,828.32,1,6.7,2,270.0,0,0.7,0
T10505253,2025-01-01 08:12:30,C121667,23,TG,M5257,Online Services,POS,90.09,1,7.2,2,48.1,0,0.63,0
T10773839,2025-01-01 08:12:47,C125499,52,MH,M4604,Jewelry,POS,4662.06,1,2.3,2,697.9,0,0.47,0
T10508388,2025-01-01 08:12:53,C102324,42,KA,M2449,Entertainment,Contactless,421.08,1,11.5,1,60.5,0,0.94,0
T10160766,2025-01-01 08:13:05,C160745,36,WB,M3570,Restaurant,ATM,10000.0,1,1.4,1,398.3,0,0.41,0
T10970848,2025-01-01 08:13:06,C152807,60,TG,M5884,Restaurant,Online,5415.1,0,29.0,2,90.9,0,1.18,0
T10202449,2025-01-01 08:13:14,C100019,34,UP,M5690,Fuel,Online,4077.04,0,53.9,3,437.4,0,2.46,0
T10118034,2025-01-01 08:13:30,C114760,46,DL,M4293,Utilities,Online,922.27,0,101.0,1,126.6,0,1.94,0
T10223766,2025-01-01 08:13:50,C111286,27,RJ,M2874,Entertainment,POS,2379.29,1,16.4,2,193.3,0,0.68,0
T10712230,2025-01-01 08:14:09,C107728,25,DL,M3992,Fuel,Online,74.23,0,8.2,4,128.5,0,0.89,0
T10795054,2025-01-01 08:14:35,C168687,36,KL,M3198,Apparel,Contactless,800.46,1,0.8,2,199.2,0,1.39,0
T10448874,2025-01-01 08:14:59,C156797,60,RJ,M1269,Restaurant,POS,180.93,1,9.8,4,673.1,0,0.97,0
T10755660,2025-01-01 08:15:26,C159041,62,KA,M5244,Restaurant,Online,1949.77,0,4.6,2,280.5,0,1.23,0
T10074908,2025-01-01 08:15:50,C166642,37,TG,M1511,Grocery,POS,776.25,1,19.6,1,104.8,0,0.47,0
T10652077,2025-01-01 08:15:52,C120687,39,KL,M5561,Healthcare,POS,139.16,1,15.6,5,1307.5,0,0.56,0
T10750255,2025-01-01 08:16:13,C135186,21,MH,M2352,Utilities,Online,242.6,0,22.9,2,206.5,0,0.77,0
T10256568,2025-01-01 08:16:25,C168453,40,KL,M5152,Fuel,POS,528.16,1,6.2,2,212.8,0,1.06,0
T10749392,2025-01-01 08:17:06,C122730,47,WB,M5839,Healthcare,Contactless,667.59,1,6.8,3,272.7,0,2.5,0
T10845885,2025-01-01 08:17:09,C121377,34,UP,M1123,Travel,POS,392.92,1,23.0,2,438.4,0,0.83,0
T10687980,2025-01-01 08:17:28,C124853,43,KL,M1934,Fuel,POS,3734.45,1,12.9,2,1659.5,0,0.92,0
T10407603,2025-01-01 08:17:46,C126219,25,WB,M3749,Restaurant,Contactless,1215.05,1,5.1,1,585.5,0,1.22,0
T10066603,2025-01-01 08:17:50,C140367,35,KA,M2463,Grocery,Online,1820.15,0,7.0,4,757.3,0,0.79,0
T10732823,2025-01-01 08:18:01,C122983,29,MH,M2912,Grocery,POS,630.92,1,10.9,6,159.0,0,1.24,0
T10273844,2025-01-01 08:19:13,C145020,29,KL,M2204,Online Services,Contactless,575.85,1,6.2,3,585.6,0,1.41,0
T10111086,2025-01-01 08:20:14,C115413,49,DL,M2054,Fuel,POS,2119.44,1,16.3,1,1095.5,0,3.79,0
T10269915,2025-01-01 08:20:15,C122768,38,GJ,M1177,Restaurant,Online,294.85,0,58.1,3,99.1,0,1.24,0
T10022100,2025-01-01 08:20:32,C155914,27,GJ,M1136,Fuel,Contactless,2456.23,1,7.4,4,256.1,0,1.39,0
T10090090,2025-01-01 08:21:17,C178052,49,MH,M5602,Travel,POS,1432.16,1,0.8,6,166.1,0,0.41,0
T10196752,2025-01-01 08:21:40,C116162,62,KL,M1138,Entertainment,POS,2791.93,1,0.9,1,2114.9,0,2.05,0
T10938554,2025-01-01 08:23:16,C100416,30,TN,M3543,Online Services,Online,1975.71,0,25.5,2,3458.3,0,0.96,0
T10757820,2025-01-01 08:24:18,C102877,53,RJ,M3355,Fuel,POS,1558.17,1,1.5,2,1139.6,0,2.01,0
T10691532,2025-01-01 08:24:28,C170158,25,RJ,M5933,Restaurant,POS,926.29,1,7.6,2,962.4,0,0.93,0
T10847457,2025-01-01 08:24:35,C132056,31,WB,M3353,Online Services,POS,1927.37,1,7.5,3,158.8,0,0.71,0
T10009103,2025-01-01 08:24:39,C156939,39,TN,M1627,Fuel,ATM,10000.0,1,8.5,3,1061.3,0,0.83,0
T10230824,2025-01-01 08:25:02,C141612,30,GJ,M4963,Travel,Online,4368.5,0,125.1,2,1049.4,0,0.97,0
T10986167,2025-01-01 08:25:09,C168851,53,DL,M5906,Fuel,Contactless,233.14,1,6.6,1,372.7,0,0.83,0
T10437717,2025-01-01 08:25:15,C176462,45,GJ,M2123,Grocery,POS,268.67,1,8.8,2,221.0,0,1.63,0
T10372051,2025-01-01 08:26:49,C100523,45,GJ,M1828,Entertainment,Online,641.08,0,115.9,3,388.6,0,1.31,0
T10783929,2025-01-01 08:27:15,C151999,60,GJ,M4445,Restaurant,Online,114.36,0,21.9,3,62.0,0,1.48,0
T10141829,2025-01-01 08:27:28,C152024,58,TG,M5591,Fuel,Online,1720.26,0,18.1,3,25.6,0,0.96,0
T10454792,2025-01-01 08:27:30,C163315,47,WB,M4572,Entertainment,POS,536.38,1,2.7,4,368.2,0,1.36,0
T10029876,2025-01-01 08:27:59,C162797,37,RJ,M5766,Restaurant,POS,1323.6,1,22.8,2,235.3,0,0.57,0
T10084706,2025-01-01 08:28:01,C124464,30,KA,M2187,Restaurant,Contactless,815.44,1,20.8,4,372.4,0,0.9,0
T10338612,2025-01-01 08:28:17,C143760,53,TN,M2773,Grocery,Contactless,1077.47,1,8.2,3,518.4,0,0.91,0
T10755247,2025-01-01 08:28:52,C125243,28,WB,M3396,Fuel,Online,1603.24,0,91.6,3,252.9,0,1.3,0
T10239961,2025-01-01 08:29:08,C109666,54,DL,M3537,Grocery,Online,1176.28,0,63.3,2,1919.9,0,0.55,0
T10962985,2025-01-01 08:29:45,C174843,58,TN,M1784,Fuel,ATM,2000.0,1,4.4,1,2224.7,0,1.77,0
T10856478,2025-01-01 08:30:19,C163226,44,KA,M4792,Electronics,POS,2083.84,1,1.1,3,483.2,0,2.85,0
T10710135,2025-01-01 08:30:36,C139276,33,KL,M3460,Travel,POS,339.09,1,2.9,2,294.6,0,2.75,0
T10870925,2025-01-01 08:31:35,C146277,48,DL,M4642,Restaurant,Contactless,285.57,1,15.6,3,691.8,0,0.67,0
T10671559,2025-01-01 08:31:42,C155285,49,UP,M3776,Online Services,POS,495.44,1,12.5,3,747.0,0,0.66,0
T10472170,2025-01-01 08:31:49,C137382,53,TN,M3510,Apparel,POS,994.29,1,14.8,2,292.7,0,0.95,0
T10854218,2025-01-01 08:32:58,C136009,40,WB,M4520,Fuel,POS,878.67,1,5.5,2,68.5,0,0.88,0
T10786076,2025-01-01 08:33:39,C159785,56,UP,M2087,Entertainment,POS,674.45,1,10.3,3,896.2,0,0.43,0
T10791425,2025-01-01 08:34:10,C141294,41,KA,M1794,Grocery,ATM,20000.0,1,12.4,1,19.6,0,1.23,0
T10680444,2025-01-01 08:34:20,C131487,51,RJ,M5150,Fuel,Online,2407.41,0,135.2,4,618.9,0,0.84,0
T10990582,2025-01-01 08:35:34,C120284,36,TG,M5354,Grocery,Contactless,60.74,1,2.6,3,199.0,0,0.49,0
T10254823,2025-01-01 08:36:36,C110896,38,KL,M3120,Fuel,POS,3078.51,1,11.6,4,613.2,0,2.33,0
T10038079,2025-01-01 08:37:32,C164229,30,TG,M1885,Apparel,Contactless,875.25,1,2.5,2,2330.4,0,1.27,0
T10211901,2025-01-01 08:37:54,C156577,28,WB,M3548,Jewelry,Online,637.93,0,70.0,3,833.2,0,1.0,0
T10029553,2025-01-01 08:38:54,C163863,45,RJ,M3634,Online Services,ATM,10000.0,1,19.3,3,156.4,0,0.72,0
T10952512,2025-01-01 08:39:04,C142114,37,TN,M1314,Fuel,POS,200.95,1,3.7,3,13.9,0,0.97,0
T10781128,2025-01-01 08:39:33,C124087,27,TN,M3727,Grocery,Online,781.11,0,45.0,4,392.8,0,0.27,0
T10258387,2025-01-01 08:39:38,C136544,44,WB,M2229,Restaurant,Online,1166.99,0,34.8,4,67.5,0,0.42,0
T10573906,2025-01-01 08:40:08,C117097,35,DL,M1953,Apparel,POS,1041.59,1,4.5,2,331.5,0,1.21,0
T10818500,2025-01-01 08:40:30,C149101,29,RJ,M2975,Restaurant,Online,3298.3,0,58.3,6,436.1,0,0.49,0
T10404190,2025-01-01 08:41:17,C168831,45,UP,M2229,Grocery,POS,1278.95,1,6.9,1,865.2,0,1.38,0
T10281265,2025-01-01 08:41:19,C108469,49,MH,M1887,Entertainment,Online,674.21,0,29.1,4,1035.8,0,0.68,0
T10137660,2025-01-01 08:41:26,C152862,38,RJ,M1198,Restaurant,POS,556.43,1,16.7,5,1065.3,0,1.27,0
T10366220,2025-01-01 08:41:30,C100851,33,UP,M4252,Utilities,POS,535.29,1,2.9,3,699.9,1,0.73,0
T10480761,2025-01-01 08:41:51,C108531,30,DL,M1929,Gift Cards,ATM,2000.0,1,3.0,2,276.1,0,1.19,0
T10157972,2025-01-01 08:42:24,C102992,51,DL,M2640,Grocery,POS,5771.37,1,14.9,4,423.4,0,0.63,0
T10665263,2025-01-01 08:42:46,C159049,48,WB,M1096,Fuel,POS,6002.31,1,0.3,4,169.6,0,1.0,0
T10509016,2025-01-01 08:43:36,C114566,29,DL,M3019,Healthcare,POS,1002.63,1,24.1,3,386.4,0,0.9,0
T10788682,2025-01-01 08:43:36,C177725,45,MH,M5380,Restaurant,POS,255.52,1,10.6,1,14.6,0,1.08,0
T10515806,2025-01-01 08:44:17,C173116,45,TG,M4745,Online Services,POS,2634.5,1,13.8,4,283.7,0,0.87,0
T10245894,2025-01-01 08:44:35,C124817,35,DL,M5064,Grocery,Online,302.79,0,32.2,1,1523.3,0,1.13,0
T10522649,2025-01-01 08:45:13,C108422,52,UP,M1063,Apparel,Online,2462.05,0,66.9,3,505.2,0,0.43,0
T10166719,2025-01-01 08:45:13,C104753,18,UP,M1281,Grocery,POS,284.1,1,11.8,2,143.8,0,1.45,0
T10797855,2025-01-01 08:45:17,C110333,21,KA,M2739,Electronics,Online,2133.36,0,37.9,3,212.0,0,1.38,0
T10470544,2025-01-01 08:45:18,C112793,42,MH,M4978,Electronics,Online,1120.9,0,10.0,3,271.3,0,1.37,0
T10448609,2025-01-01 08:46:13,C108473,44,MH,M4672,Fuel,Contactless,127.69,1,13.1,2,423.6,0,0.51,0
T10211128,2025-01-01 08:46:40,C129088,34,KA,M5125,Apparel,ATM,2000.0,1,6.4,4,215.4,0,0.82,0
T10822200,2025-01-01 08:46:55,C169662,32,KL,M2110,Restaurant,Contactless,1710.75,1,13.7,4,84.6,0,0.85,0
T10084314,2025-01-01 08:47:32,C169881,41,UP,M5721,Restaurant,POS,591.96,1,2.3,1,125.0,0,3.33,0
T10941360,2025-01-01 08:48:07,C115237,43,WB,M3252,Restaurant,Online,122.14,0,22.6,2,1732.4,0,0.58,0
T10860041,2025-01-01 08:48:22,C168996,55,UP,M1871,Entertainment,Online,1008.76,0,88.6,3,46.4,0,1.31,0
T10459958,2025-01-01 08:48:35,C113011,45,MH,M5623,Gift Cards,POS,303.73,1,8.3,4,1202.4,0,1.01,0
T10377347,2025-01-01 08:48:39,C131097,51,UP,M5413,Restaurant,Contactless,835.94,1,5.8,2,557.3,0,1.37,0
T10754680,2025-01-01 08:48:58,C112127,47,GJ,M5212,Grocery,ATM,5000.0,1,9.6,1,752.5,0,0.46,0
T10678369,2025-01-01 08:49:01,C118700,36,TN,M4260,Restaurant,Online,2226.38,0,20.0,1,313.2,0,1.54,0
T10271789,2025-01-01 08:49:15,C142834,39,TG,M2761,Entertainment,Online,589.1,0,176.2,3,625.8,0,0.66,0
T10432047,2025-01-01 08:49:22,C144954,31,TN,M1019,Grocery,POS,2361.55,1,2.1,3,488.1,0,1.03,0
T10943373,2025-01-01 08:50:09,C145586,39,KL,M2737,Utilities,ATM,2000.0,1,4.9,5,517.7,0,1.1,0
T10367517,2025-01-01 08:50:54,C147872,58,GJ,M3359,Entertainment,POS,251.48,1,2.9,2,833.6,0,1.04,0
T10865845,2025-01-01 08:51:08,C144671,53,DL,M1270,Healthcare,POS,217.64,1,2.4,4,1370.0,0,2.56,0
T10822317,2025-01-01 08:51:31,C100917,38,GJ,M3159,Utilities,ATM,20000.0,1,0.3,3,658.5,0,1.45,0
T10462128,2025-01-01 08:51:54,C150534,19,WB,M3390,Utilities,Contactless,1691.8,1,6.1,6,507.4,0,3.3,0
T10347382,2025-01-01 08:51:56,C174734,34,WB,M1777,Grocery,ATM,10000.0,1,6.7,2,62.2,0,0.58,0
T10874955,2025-01-01 08:52:21,C173365,54,KL,M1361,Restaurant,Online,1313.61,0,25.7,3,284.9,0,2.2,0
T10536853,2025-01-01 08:52:26,C157430,39,UP,M5108,Grocery,POS,1905.3,1,1.8,2,458.0,0,1.25,0
T10565357,2025-01-01 08:53:18,C143758,42,KA,M4360,Fuel,Online,943.03,0,59.2,4,135.5,0,2.98,0
T10124572,2025-01-01 08:53:24,C166052,36,DL,M3189,Entertainment,Contactless,1059.75,1,5.2,5,555.2,0,0.8,0
T10846452,2025-01-01 08:53:44,C135013,61,KA,M4726,Restaurant,POS,801.59,1,5.7,3,159.6,0,0.93,0
T10345601,2025-01-01 08:54:45,C133820,31,TN,M2876,Gift Cards,Online,263.92,0,74.5,2,228.6,0,0.92,0
T10460301,2025-01-01 08:55:04,C146236,60,KA,M3692,Grocery,Online,715.66,0,37.2,2,452.7,0,1.86,0
T10404200,2025-01-01 08:55:34,C179222,29,TG,M4999,Restaurant,POS,1422.75,1,11.1,2,530.2,0,0.3,0
T10424381,2025-01-01 08:57:07,C176201,18,KL,M1992,Travel,Online,1467.91,0,90.7,2,472.1,0,1.27,0
T10771698,2025-01-01 08:57:37,C128971,37,WB,M5653,Grocery,POS,670.62,1,10.4,2,707.0,0,0.36,0
T10724464,2025-01-01 08:58:04,C164390,26,TG,M3107,Fuel,POS,387.18,1,1.4,4,1391.8,0,1.83,0
T10849879,2025-01-01 08:59:18,C130092,18,WB,M2613,Apparel,Contactless,971.61,1,18.1,3,413.7,0,1.39,0
T10286620,2025-01-01 08:59:26,C169638,43,WB,M5696,Restaurant,Online,933.2,0,4.7,4,1879.2,0,1.67,0
T10507428,2025-01-01 08:59:28,C116945,60,RJ,M4341,Jewelry,Online,1574.89,0,73.0,2,469.9,0,0.14,0
T10183169,2025-01-01 08:59:28,C158701,24,KL,M2230,Fuel,Contactless,4135.75,1,4.4,1,174.5,0,1.65,0
T10941367,2025-01-01 09:00:02,C132244,25,WB,M4530,Entertainment,POS,2053.26,1,2.5,5,1376.6,0,0.46,0
T10467591,2025-01-01 09:00:04,C117819,27,TN,M2182,Restaurant,Contactless,1111.19,1,18.1,4,447.2,0,0.63,0
T10742366,2025-01-01 09:00:14,C143096,55,GJ,M5943,Apparel,Online,253.75,0,38.8,3,461.4,0,0.97,0
T10961743,2025-01-01 09:00:37,C169839,49,RJ,M2359,Restaurant,Online,599.0,0,73.1,1,3.9,0,0.73,0
T10656143,2025-01-01 09:01:06,C108531,46,KL,M1572,Restaurant,Online,1411.27,0,62.1,3,1734.5,0,1.5,0
T10256091,2025-01-01 09:01:37,C121704,38,UP,M4786,Gift Cards,Online,88.73,0,111.2,2,1331.6,0,1.41,0
T10957453,2025-01-01 09:02:02,C105982,30,WB,M4932,Grocery,POS,512.36,1,8.1,2,1213.9,0,0.59,0
T10825083,2025-01-01 09:02:24,C172957,30,UP,M3872,Grocery,POS,3764.34,1,4.0,1,4.8,0,1.65,0
T10025219,2025-01-01 09:02:30,C170668,47,MH,M4732,Electronics,POS,1414.27,1,5.2,3,735.8,0,5.1,0
T10099261,2025-01-01 09:03:44,C158777,31,GJ,M4852,Electronics,Contactless,5325.19,1,1.3,4,29.7,0,2.39,0
T10666242,2025-01-01 09:04:18,C124308,58,MH,M2337,Restaurant,POS,289.71,1,14.1,1,43.5,0,1.91,0
T10621369,2025-01-01 09:04:21,C158819,47,TG,M5149,Restaurant,Online,533.36,0,25.3,4,518.3,1,0.75,0
T10396282,2025-01-01 09:04:22,C157700,49,TG,M2349,Grocery,ATM,1000.0,1,14.3,2,131.9,0,0.49,0
T10479577,2025-01-01 09:04:29,C134106,43,GJ,M4720,Entertainment,Online,1904.18,0,115.4,7,1694.5,0,1.0,0
T10571771,2025-01-01 09:04:59,C137188,25,DL,M4014,Grocery,POS,7835.78,1,2.4,2,290.6,0,1.6,0
T10405248,2025-01-01 09:05:15,C132070,46,UP,M5809,Grocery,POS,1210.89,1,10.6,2,1869.1,0,1.22,0
T10992579,2025-01-01 09:05:24,C155122,48,TG,M3421,Travel,ATM,11000.0,1,9.9,5,118.1,0,0.39,0
T10563723,2025-01-01 09:05:40,C173703,52,GJ,M5670,Grocery,Contactless,752.12,1,23.4,3,243.5,0,1.0,0
T10251129,2025-01-01 09:06:01,C120675,41,KA,M1729,Travel,POS,4949.47,1,8.8,5,348.6,0,0.99,0
T10385454,2025-01-01 09:06:22,C179220,20,DL,M4805,Restaurant,Online,365.67,0,91.4,1,416.3,0,0.56,0
T10036695,2025-01-01 09:06:41,C161268,49,TN,M2149,Grocery,Contactless,6316.59,1,4.4,4,786.3,0,0.81,0
T10177072,2025-01-01 09:07:22,C159853,42,TG,M5504,Restaurant,POS,1900.25,1,2.1,1,66.5,0,2.0,0
T10841516,2025-01-01 09:07:22,C174955,24,WB,M2692,Restaurant,POS,728.61,1,10.5,1,835.6,0,0.81,0
T10340215,2025-01-01 09:07:36,C162339,32,UP,M2429,Travel,Contactless,342.56,1,4.7,6,8.7,0,0.27,0
T10758738,2025-01-01 09:08:01,C131092,40,KA,M3192,Apparel,Online,792.53,0,88.4,1,982.7,0,1.73,0
T10290686,2025-01-01 09:08:13,C111190,39,DL,M5966,Jewelry,POS,849.77,1,12.8,3,59.2,0,0.91,0
T10546099,2025-01-01 09:10:02,C112380,37,GJ,M5374,Grocery,POS,82.76,1,8.0,2,843.7,0,0.63,0
T10199414,2025-01-01 09:10:16,C144964,40,GJ,M3553,Grocery,Online,490.12,0,64.1,3,687.7,0,0.73,0
T10376749,2025-01-01 09:11:36,C129637,57,GJ,M3970,Apparel,ATM,10000.0,1,22.5,3,233.7,0,1.08,0
T10566837,2025-01-01 09:11:40,C152786,18,KL,M2233,Restaurant,POS,1636.86,1,5.3,4,160.6,0,0.45,0
T10426694,2025-01-01 09:12:07,C135127,32,TG,M4319,Utilities,POS,258.33,1,3.8,3,1447.9,0,1.04,0
T10754972,2025-01-01 09:12:16,C133795,57,RJ,M3943,Travel,Contactless,596.62,1,4.1,1,648.1,0,0.95,0
T10751526,2025-01-01 09:12:16,C167781,30,KL,M4663,Fuel,Online,724.65,0,29.8,3,211.0,0,0.7,0
T10571116,2025-01-01 09:12:48,C119198,40,DL,M1686,Grocery,ATM,20000.0,1,16.0,4,197.3,0,1.16,0
T10790682,2025-01-01 09:12:50,C157412,39,UP,M4836,Restaurant,Online,682.52,0,15.3,2,331.8,0,1.04,0
T10567191,2025-01-01 09:13:10,C173642,44,GJ,M4791,Restaurant,POS,4448.15,1,2.9,3,3838.5,0,1.29,0
T10389988,2025-01-01 09:13:12,C105388,79,TN,M4052,Restaurant,POS,1779.58,1,23.0,4,19.8,0,1.11,0
T10773780,2025-01-01 09:13:27,C100298,54,TG,M3867,Electronics,Online,6860.39,0,74.4,1,30.0,0,0.61,0
T10324766,2025-01-01 09:13:28,C127304,31,KL,M3325,Restaurant,POS,497.11,1,5.3,2,753.6,0,0.92,0
T10770509,2025-01-01 09:13:43,C118053,54,KL,M1930,Restaurant,POS,697.01,1,21.8,3,75.0,0,1.92,0
T10265854,2025-01-01 09:14:27,C157620,29,RJ,M5731,Electronics,Contactless,1407.85,1,28.1,2,1296.1,0,1.11,0
T10254656,2025-01-01 09:14:34,C164148,48,TN,M1112,Restaurant,POS,1017.12,1,22.5,4,1123.7,0,1.68,0
T10633855,2025-01-01 09:14:50,C175930,46,KA,M3158,Travel,Contactless,3905.9,1,13.3,2,1182.3,0,0.92,0
T10992192,2025-01-01 09:15:22,C118779,41,DL,M5154,Utilities,Online,111.64,0,16.5,2,41.8,0,0.51,0
T10384372,2025-01-01 09:15:33,C148811,69,GJ,M1764,Apparel,ATM,10000.0,1,18.0,1,285.7,0,0.9,0
T10641295,2025-01-01 09:15:39,C109791,28,WB,M3693,Grocery,ATM,2000.0,1,1.7,4,296.5,0,0.99,0
T10750701,2025-01-01 09:15:58,C119109,34,UP,M4976,Online Services,Contactless,2092.39,1,1.0,2,352.0,0,0.86,0
T10978654,2025-01-01 09:17:48,C108149,49,TG,M3798,Travel,POS,16473.25,1,5.1,3,239.0,0,1.57,0
T10783714,2025-01-01 09:18:55,C156826,47,GJ,M1584,Restaurant,ATM,20000.0,1,35.8,4,280.8,0,0.71,0
T10796964,2025-01-01 09:19:01,C123096,56,RJ,M1212,Entertainment,Contactless,3332.16,1,9.9,3,236.2,0,0.92,0
T10625706,2025-01-01 09:19:33,C102815,56,KA,M4333,Grocery,POS,3152.41,1,2.7,1,1627.3,0,0.31,0
T10664160,2025-01-01 09:19:36,C136161,39,DL,M2878,Travel,POS,354.77,1,3.8,3,1147.9,0,0.73,0
T10389825,2025-01-01 09:20:38,C166535,41,GJ,M2774,Online Services,POS,345.61,1,3.8,4,98.2,0,0.8,0
T10411409,2025-01-01 09:21:23,C106423,38,WB,M4475,Fuel,Online,3133.68,0,34.1,5,492.7,0,0.67,0
T10944276,2025-01-01 09:21:30,C126404,35,TN,M3975,Fuel,Contactless,633.29,1,5.0,2,29.7,0,0.41,0
T10173976,2025-01-01 09:21:32,C110820,38,GJ,M1005,Grocery,POS,725.59,1,4.4,3,162.7,0,0.41,0
T10903023,2025-01-01 09:21:55,C179187,20,TN,M3127,Jewelry,POS,1354.83,1,7.8,2,56.2,0,0.92,0
T10957078,2025-01-01 09:22:04,C135166,46,UP,M4105,Fuel,Online,352.79,0,22.5,5,247.9,0,0.13,0
T10622971,2025-01-01 09:22:45,C111891,32,WB,M2082,Fuel,POS,236.77,1,12.6,2,335.2,0,0.82,0
T10240558,2025-01-01 09:23:19,C163603,61,TN,M3255,Online Services,POS,336.96,1,1.1,3,1307.3,0,0.59,0
T10320107,2025-01-01 09:23:36,C182469,40,DL,M5413,Utilities,Online,296.22,0,108.1,2,125.8,0,2.86,0
T10008482,2025-01-01 09:23:43,C181831,31,TG,M2417,Entertainment,POS,1160.11,1,6.8,4,1798.4,0,2.07,0
T10656546,2025-01-01 09:25:04,C104159,29,WB,M2851,Restaurant,Contactless,1166.27,1,10.7,2,223.2,0,1.95,0
T10152498,2025-01-01 09:25:07,C181897,67,GJ,M1603,Grocery,Online,2453.19,0,112.5,1,72.8,0,0.97,0
T10047145,2025-01-01 09:25:21,C172163,35,DL,M4570,Restaurant,POS,795.26,1,6.0,3,149.1,0,2.63,0
T10459415,2025-01-01 09:25:22,C182046,40,TG,M4907,Travel,Contactless,514.4,1,5.1,3,304.1,0,1.04,0
T10354181,2025-01-01 09:25:32,C169589,55,KA,M1611,Fuel,ATM,2000.0,1,4.5,1,262.9,0,0.36,0
T10490747,2025-01-01 09:25:49,C102116,60,TG,M1117,Healthcare,POS,874.01,1,6.6,3,20.2,0,0.85,0
T10536625,2025-01-01 09:25:49,C154804,24,UP,M5527,Utilities,ATM,5000.0,1,1.0,3,593.9,0,1.11,0
T10668103,2025-01-01 09:25:51,C111621,35,RJ,M3103,Grocery,POS,197.8,1,13.7,2,2150.6,1,0.44,0
T10909193,2025-01-01 09:26:01,C116026,51,TG,M5163,Restaurant,Online,114.55,0,83.8,3,620.8,0,0.8,0
T10317274,2025-01-01 09:26:13,C179287,38,GJ,M2013,Restaurant,Online,3327.58,0,15.0,3,505.3,1,0.61,0
T10457462,2025-01-01 09:26:38,C137377,40,TG,M2367,Travel,Online,462.75,0,118.3,3,249.7,0,1.06,0
T10560066,2025-01-01 09:27:15,C120095,37,RJ,M5970,Healthcare,Online,399.23,0,12.0,2,1195.2,0,1.32,0
T10386092,2025-01-01 09:27:22,C165138,44,DL,M3710,Utilities,POS,970.06,1,5.8,3,413.5,0,0.6,0
T10526610,2025-01-01 09:28:09,C127079,70,TN,M1308,Healthcare,POS,402.13,1,6.3,1,416.4,0,0.74,0
T10451699,2025-01-01 09:28:19,C124994,33,DL,M1048,Apparel,Contactless,722.43,1,15.1,8,591.2,0,1.04,0
T10528750,2025-01-01 09:29:05,C130794,38,TG,M1657,Restaurant,Online,3922.08,0,24.2,3,179.4,0,3.34,0
T10977915,2025-01-01 09:29:21,C156496,48,MH,M4659,Restaurant,Contactless,631.55,1,8.1,3,1118.6,0,1.02,0
T10349423,2025-01-01 09:29:50,C151306,26,WB,M5745,Entertainment,Online,516.4,0,33.6,4,545.7,0,0.7,0
T10795303,2025-01-01 09:30:01,C130444,46,RJ,M5138,Electronics,Contactless,2983.0,1,5.3,1,362.6,0,0.58,0
T10656520,2025-01-01 09:30:06,C134008,47,KA,M4351,Online Services,Online,352.93,0,137.6,4,1299.2,0,0.81,0
T10652773,2025-01-01 09:31:22,C110481,64,TN,M1993,Online Services,Contactless,2412.76,1,4.5,3,2229.6,0,2.38,0
T10598486,2025-01-01 09:31:42,C133973,71,UP,M5607,Grocery,POS,1697.1,1,14.7,5,1293.1,0,0.75,0
T10491456,2025-01-01 09:32:16,C131813,60,UP,M2239,Utilities,Contactless,220.75,1,3.9,2,1094.8,0,0.95,0
T10996831,2025-01-01 09:33:13,C166614,21,KA,M1506,Restaurant,Online,1355.93,0,56.0,4,714.7,1,1.09,0
T10519310,2025-01-01 09:34:22,C124465,37,MH,M2127,Apparel,POS,3427.23,1,5.9,2,75.1,0,0.69,0
T10352858,2025-01-01 09:36:09,C150239,66,TN,M4266,Travel,Contactless,733.48,1,8.3,6,105.2,0,0.94,0
T10126106,2025-01-01 09:37:04,C161969,31,TN,M2832,Healthcare,Contactless,262.97,1,4.2,3,349.1,0,1.03,0
T10778903,2025-01-01 09:37:06,C176089,48,MH,M4474,Restaurant,Contactless,179.08,1,4.1,3,210.1,0,1.2,0
T10352930,2025-01-01 09:37:32,C157883,50,WB,M3448,Apparel,Online,1376.56,0,25.3,2,93.5,0,0.99,0
T10047107,2025-01-01 09:37:35,C101515,47,KA,M2508,Grocery,POS,213.28,1,13.0,2,666.8,0,0.51,0
T10326899,2025-01-01 09:37:59,C127537,18,MH,M5222,Travel,Online,555.85,0,168.5,3,640.1,0,0.78,0
T10221655,2025-01-01 09:38:06,C112069,44,WB,M2864,Online Services,Online,10976.78,0,39.3,4,226.0,0,0.69,0
T10551297,2025-01-01 09:38:33,C182786,55,KL,M3450,Grocery,POS,1303.12,1,16.2,1,1120.4,0,0.97,0
T10232950,2025-01-01 09:39:16,C141288,46,TG,M2694,Grocery,Online,674.92,0,52.7,3,495.6,0,2.56,0
T10813280,2025-01-01 09:39:36,C167396,39,GJ,M5393,Utilities,POS,998.28,1,5.1,4,486.8,0,1.98,0
T10414364,2025-01-01 09:39:39,C141309,44,GJ,M2692,Gift Cards,POS,541.97,1,3.7,1,880.1,0,1.82,0
T10102232,2025-01-01 09:40:53,C135364,49,GJ,M3602,Online Services,POS,1147.94,1,12.2,1,3048.4,0,0.87,0
T10238705,2025-01-01 09:41:24,C175623,38,TG,M4317,Electronics,POS,2699.58,1,7.4,2,409.3,0,1.38,0
T10722593,2025-01-01 09:41:36,C147798,43,GJ,M2156,Apparel,POS,4230.39,1,0.9,2,958.6,0,2.04,0
T10717231,2025-01-01 09:42:30,C143763,31,KL,M5283,Restaurant,Contactless,593.96,1,11.4,1,303.8,0,0.96,0
T10869961,2025-01-01 09:42:30,C125486,39,GJ,M3095,Healthcare,POS,1096.21,1,2.7,3,258.4,0,1.81,0
T10138321,2025-01-01 09:43:58,C147984,51,UP,M4987,Restaurant,Online,413.84,0,22.0,4,119.5,0,2.09,0
T10186579,2025-01-01 09:44:07,C138359,40,MH,M1561,Electronics,Online,5985.85,0,61.1,2,94.8,0,1.33,0
T10392585,2025-01-01 09:45:35,C132279,30,UP,M5938,Entertainment,ATM,1000.0,1,12.8,2,914.5,0,0.94,0
T10282615,2025-01-01 09:46:14,C158168,47,GJ,M4482,Grocery,Contactless,1205.51,1,7.9,2,275.2,0,1.04,0
T10411548,2025-01-01 09:46:14,C143969,64,TN,M2345,Apparel,POS,982.32,1,4.6,2,47.3,0,1.09,0
T10774068,2025-01-01 09:46:40,C111099,77,UP,M5774,Travel,Online,476.94,0,55.3,2,278.6,0,0.62,0
T10617159,2025-01-01 09:47:44,C143000,31,MH,M3439,Fuel,Online,509.23,0,47.5,2,1869.2,0,1.22,0
T10305546,2025-01-01 09:48:35,C119240,49,TG,M4473,Grocery,Online,116.22,0,42.9,2,140.6,0,0.58,0
T10176996,2025-01-01 09:48:43,C164307,57,MH,M2657,Online Services,Contactless,2258.01,1,32.1,3,1085.3,0,1.16,0
T10300167,2025-01-01 09:48:53,C158599,32,TN,M1473,Apparel,POS,212.82,1,15.4,1,686.3,0,1.13,0
T10951760,2025-01-01 09:48:53,C169202,58,WB,M5017,Apparel,POS,8335.81,1,11.4,3,313.0,0,1.62,0
T10948716,2025-01-01 09:48:58,C118234,43,TN,M5032,Fuel,Online,68.8,0,100.7,3,517.8,0,0.34,0
T10470513,2025-01-01 09:49:06,C105873,20,UP,M2450,Grocery,POS,115.76,1,17.8,5,39.1,0,0.86,0
T10127044,2025-01-01 09:49:14,C113672,45,KA,M4597,Entertainment,POS,1841.89,1,1.4,3,280.0,0,1.17,0
T10380858,2025-01-01 09:49:28,C160323,58,TG,M4002,Restaurant,POS,633.35,1,6.0,8,94.3,0,2.18,0
T10805410,2025-01-01 09:49:59,C102272,33,DL,M5823,Restaurant,POS,92.18,1,3.5,1,336.1,0,1.48,0
T10114345,2025-01-01 09:50:22,C104033,27,MH,M2435,Travel,Online,2694.01,0,110.4,5,597.8,0,0.6,0
T10614529,2025-01-01 09:50:56,C160683,36,TN,M1434,Grocery,Online,399.22,0,16.2,2,438.7,0,1.41,0
T10673418,2025-01-01 09:51:06,C166780,19,WB,M1988,Fuel,Contactless,566.49,1,5.3,4,1568.9,0,2.86,0
T10119302,2025-01-01 09:52:29,C106824,23,RJ,M2002,Grocery,POS,205.72,1,8.5,4,151.7,0,0.98,0
T10778482,2025-01-01 09:53:28,C131795,51,UP,M5485,Healthcare,POS,1610.26,1,3.1,2,801.2,0,0.82,0
T10390719,2025-01-01 09:54:37,C117266,38,TG,M5563,Entertainment,Online,1168.11,0,60.5,4,24.2,0,0.55,1
T10296564,2025-01-01 09:55:15,C144174,53,KL,M2993,Grocery,POS,1913.64,1,2.3,4,431.3,0,1.11,0
T10471695,2025-01-01 09:55:44,C123798,61,GJ,M4118,Travel,POS,5489.31,1,16.4,5,131.8,0,1.0,0
T10493502,2025-01-01 09:56:49,C171818,18,RJ,M4958,Grocery,Online,195.79,0,12.7,2,903.8,0,0.34,0
T10911273,2025-01-01 09:57:07,C180837,31,DL,M2659,Restaurant,Online,1366.55,0,33.3,4,673.9,0,0.94,0
T10475703,2025-01-01 09:57:17,C101025,33,GJ,M3454,Fuel,POS,1002.68,1,4.2,4,342.8,0,1.54,0
T10445467,2025-01-01 09:57:43,C121448,78,TG,M4443,Online Services,Contactless,382.06,1,13.5,4,131.7,0,0.78,0
T10354885,2025-01-01 09:57:45,C168815,33,MH,M5144,Travel,Online,143.2,0,103.7,4,208.4,0,1.19,0
T10780705,2025-01-01 09:57:54,C156259,40,WB,M4985,Online Services,Online,5504.57,0,3.7,2,185.4,0,1.58,0
T10648710,2025-01-01 09:57:59,C131001,63,KA,M5885,Fuel,Online,2080.72,0,143.8,5,174.8,0,1.11,0
T10736210,2025-01-01 09:58:20,C134546,53,TG,M2087,Grocery,POS,1606.92,1,14.1,2,105.9,0,0.33,0
T10873511,2025-01-01 09:58:43,C106061,35,TN,M3571,Healthcare,POS,292.61,1,14.5,2,1186.3,0,0.98,0
T10885399,2025-01-01 09:58:55,C147566,45,TN,M5651,Restaurant,POS,149.3,1,4.2,1,931.9,0,2.05,0
T10563267,2025-01-01 09:58:57,C115313,48,MH,M3486,Travel,ATM,11000.0,1,4.2,3,162.0,0,0.67,0
T10156675,2025-01-01 09:59:00,C143148,41,KL,M3002,Restaurant,POS,361.58,1,11.7,2,913.3,0,4.57,0
T10603233,2025-01-01 09:59:16,C165221,55,TN,M2424,Gift Cards,POS,3508.49,1,22.2,2,558.2,0,1.94,0
T10348382,2025-01-01 10:00:08,C144368,69,RJ,M1307,Fuel,POS,1000.59,1,5.3,2,304.5,0,0.89,0
T10056267,2025-01-01 10:00:14,C119887,33,UP,M5515,Restaurant,Contactless,891.73,1,4.3,6,769.9,0,0.47,0
T10609729,2025-01-01 10:00:18,C149019,31,KA,M5183,Apparel,ATM,20000.0,1,1.5,1,271.7,0,2.22,0
T10324696,2025-01-01 10:00:56,C117731,52,MH,M5229,Apparel,POS,1366.15,1,0.8,3,183.1,0,1.15,0
T10912152,2025-01-01 10:01:52,C134638,43,KA,M4527,Grocery,Contactless,464.67,1,11.6,3,1164.6,0,1.16,0
T10835867,2025-01-01 10:02:13,C118612,35,DL,M2111,Grocery,POS,578.44,1,21.0,1,1380.7,0,1.12,0
T10087597,2025-01-01 10:02:33,C115780,50,KL,M3685,Fuel,POS,1452.15,1,1.5,3,881.6,0,0.58,0
T10882061,2025-01-01 10:03:37,C138524,36,TN,M3943,Utilities,Online,475.71,0,13.8,6,1530.3,0,0.72,0
T10274263,2025-01-01 10:04:06,C116295,27,TG,M3837,Healthcare,Online,523.67,0,37.6,5,695.4,0,0.46,0
T10723603,2025-01-01 10:04:49,C132948,20,MH,M2794,Utilities,Online,2942.87,0,67.5,2,1084.9,0,1.13,0
T10185318,2025-01-01 10:05:12,C168201,62,TG,M5200,Online Services,ATM,2000.0,1,8.0,3,13.7,0,0.67,0
T10025230,2025-01-01 10:06:58,C179991,42,DL,M2048,Travel,Online,7895.49,0,70.4,5,4.7,0,1.29,0
T10732646,2025-01-01 10:07:56,C139863,22,MH,M4515,Apparel,Online,710.29,0,152.7,2,108.7,0,0.79,0
T10923723,2025-01-01 10:08:29,C136945,18,TN,M3789,Grocery,POS,1081.83,1,9.5,4,271.4,0,1.23,0
T10614306,2025-01-01 10:08:52,C110648,41,MH,M2923,Apparel,Online,1577.98,0,68.9,5,1327.7,0,0.66,0
T10085026,2025-01-01 10:09:45,C179770,24,WB,M1129,Entertainment,Contactless,688.72,1,1.0,1,1703.5,0,1.18,0
T10664675,2025-01-01 10:10:36,C176622,43,DL,M1243,Grocery,Online,672.11,0,30.6,1,360.3,0,1.24,0
T10344931,2025-01-01 10:11:02,C145717,30,DL,M1328,Fuel,ATM,5000.0,1,13.3,2,73.1,0,0.84,0
T10111465,2025-01-01 10:11:40,C161087,25,WB,M2392,Utilities,Contactless,783.96,1,11.5,1,431.7,1,1.31,0
T10209438,2025-01-01 10:12:36,C149533,32,TG,M2992,Restaurant,Online,908.25,0,51.7,3,1739.0,0,1.29,0
T10749203,2025-01-01 10:12:42,C182812,52,UP,M2755,Online Services,Online,236.97,0,67.1,2,407.7,0,2.76,0
T10662414,2025-01-01 10:12:56,C122387,39,TG,M4784,Grocery,ATM,10000.0,1,6.3,2,363.7,0,0.68,0
T10624780,2025-01-01 10:13:09,C149770,42,KL,M4916,Travel,Online,1445.03,0,56.7,3,459.3,0,0.71,0
T10714538,2025-01-01 10:13:17,C106181,39,RJ,M2979,Grocery,Contactless,339.66,1,19.6,3,1341.6,0,0.75,0
T10725808,2025-01-01 10:13:46,C144705,63,RJ,M5864,Restaurant,POS,698.66,1,15.3,2,51.7,0,0.98,0
T10225199,2025-01-01 10:13:55,C125790,53,TG,M5819,Restaurant,POS,515.58,1,8.1,1,134.1,0,0.98,0
T10674855,2025-01-01 10:14:05,C170038,40,MH,M5650,Entertainment,Online,895.66,0,41.9,2,688.8,0,0.46,0
T10175475,2025-01-01 10:14:20,C118389,59,KL,M3957,Utilities,Online,2029.82,0,5.2,4,1387.6,0,1.13,0
T10732580,2025-01-01 10:14:58,C175663,39,TN,M3251,Grocery,POS,134.84,1,15.6,2,646.0,0,0.49,0
T10976506,2025-01-01 10:15:28,C114594,39,WB,M4432,Online Services,POS,334.21,1,17.2,2,1565.6,0,0.77,0
T10100863,2025-01-01 10:15:34,C115843,51,UP,M3404,Grocery,Online,1505.76,0,19.1,1,307.4,0,1.53,0
T10904932,2025-01-01 10:16:48,C175069,29,TG,M5685,Apparel,Contactless,664.27,1,6.4,2,871.8,0,0.74,0
T10870849,2025-01-01 10:17:01,C123343,32,GJ,M2265,Utilities,POS,109.81,1,13.8,2,1890.4,0,0.6,0
T10195906,2025-01-01 10:17:21,C103322,48,GJ,M5295,Travel,Online,2579.59,0,14.8,4,332.8,0,0.86,0
T10027917,2025-01-01 10:18:04,C162656,32,KA,M4975,Apparel,Contactless,980.57,1,8.3,1,22.2,0,1.19,0
T10443497,2025-01-01 10:18:09,C111920,20,KL,M5991,Apparel,POS,178.29,1,22.1,1,234.5,0,1.17,0
T10106104,2025-01-01 10:18:10,C153053,28,UP,M4998,Utilities,POS,121.46,1,8.0,1,344.4,0,0.52,0
T10999396,2025-01-01 10:18:34,C181930,45,DL,M3231,Restaurant,Contactless,1044.0,1,5.4,2,353.2,0,0.78,0
T10959120,2025-01-01 10:19:04,C125135,39,TN,M4865,Entertainment,Contactless,360.54,1,2.4,1,442.4,0,1.15,0
T10135265,2025-01-01 10:19:14,C132305,50,DL,M3855,Healthcare,Contactless,765.24,1,7.0,2,117.9,0,1.42,0
T10086430,2025-01-01 10:19:43,C121121,48,TN,M3303,Travel,Online,251.39,0,165.8,2,266.4,0,1.07,0
T10336487,2025-01-01 10:20:47,C171330,61,GJ,M3584,Healthcare,Online,180.22,0,84.4,5,687.1,0,1.2,0
T10644223,2025-01-01 10:21:01,C119492,51,MH,M5305,Apparel,Online,615.49,0,42.1,2,359.6,0,1.43,0
T10394891,2025-01-01 10:21:09,C182514,18,TG,M4403,Grocery,Contactless,314.49,1,6.6,2,301.0,0,0.93,0
T10930032,2025-01-01 10:22:00,C181579,28,MH,M2055,Restaurant,POS,644.17,1,5.8,4,1565.3,0,0.79,0
T10673141,2025-01-01 10:22:21,C147543,42,DL,M2565,Grocery,POS,1496.36,1,11.2,1,755.4,0,0.66,0
T10040177,2025-01-01 10:24:06,C133758,45,WB,M1528,Grocery,Contactless,1154.35,1,5.9,7,446.5,0,0.79,0
T10709212,2025-01-01 10:24:30,C178154,31,TN,M2180,Grocery,Contactless,426.35,1,3.1,1,4622.3,0,2.11,0
T10077765,2025-01-01 10:24:41,C101134,39,MH,M2921,Apparel,POS,658.04,1,21.4,2,409.7,0,1.0,0
T10003403,2025-01-01 10:24:44,C182015,24,WB,M5244,Fuel,POS,2503.5,1,9.6,3,166.2,0,0.75,0
T10516178,2025-01-01 10:24:55,C121556,37,MH,M2947,Entertainment,Online,528.53,0,31.2,3,348.4,0,2.73,0
T10651449,2025-01-01 10:25:08,C176964,35,KA,M1624,Fuel,POS,627.37,1,8.1,1,1598.0,0,0.74,0
T10861078,2025-01-01 10:25:20,C146351,18,WB,M2943,Online Services,POS,106.33,1,0.4,2,953.7,0,0.7,0
T10242014,2025-01-01 10:25:39,C125858,62,KL,M4271,Restaurant,Online,757.08,0,101.4,3,1759.6,1,1.05,0
T10445669,2025-01-01 10:25:40,C104521,22,WB,M4741,Restaurant,Online,134.79,0,81.2,2,429.9,0,0.42,0
T10220391,2025-01-01 10:25:40,C111907,56,WB,M4206,Online Services,Online,765.41,0,54.9,1,675.7,0,1.04,0
T10228890,2025-01-01 10:26:26,C174371,45,DL,M5751,Restaurant,Contactless,3604.65,1,12.3,2,596.9,0,1.95,0
T10021170,2025-01-01 10:26:50,C121220,33,UP,M2225,Entertainment,POS,191.0,1,7.7,3,400.6,0,1.94,0
T10124793,2025-01-01 10:27:06,C132643,34,TN,M3889,Restaurant,Online,1143.79,0,26.9,1,201.3,0,0.87,0
T10513727,2025-01-01 10:27:39,C110352,22,TG,M5367,Entertainment,Contactless,1369.11,1,3.0,3,995.3,0,0.8,0
T10147475,2025-01-01 10:29:38,C168764,63,DL,M5235,Online Services,POS,658.49,1,3.4,2,719.7,0,0.41,0
T10725689,2025-01-01 10:30:00,C136920,26,KL,M4247,Healthcare,Online,1017.54,0,46.0,2,314.3,0,1.89,0
T10749768,2025-01-01 10:30:02,C124908,18,KL,M4062,Entertainment,POS,783.58,1,11.3,3,297.4,0,0.92,0
T10691230,2025-01-01 10:30:42,C123954,45,TN,M1008,Grocery,Online,765.89,0,3.4,2,913.5,0,1.2,0
T10323531,2025-01-01 10:31:21,C141431,28,DL,M4500,Apparel,Online,445.08,0,6.9,3,362.6,0,1.2,0
T10715145,2025-01-01 10:31:48,C152781,60,TN,M2741,Grocery,POS,919.13,1,13.5,1,146.2,0,0.78,0
T10674933,2025-01-01 10:32:15,C142398,65,UP,M4726,Entertainment,POS,907.41,1,8.8,5,968.7,0,0.48,0
T10482870,2025-01-01 10:32:46,C111520,37,TN,M2682,Apparel,POS,1126.81,1,13.6,4,92.8,0,1.96,0
T10568525,2025-01-01 10:32:51,C124874,33,WB,M4841,Restaurant,POS,278.28,1,2.6,4,100.2,0,0.57,0
T10296766,2025-01-01 10:33:05,C175549,45,GJ,M3040,Utilities,POS,250.42,1,1.1,2,2085.8,0,0.97,0
T10595194,2025-01-01 10:33:57,C180985,38,KA,M2106,Fuel,ATM,20000.0,1,2.3,5,1801.0,0,0.67,0
T10895056,2025-01-01 10:33:59,C132973,42,MH,M4827,Entertainment,Contactless,642.76,1,3.5,1,470.3,0,0.63,0
T10092809,2025-01-01 10:34:22,C117613,20,RJ,M2293,Apparel,POS,279.59,1,6.9,4,445.2,0,0.25,0
T10168166,2025-01-01 10:34:35,C166426,29,GJ,M4795,Fuel,POS,117.01,1,24.6,2,384.1,0,2.13,0
T10913136,2025-01-01 10:36:07,C128695,54,TN,M5032,Jewelry,POS,334.64,1,11.0,1,935.1,0,0.91,0
T10640279,2025-01-01 10:36:44,C174138,66,RJ,M1644,Electronics,POS,1136.19,1,14.1,1,183.7,0,0.41,0
T10395779,2025-01-01 10:36:44,C152699,18,WB,M3768,Healthcare,POS,2023.79,1,11.8,4,2440.9,0,0.51,0
T10722738,2025-01-01 10:36:59,C146582,50,TG,M3691,Online Services,Online,2860.59,0,44.1,5,62.4,0,0.53,0
T10882902,2025-01-01 10:37:08,C152271,26,GJ,M5494,Jewelry,Online,1140.88,0,120.5,3,1.4,0,0.9,0
T10321671,2025-01-01 10:37:54,C127325,47,WB,M5684,Gift Cards,Contactless,2500.72,1,17.4,2,48.5,0,0.7,0
T10069771,2025-01-01 10:38:33,C107857,44,KA,M5157,Restaurant,Online,1529.42,0,95.9,2,902.8,0,2.94,0
T10598765,2025-01-01 10:38:43,C174323,27,UP,M2028,Grocery,Online,883.68,0,43.9,5,357.8,0,0.89,0
T10243797,2025-01-01 10:38:54,C113248,52,RJ,M4862,Electronics,Online,6782.75,0,10.6,2,1339.9,0,0.79,0
T10937438,2025-01-01 10:38:57,C158683,54,WB,M1934,Restaurant,Online,293.87,0,73.1,3,738.8,0,1.56,0
T10532425,2025-01-01 10:39:07,C168373,43,DL,M1510,Entertainment,Online,632.94,0,30.2,3,204.3,0,1.7,0
T10133402,2025-01-01 10:39:22,C153127,23,TG,M2033,Online Services,Online,1229.21,0,13.8,1,433.1,0,0.69,0
T10812700,2025-01-01 10:40:00,C117022,31,KL,M1606,Electronics,Contactless,1089.66,1,5.1,3,376.1,0,0.75,0
T10844374,2025-01-01 10:40:04,C123512,34,DL,M2753,Grocery,POS,1985.57,1,3.4,3,516.0,0,0.7,0
T10234841,2025-01-01 10:40:09,C169705,41,MH,M3196,Restaurant,Contactless,1645.42,1,7.9,2,314.5,0,0.66,0
T10483677,2025-01-01 10:40:27,C177281,31,KA,M5513,Apparel,Online,482.0,0,14.0,4,1233.6,0,0.79,0
T10961923,2025-01-01 10:40:32,C105512,34,KL,M5965,Fuel,ATM,10000.0,1,8.5,1,82.8,0,2.08,0
T10903881,2025-01-01 10:40:34,C123200,19,UP,M5996,Travel,Contactless,2374.5,1,7.2,4,667.9,0,0.56,0
T10462731,2025-01-01 10:41:47,C159311,37,TG,M1512,Entertainment,Contactless,547.4,1,18.3,1,114.4,0,0.88,0
T10439034,2025-01-01 10:42:30,C166514,42,TG,M3094,Apparel,POS,1470.21,1,8.5,3,26.1,0,0.76,0
T10313036,2025-01-01 10:43:04,C117540,39,GJ,M1149,Fuel,POS,2063.79,1,7.1,4,1423.5,0,1.53,0
T10756706,2025-01-01 10:43:16,C130374,48,RJ,M1005,Apparel,ATM,5000.0,1,28.5,4,962.3,0,0.41,0
T10791994,2025-01-01 10:43:16,C120224,30,KA,M2640,Entertainment,Online,172.84,0,67.7,2,1307.4,0,1.31,0
T10374498,2025-01-01 10:43:19,C177755,24,GJ,M2371,Apparel,Online,454.45,0,85.6,4,505.1,0,0.62,0
T10987390,2025-01-01 10:43:41,C118258,32,KA,M5617,Healthcare,Online,1007.27,0,20.6,4,75.3,0,0.96,0
T10906651,2025-01-01 10:43:56,C147133,64,GJ,M3639,Grocery,Online,418.66,0,48.8,3,642.2,0,2.5,0
T10958708,2025-01-01 10:44:06,C127735,42,GJ,M5738,Online Services,ATM,2000.0,1,6.8,5,1142.4,0,0.46,0
T10130590,2025-01-01 10:44:48,C169513,61,KA,M3984,Restaurant,POS,2022.94,1,2.2,3,628.3,0,1.05,0
T10375094,2025-01-01 10:45:29,C150792,34,UP,M3556,Jewelry,POS,5659.85,1,9.4,2,124.1,0,1.79,0
T10966815,2025-01-01 10:46:15,C109661,58,UP,M3981,Travel,Online,3414.33,0,64.6,5,88.6,0,1.98,0
T10818816,2025-01-01 10:46:30,C178705,43,GJ,M4699,Healthcare,Online,526.2,0,87.9,4,267.9,0,0.72,0
T10369939,2025-01-01 10:46:41,C138340,39,GJ,M2220,Entertainment,Contactless,261.19,1,10.2,4,182.4,0,1.26,0
T10683716,2025-01-01 10:46:52,C134922,44,UP,M4287,Jewelry,POS,3244.05,1,2.0,2,102.3,0,1.49,0
T10714126,2025-01-01 10:47:24,C111371,43,WB,M4115,Healthcare,POS,12126.3,1,0.2,2,360.1,0,0.72,0
T10403156,2025-01-01 10:47:31,C158327,27,TN,M2085,Entertainment,Online,444.67,0,29.3,4,269.3,0,1.87,0
T10633999,2025-01-01 10:47:45,C160046,19,DL,M4499,Restaurant,Contactless,211.6,1,1.2,2,46.1,0,0.75,0
T10750843,2025-01-01 10:47:55,C176717,47,WB,M2502,Online Services,Contactless,44.57,1,3.2,2,953.4,0,0.85,0
T10935558,2025-01-01 10:48:14,C143515,31,GJ,M1235,Travel,Contactless,8108.76,1,6.9,3,554.5,0,3.78,0
T10952699,2025-01-01 10:49:06,C131867,54,GJ,M2870,Entertainment,Online,269.44,0,113.0,2,327.2,0,0.42,0
T10541767,2025-01-01 10:50:03,C160009,56,KL,M1084,Apparel,Online,271.25,0,69.5,3,45.2,0,0.9,0
T10491115,2025-01-01 10:50:04,C136292,31,TG,M1849,Grocery,POS,612.32,1,17.4,2,176.9,1,0.74,0
T10206937,2025-01-01 10:51:20,C133281,18,DL,M1002,Online Services,POS,1356.57,1,16.3,2,444.0,0,1.46,0
T10237410,2025-01-01 10:52:06,C178924,48,KL,M5725,Grocery,POS,775.18,1,5.1,7,131.7,0,0.56,0
T10001327,2025-01-01 10:52:18,C107067,51,KL,M5961,Apparel,Contactless,226.13,1,5.7,2,561.1,0,2.03,0
T10468226,2025-01-01 10:52:24,C161604,27,DL,M3008,Grocery,Online,400.92,0,1.1,1,1440.8,0,0.7,0
T10576759,2025-01-01 10:52:28,C178863,18,GJ,M5211,Utilities,Contactless,756.3,1,5.4,3,891.0,0,0.47,0
T10494950,2025-01-01 10:52:32,C110959,31,TN,M5915,Gift Cards,POS,1658.89,1,1.1,1,201.3,1,0.77,0
T10665092,2025-01-01 10:52:58,C107873,35,TG,M3915,Grocery,Contactless,188.82,1,9.2,2,91.4,0,0.32,0
T10667997,2025-01-01 10:53:32,C101115,62,KA,M2416,Healthcare,POS,423.84,1,11.9,2,597.0,0,1.07,0
T10582744,2025-01-01 10:53:34,C153837,34,KL,M1404,Fuel,POS,21239.87,1,34.2,6,37.9,0,0.63,0
T10923668,2025-01-01 10:54:21,C134544,28,DL,M4260,Travel,ATM,44000.0,1,2.2,1,129.3,0,0.67,0
T10479248,2025-01-01 10:54:41,C170960,39,DL,M1559,Apparel,POS,558.86,1,2.1,2,1540.6,0,1.31,0
T10386111,2025-01-01 10:54:42,C169472,45,KA,M5670,Apparel,Online,4574.92,0,7.4,2,1414.3,0,1.74,0
T10043935,2025-01-01 10:54:50,C119101,44,KL,M5961,Electronics,Online,4263.01,0,171.3,3,512.6,0,4.5,1
T10386041,2025-01-01 10:55:17,C175343,20,GJ,M4384,Apparel,Online,3825.72,0,4.7,5,475.7,0,0.68,0
T10089370,2025-01-01 10:55:32,C118555,44,WB,M2880,Entertainment,Online,2064.38,0,46.3,2,956.1,0,0.44,0
T10632607,2025-01-01 10:55:49,C139551,28,KA,M5018,Restaurant,Contactless,521.82,1,4.5,3,429.4,0,2.19,0
T10245281,2025-01-01 10:55:50,C101768,44,TN,M5836,Gift Cards,POS,1399.46,1,5.2,1,2913.8,0,0.77,0
T10313002,2025-01-01 10:56:01,C159390,34,TN,M3661,Healthcare,ATM,2000.0,1,3.9,3,804.3,0,0.67,0
T10544167,2025-01-01 10:56:18,C157915,40,MH,M4260,Utilities,POS,609.8,1,2.7,1,770.6,0,0.92,0
T10488042,2025-01-01 10:56:40,C137889,44,GJ,M4604,Grocery,Online,2082.78,0,99.1,3,2212.8,0,0.67,0
T10792294,2025-01-01 10:57:03,C118175,38,TN,M3733,Fuel,POS,295.53,1,10.0,3,298.2,0,2.15,0
T10782065,2025-01-01 10:57:08,C152194,38,UP,M2546,Grocery,Online,298.81,0,9.6,3,163.2,0,1.29,0
T10663151,2025-01-01 10:57:32,C154952,46,UP,M5728,Restaurant,POS,2262.69,1,13.8,3,189.1,0,0.69,0
T10077432,2025-01-01 10:59:32,C168046,26,UP,M1185,Apparel,Online,529.87,0,50.5,2,74.5,0,0.71,0
T10938689,2025-01-01 10:59:46,C143984,40,UP,M2348,Travel,ATM,44000.0,1,1.6,2,293.8,0,1.93,0
T10111789,2025-01-01 11:00:46,C118026,48,KL,M5204,Entertainment,Online,845.94,0,14.1,3,94.3,0,0.54,0
T10916584,2025-01-01 11:01:19,C179400,18,TG,M1036,Online Services,Contactless,2165.87,1,12.6,3,27.7,0,0.6,0
T10278095,2025-01-01 11:01:30,C150781,18,KA,M5962,Grocery,POS,3046.03,1,11.4,5,334.1,0,0.81,0
T10756933,2025-01-01 11:02:32,C155147,44,TG,M5166,Healthcare,Online,352.21,0,19.2,4,62.2,0,0.3,0
T10992450,2025-01-01 11:02:38,C130518,61,RJ,M2245,Healthcare,POS,3345.06,1,11.2,3,1548.2,0,0.91,0
T10747751,2025-01-01 11:02:41,C114465,50,RJ,M1866,Grocery,Contactless,487.5,1,0.7,3,76.8,0,0.45,0
T10081485,2025-01-01 11:02:47,C120172,44,KA,M1987,Restaurant,POS,1241.57,1,3.5,5,1153.3,0,1.67,0
T10052100,2025-01-01 11:03:11,C125214,49,RJ,M2571,Fuel,Contactless,2001.55,1,31.9,6,1029.2,0,0.82,0
T10054485,2025-01-01 11:03:24,C103992,23,TG,M2946,Restaurant,POS,512.38,1,32.6,5,77.8,0,0.92,0
T10712155,2025-01-01 11:03:38,C145669,47,RJ,M2075,Fuel,POS,385.41,1,2.6,2,566.9,0,0.32,0
T10401982,2025-01-01 11:03:41,C131535,50,GJ,M2499,Online Services,Contactless,587.69,1,0.3,4,713.6,0,1.99,0
T10074691,2025-01-01 11:04:13,C130639,36,GJ,M4657,Fuel,Online,920.09,0,19.0,2,407.0,0,1.73,0
T10971299,2025-01-01 11:05:27,C150718,50,KA,M2495,Apparel,POS,1050.99,1,4.4,5,107.2,0,1.23,0
T10094693,2025-01-01 11:05:33,C161948,67,TG,M2261,Grocery,Contactless,574.72,1,18.4,1,1912.5,0,1.01,0
T10693235,2025-01-01 11:06:45,C112142,33,GJ,M4796,Online Services,POS,361.65,1,6.6,5,48.6,0,0.7,0
T10325584,2025-01-01 11:06:46,C165018,47,TN,M3202,Entertainment,POS,656.75,1,3.0,2,146.1,0,1.88,0
T10179623,2025-01-01 11:06:49,C174754,42,TG,M3473,Online Services,Contactless,438.05,1,13.3,2,593.1,0,1.57,0
T10978666,2025-01-01 11:06:51,C117309,33,GJ,M3348,Apparel,POS,74.2,1,4.0,3,209.5,0,0.83,0
T10075562,2025-01-01 11:07:21,C106927,37,WB,M3159,Travel,Online,1306.27,0,43.0,2,99.5,0,1.13,0
T10436257,2025-01-01 11:07:37,C101447,33,WB,M2393,Grocery,Online,80.41,0,122.9,2,97.0,0,2.33,0
T10222529,2025-01-01 11:07:59,C146328,42,DL,M1267,Grocery,Online,1015.23,0,30.0,1,1031.1,0,0.54,0
T10286782,2025-01-01 11:08:43,C124470,41,KA,M4837,Grocery,Online,1077.9,0,22.8,5,663.9,0,1.58,0
T10514364,2025-01-01 11:08:44,C123892,29,UP,M3228,Fuel,POS,442.5,1,23.9,1,169.9,0,1.0,0
T10735653,2025-01-01 11:08:56,C151608,18,UP,M5582,Grocery,POS,2815.95,1,12.2,2,39.3,0,0.61,0
T10343571,2025-01-01 11:09:05,C124610,25,TG,M4704,Utilities,POS,628.78,1,2.0,3,359.3,0,1.48,0
T10144448,2025-01-01 11:10:01,C173296,49,MH,M2932,Apparel,Online,544.33,0,56.6,5,670.5,0,0.59,0
T10370791,2025-01-01 11:11:06,C154749,48,TN,M5911,Grocery,Contactless,692.8,1,9.3,1,854.1,0,0.51,0
T10981485,2025-01-01 11:11:17,C172546,46,UP,M4700,Utilities,Online,1078.98,0,36.3,4,96.5,0,0.71,0
T10243389,2025-01-01 11:11:25,C102178,41,WB,M1740,Electronics,Online,725.6,0,29.4,3,690.9,0,1.35,0
T10717394,2025-01-01 11:11:42,C145638,53,RJ,M5534,Utilities,Online,2800.27,0,21.8,3,1603.2,0,1.1,0
T10509463,2025-01-01 11:12:33,C182015,40,KL,M4943,Grocery,Online,468.04,0,51.9,3,558.4,0,0.35,0
T10822677,2025-01-01 11:13:38,C126839,24,MH,M2908,Grocery,POS,1478.94,1,2.2,2,765.5,0,0.6,0
T10225543,2025-01-01 11:13:57,C181669,36,KL,M3453,Online Services,Online,1299.93,0,31.4,3,542.4,0,1.2,0
T10915489,2025-01-01 11:14:34,C126635,37,WB,M2128,Grocery,POS,532.68,1,2.9,5,1033.4,0,1.81,0
T10118030,2025-01-01 11:14:55,C137053,60,KL,M1704,Fuel,Contactless,3102.46,1,3.0,2,305.6,0,0.98,0
T10478879,2025-01-01 11:14:56,C170526,48,KL,M3658,Grocery,Contactless,355.96,1,8.0,2,85.4,0,0.41,0
T10345068,2025-01-01 11:15:18,C113119,36,WB,M4191,Apparel,Contactless,242.07,1,6.7,4,380.6,0,0.81,0
T10442199,2025-01-01 11:15:27,C126599,18,KL,M3357,Apparel,Contactless,571.91,1,15.8,1,18.8,0,1.3,0
T10979638,2025-01-01 11:16:09,C140185,39,TN,M5027,Healthcare,Contactless,953.99,1,5.3,4,306.1,0,1.18,0
T10123195,2025-01-01 11:16:15,C180301,47,UP,M5261,Apparel,Contactless,710.63,1,6.1,5,175.7,0,1.2,0
T10701869,2025-01-01 11:17:16,C142971,49,DL,M3122,Apparel,Online,479.86,0,54.4,5,739.7,0,0.75,0
T10790395,2025-01-01 11:17:30,C105660,41,RJ,M5460,Fuel,POS,1072.87,1,3.2,2,263.3,0,1.66,0
T10708310,2025-01-01 11:17:52,C175563,42,MH,M5650,Grocery,Online,906.13,0,63.2,2,42.4,0,1.25,0
T10846544,2025-01-01 11:18:06,C152737,33,TG,M4850,Online Services,Contactless,793.88,1,7.3,1,248.0,0,0.66,0
T10601095,2025-01-01 11:18:30,C176527,68,RJ,M1791,Gift Cards,POS,395.27,1,14.8,4,436.3,0,1.73,0
T10664657,2025-01-01 11:19:06,C168887,52,TG,M5755,Apparel,POS,4678.92,1,0.8,2,690.5,0,0.91,0
T10825578,2025-01-01 11:19:27,C158762,75,RJ,M3602,Healthcare,POS,1250.42,1,3.3,2,446.0,0,1.38,0
T10562831,2025-01-01 11:20:18,C155907,43,MH,M1850,Fuel,POS,912.46,1,1.3,1,294.9,0,1.04,0
T10464053,2025-01-01 11:20:31,C142712,47,GJ,M4054,Grocery,Online,256.49,0,31.0,2,509.1,0,0.57,0
T10386027,2025-01-01 11:20:48,C129019,52,RJ,M2683,Grocery,POS,791.69,1,16.0,5,77.5,0,0.5,0
T10840179,2025-01-01 11:21:24,C127519,36,GJ,M3724,Grocery,POS,1582.72,1,11.1,3,138.2,0,0.67,0
T10827528,2025-01-01 11:21:28,C133776,34,UP,M5509,Travel,Contactless,3438.62,1,3.4,5,422.5,0,1.03,0
T10656766,2025-01-01 11:21:45,C102998,42,RJ,M4965,Restaurant,Contactless,695.48,1,6.4,4,830.5,0,0.89,0
T10409659,2025-01-01 11:22:15,C135408,38,TN,M4808,Apparel,POS,968.5,1,5.3,1,51.6,0,1.16,0
T10598595,2025-01-01 11:22:19,C103452,51,DL,M5411,Restaurant,Online,6047.95,0,77.0,2,194.1,0,1.6,0
T10426902,2025-01-01 11:22:57,C107894,54,UP,M4549,Fuel,Contactless,1145.69,1,2.9,2,66.9,0,1.83,0
T10431138,2025-01-01 11:23:01,C152402,20,WB,M2041,Apparel,POS,362.37,1,1.0,3,1052.2,0,0.59,0
T10155635,2025-01-01 11:23:13,C158546,46,RJ,M2777,Fuel,Online,1178.01,0,47.3,2,390.9,0,3.82,0
T10548724,2025-01-01 11:23:17,C142503,44,KA,M2150,Grocery,Online,745.7,0,84.8,4,194.2,1,0.73,0
T10288068,2025-01-01 11:23:23,C163146,22,DL,M1682,Healthcare,Contactless,2036.31,1,12.9,3,1284.8,0,1.16,0
T10438083,2025-01-01 11:23:43,C126348,56,TG,M1819,Fuel,POS,1984.53,1,14.8,2,402.4,0,2.08,0
T10541596,2025-01-01 11:23:46,C173502,42,GJ,M4408,Fuel,Online,358.63,0,198.1,1,497.7,0,0.97,0
T10622439,2025-01-01 11:23:54,C165883,45,KA,M1308,Healthcare,POS,23.11,1,5.4,2,175.3,0,1.93,0
T10071989,2025-01-01 11:23:56,C137627,51,WB,M2450,Entertainment,Online,615.22,0,6.1,4,53.0,0,0.72,0
T10137994,2025-01-01 11:24:42,C109576,53,MH,M2747,Restaurant,POS,1883.37,1,5.5,1,185.1,0,0.63,0
T10520288,2025-01-01 11:26:08,C103234,34,TG,M5469,Restaurant,Online,584.55,0,136.7,3,221.0,0,2.0,0
T10841463,2025-01-01 11:27:18,C100214,68,WB,M2380,Apparel,POS,845.94,1,6.3,4,804.5,0,1.35,0
T10718173,2025-01-01 11:27:58,C180508,43,DL,M1081,Fuel,Contactless,768.1,1,0.7,2,890.0,0,2.25,0
T10805616,2025-01-01 11:28:02,C138283,60,TN,M3576,Grocery,Online,638.34,0,30.4,2,271.1,0,1.08,0
T10067710,2025-01-01 11:28:55,C109687,32,GJ,M3155,Grocery,Online,1667.26,0,108.0,2,96.8,0,1.7,0
T10176299,2025-01-01 11:28:58,C126254,24,GJ,M2252,Restaurant,POS,73.06,1,7.2,3,37.2,0,0.77,0
T10274509,2025-01-01 11:28:59,C120420,39,TN,M2070,Grocery,Contactless,1880.46,1,1.0,4,342.5,0,0.64,0
T10844196,2025-01-01 11:29:39,C174247,23,WB,M3238,Grocery,POS,440.45,1,0.7,1,324.0,0,1.31,0
T10044831,2025-01-01 11:29:41,C162370,54,WB,M2965,Restaurant,POS,423.32,1,18.2,3,141.8,0,0.91,0
T10733174,2025-01-01 11:30:04,C153147,36,KL,M3315,Fuel,ATM,2000.0,1,12.1,4,48.6,0,0.74,0
T10705572,2025-01-01 11:30:15,C176404,42,MH,M1786,Utilities,ATM,10000.0,1,5.0,1,1364.9,0,2.32,0
T10572765,2025-01-01 11:30:34,C177973,36,TN,M1681,Utilities,Contactless,1882.65,1,12.2,2,804.3,0,1.77,0
T10149208,2025-01-01 11:30:37,C181007,25,DL,M3905,Healthcare,Online,1164.0,0,33.5,2,228.6,0,0.68,0
T10602904,2025-01-01 11:31:22,C128537,50,KL,M2500,Restaurant,ATM,20000.0,1,1.0,2,158.5,0,1.09,0
T10933459,2025-01-01 11:32:10,C167836,41,TG,M1950,Travel,ATM,4400.0,1,4.4,1,658.6,0,1.07,0
T10333423,2025-01-01 11:33:01,C127563,35,RJ,M2147,Travel,Online,4777.89,0,43.0,4,522.8,0,1.07,0
T10675846,2025-01-01 11:33:21,C110907,34,TG,M3475,Grocery,POS,2103.99,1,14.9,3,56.9,0,3.49,0
T10247492,2025-01-01 11:33:26,C131735,58,DL,M3220,Utilities,POS,543.03,1,2.9,2,1892.0,0,0.86,0
T10914326,2025-01-01 11:33:44,C115299,35,UP,M5249,Travel,Online,908.25,0,30.9,2,56.9,0,0.79,0
T10617577,2025-01-01 11:34:28,C159408,45,DL,M2920,Electronics,Online,5162.56,0,32.9,1,151.7,0,1.08,0
T10394336,2025-01-01 11:34:58,C116196,31,GJ,M5315,Electronics,Contactless,1315.23,1,11.3,5,185.0,0,1.69,0
T10946836,2025-01-01 11:35:09,C109734,25,RJ,M4333,Travel,POS,282.11,1,20.7,4,995.9,0,0.87,0
T10759309,2025-01-01 11:35:30,C122654,35,KL,M2589,Fuel,Online,331.79,0,126.7,4,1212.1,1,1.12,0
T10730249,2025-01-01 11:35:40,C124009,36,MH,M1853,Electronics,Contactless,31394.77,1,2.9,4,42.4,0,1.24,0
T10717279,2025-01-01 11:37:25,C178193,34,UP,M3259,Electronics,Contactless,196.0,1,2.3,4,9.4,0,0.62,0
T10984773,2025-01-01 11:37:27,C124950,44,RJ,M3322,Travel,Contactless,3577.16,1,1.0,2,35.7,0,0.58,0
T10531768,2025-01-01 11:37:31,C173524,35,TN,M5019,Fuel,Contactless,6547.82,1,1.5,2,404.0,0,3.54,0
T10636043,2025-01-01 11:37:47,C155264,29,WB,M3504,Fuel,POS,436.62,1,10.4,1,389.8,0,0.65,0
T10397128,2025-01-01 11:37:54,C146650,52,UP,M3242,Utilities,Contactless,225.59,1,9.0,3,75.8,0,0.43,0
T10785837,2025-01-01 11:38:17,C174651,52,RJ,M5191,Gift Cards,ATM,2000.0,1,4.6,1,184.7,0,1.46,0
T10349872,2025-01-01 11:39:07,C113225,40,TG,M4505,Utilities,POS,101.97,1,18.9,3,1340.1,0,1.03,0
T10604545,2025-01-01 11:39:16,C156028,28,DL,M4280,Gift Cards,POS,652.24,1,3.3,1,73.8,0,1.43,0
T10550808,2025-01-01 11:39:24,C140554,44,WB,M5486,Apparel,POS,847.2,1,3.8,4,93.5,0,0.53,0
T10480586,2025-01-01 11:40:03,C166287,48,MH,M4832,Electronics,Online,620.09,0,28.3,2,1293.2,0,1.25,0
T10264043,2025-01-01 11:40:11,C175319,22,TN,M5111,Apparel,Contactless,2568.38,1,16.6,2,183.2,0,1.11,0
T10001522,2025-01-01 11:40:19,C115946,48,TG,M2085,Healthcare,ATM,20000.0,1,2.3,1,53.1,0,1.44,0
T10954750,2025-01-01 11:40:35,C124902,26,MH,M1709,Restaurant,Online,996.75,0,43.0,4,208.6,0,0.84,0
T10085393,2025-01-01 11:40:36,C166445,38,KA,M3448,Travel,Contactless,1287.9,1,11.2,6,362.7,0,0.46,0
T10450784,2025-01-01 11:40:53,C163961,67,RJ,M5116,Online Services,POS,7928.41,1,5.4,1,506.8,0,0.94,0
T10036383,2025-01-01 11:41:32,C108371,56,MH,M4631,Entertainment,Online,309.32,0,94.5,5,1171.4,0,1.45,0
T10123695,2025-01-01 11:41:35,C135164,35,KA,M5222,Utilities,Online,1555.0,0,195.6,4,229.5,0,0.55,0
T10212668,2025-01-01 11:41:53,C176070,43,TG,M3721,Utilities,POS,260.55,1,4.5,3,145.9,0,1.23,0
T10799501,2025-01-01 11:42:14,C106009,26,GJ,M4502,Electronics,Contactless,424.01,1,5.8,2,395.7,0,1.89,0
T10846143,2025-01-01 11:42:21,C182055,34,TG,M4148,Utilities,ATM,2000.0,1,15.6,5,304.2,0,0.72,0
T10072910,2025-01-01 11:42:48,C158249,37,KA,M5371,Apparel,Contactless,2265.05,1,9.5,1,282.9,0,1.49,0
T10670334,2025-01-01 11:42:48,C131583,33,UP,M4375,Restaurant,Contactless,203.22,1,0.8,1,1497.8,0,0.78,0
T10098189,2025-01-01 11:43:14,C111320,35,GJ,M2642,Utilities,POS,357.76,1,10.8,1,342.7,0,0.36,0
T10475933,2025-01-01 11:43:37,C165668,18,TG,M1373,Apparel,Online,1331.9,0,8.3,2,347.5,0,0.54,0
T10451290,2025-01-01 11:43:49,C167511,39,TG,M3987,Grocery,Online,203.84,0,18.2,1,164.8,0,1.06,0
T10542849,2025-01-01 11:44:02,C115632,48,UP,M3575,Grocery,Online,331.72,0,78.6,3,451.7,0,2.05,0
T10635995,2025-01-01 11:45:00,C181787,63,MH,M4367,Restaurant,POS,114.46,1,12.9,3,438.8,0,1.04,0
T10489315,2025-01-01 11:45:24,C110369,51,KL,M1267,Travel,Online,3184.5,0,123.1,4,575.8,0,1.48,0
T10222982,2025-01-01 11:45:34,C113697,60,KL,M3905,Apparel,Contactless,520.29,1,23.8,2,85.7,0,0.75,0
T10663952,2025-01-01 11:46:01,C116371,24,GJ,M1901,Grocery,Online,1569.63,0,37.3,1,78.6,0,1.5,0
T10814806,2025-01-01 11:46:14,C167569,54,KL,M5121,Entertainment,POS,285.02,1,6.0,2,2010.6,0,0.39,0
T10575917,2025-01-01 11:46:24,C127230,38,MH,M2263,Grocery,Contactless,604.34,1,3.4,3,363.6,0,0.93,0
T10767187,2025-01-01 11:46:33,C119288,59,UP,M3023,Grocery,Online,614.58,0,24.2,4,429.0,0,0.58,0
T10425922,2025-01-01 11:46:37,C177760,43,DL,M5787,Apparel,Online,419.39,0,30.5,1,397.1,0,1.08,0
T10946373,2025-01-01 11:46:46,C166152,28,TN,M4422,Travel,ATM,22000.0,1,6.6,2,223.2,0,0.35,0
T10450463,2025-01-01 11:47:01,C182742,60,KL,M5272,Entertainment,POS,1442.5,1,0.5,2,323.5,0,1.48,0
T10305825,2025-01-01 11:47:58,C132364,52,TN,M4706,Grocery,POS,1604.15,1,3.2,2,32.1,0,1.59,0
T10626521,2025-01-01 11:48:41,C138709,42,UP,M2621,Grocery,POS,1632.57,1,3.5,2,473.8,0,0.89,0
T10825481,2025-01-01 11:48:57,C125116,33,UP,M2800,Online Services,POS,2630.65,1,5.0,2,87.4,0,1.4,0
T10437304,2025-01-01 11:49:06,C174847,49,WB,M2443,Healthcare,Online,1604.3,0,79.3,3,547.3,0,1.15,0
T10641999,2025-01-01 11:49:22,C104544,23,UP,M1134,Grocery,Contactless,620.51,1,1.1,2,86.7,0,0.29,0
T10434359,2025-01-01 11:49:30,C149492,57,KA,M3182,Grocery,Contactless,1319.05,1,1.0,3,216.3,0,0.82,0
T10263232,2025-01-01 11:50:06,C178528,51,DL,M3051,Utilities,Contactless,272.93,1,11.2,2,163.6,0,1.67,0
T10764149,2025-01-01 11:50:12,C153351,35,UP,M4278,Utilities,Contactless,1177.33,1,6.2,3,104.5,0,0.85,0
T10232809,2025-01-01 11:50:27,C103261,26,UP,M3167,Apparel,POS,753.7,1,4.1,3,45.9,0,1.11,0
T10666855,2025-01-01 11:50:33,C172156,40,MH,M4237,Electronics,Online,561.95,0,11.8,3,952.4,0,2.76,0
T10941801,2025-01-01 11:51:41,C112069,24,TN,M2286,Grocery,POS,1608.79,1,5.2,3,188.7,0,0.51,0
T10764067,2025-01-01 11:51:43,C171906,38,UP,M1479,Gift Cards,POS,353.32,1,7.8,6,66.1,0,0.69,0
T10509386,2025-01-01 11:52:15,C108830,31,DL,M5873,Electronics,Online,7991.63,0,16.7,1,91.5,0,1.95,0
T10435717,2025-01-01 11:52:30,C156493,40,WB,M4137,Restaurant,Online,3475.58,0,83.6,4,428.3,0,0.75,0
T10691928,2025-01-01 11:52:52,C172265,39,MH,M5762,Grocery,POS,350.06,1,14.8,2,1263.1,0,0.64,0
T10412704,2025-01-01 11:53:31,C150725,36,WB,M1363,Grocery,Online,98.69,0,70.1,1,121.1,0,1.22,0
T10801052,2025-01-01 11:53:39,C166880,41,KA,M4863,Jewelry,Online,1558.66,0,89.9,2,560.4,0,2.82,0
T10356009,2025-01-01 11:54:55,C153770,22,UP,M1099,Grocery,Online,222.84,0,18.0,3,1275.3,0,1.48,0
T10727153,2025-01-01 11:55:46,C124560,43,DL,M5897,Utilities,Contactless,652.63,1,3.9,2,758.7,0,0.82,0
T10267130,2025-01-01 11:56:05,C164809,30,RJ,M1064,Restaurant,POS,97.48,1,11.5,2,27.4,0,0.81,0
T10692578,2025-01-01 11:56:16,C121338,35,UP,M2120,Utilities,Online,630.61,0,3.8,2,128.2,0,0.78,0
T10020998,2025-01-01 11:56:23,C149933,29,TG,M4901,Apparel,Contactless,681.12,1,9.9,1,575.1,0,0.45,0
T10794398,2025-01-01 11:56:40,C149681,28,TN,M5447,Fuel,POS,908.06,1,7.5,5,772.9,0,0.79,0
T10401381,2025-01-01 11:58:21,C148251,37,GJ,M4564,Online Services,Contactless,3143.16,1,2.3,3,1283.1,0,0.63,0
T10770007,2025-01-01 11:58:37,C157042,54,DL,M2836,Online Services,POS,537.46,1,6.1,2,386.5,0,0.28,0
T10705891,2025-01-01 11:59:17,C137785,44,TN,M4191,Apparel,POS,125.13,1,7.4,1,987.7,0,1.66,0
T10334929,2025-01-01 11:59:24,C139095,42,RJ,M3319,Healthcare,POS,317.67,1,6.2,1,312.4,0,0.8,0
T10483399,2025-01-01 11:59:42,C149922,39,DL,M5711,Online Services,POS,1623.27,1,12.6,5,287.4,0,1.35,0
T10483597,2025-01-01 11:59:49,C159495,48,KL,M2796,Restaurant,POS,1864.95,1,5.8,1,299.4,0,0.78,0
T10904219,2025-01-01 11:59:54,C158829,52,DL,M2154,Online Services,Online,202.25,0,76.6,3,513.0,0,0.82,0
T10789682,2025-01-01 11:59:56,C110797,36,TN,M3811,Fuel,POS,2802.3,1,2.5,1,71.5,0,1.86,0
T10702167,2025-01-01 12:00:08,C161861,44,GJ,M3587,Electronics,POS,679.47,1,12.8,2,12.9,0,1.76,0
T10316713,2025-01-01 12:00:18,C101153,24,KA,M2170,Healthcare,Online,2127.77,0,45.5,3,411.7,1,0.32,0
T10504977,2025-01-01 12:00:18,C119933,30,DL,M1034,Electronics,Online,2229.0,0,62.2,1,704.6,0,0.59,0
T10432714,2025-01-01 12:00:30,C139994,28,MH,M5530,Grocery,POS,714.01,1,13.1,4,211.3,0,1.09,0
T10439237,2025-01-01 12:00:43,C148186,39,RJ,M4514,Entertainment,POS,757.0,1,1.2,4,800.7,0,1.37,0
T10026655,2025-01-01 12:01:33,C121246,34,GJ,M3309,Grocery,POS,657.71,1,4.7,2,479.3,0,0.75,0
T10947669,2025-01-01 12:01:42,C174858,21,KA,M1652,Grocery,Contactless,819.95,1,23.9,1,429.0,0,1.53,0
T10164627,2025-01-01 12:01:53,C146487,40,DL,M2207,Online Services,Online,308.95,0,10.3,2,12.9,0,0.66,0
T10611526,2025-01-01 12:02:44,C113703,42,UP,M2520,Restaurant,POS,244.79,1,2.1,1,1457.2,0,0.6,0
T10825719,2025-01-01 12:02:47,C150736,63,TG,M3428,Travel,POS,775.1,1,6.4,1,1021.6,0,0.56,0
T10081908,2025-01-01 12:02:51,C117767,51,MH,M5828,Fuel,ATM,1000.0,1,5.5,5,1864.9,0,0.67,0
T10524821,2025-01-01 12:03:18,C174863,45,KL,M2760,Restaurant,Online,350.2,0,157.3,2,516.2,0,1.07,0
T10952555,2025-01-01 12:03:20,C182738,57,KL,M4181,Grocery,Online,1776.3,0,31.1,2,1767.1,0,1.36,0
T10036836,2025-01-01 12:03:35,C130486,53,TN,M5961,Grocery,Contactless,343.92,1,6.0,1,402.3,0,2.55,0
T10642029,2025-01-01 12:03:46,C164800,40,KA,M1593,Online Services,Online,1701.45,0,67.3,4,242.4,0,1.52,0
T10037414,2025-01-01 12:03:55,C159882,47,TG,M4655,Grocery,Online,1490.2,0,203.9,5,330.4,0,3.92,0
T10668209,2025-01-01 12:04:04,C116968,39,KA,M3135,Entertainment,POS,844.39,1,7.4,2,176.4,0,0.5,0
T10015805,2025-01-01 12:04:24,C178763,38,MH,M1951,Apparel,Contactless,349.94,1,4.7,3,835.3,0,0.77,0
T10787143,2025-01-01 12:04:28,C140482,54,KL,M1303,Fuel,Contactless,998.32,1,3.8,3,1210.2,0,1.14,0
T10047310,2025-01-01 12:04:29,C105526,35,MH,M3751,Grocery,Online,166.19,0,1.3,2,278.8,0,0.24,0
T10237322,2025-01-01 12:05:17,C105154,21,UP,M4347,Entertainment,Contactless,303.61,1,28.9,1,1199.4,0,0.57,0
T10367382,2025-01-01 12:05:43,C144681,49,MH,M5428,Grocery,Contactless,3402.38,1,11.5,2,1233.0,0,1.84,0
T10167611,2025-01-01 12:06:08,C179845,50,TN,M2183,Restaurant,Contactless,431.9,1,14.0,2,776.5,0,0.88,0
T10142511,2025-01-01 12:06:21,C161654,45,UP,M3045,Electronics,Contactless,984.68,1,7.2,1,21.2,0,2.78,0
T10027855,2025-01-01 12:06:46,C127048,18,WB,M3734,Apparel,POS,1848.84,1,3.6,4,702.5,0,0.61,0
T10394153,2025-01-01 12:07:14,C148410,18,DL,M3201,Utilities,POS,969.09,1,12.4,3,146.2,0,0.74,0
T10988104,2025-01-01 12:07:41,C118698,27,MH,M3419,Restaurant,POS,347.77,1,3.8,2,42.7,0,0.56,0
T10287208,2025-01-01 12:07:51,C182016,18,TN,M1884,Healthcare,POS,1171.91,1,9.4,3,697.2,0,1.29,0
T10530743,2025-01-01 12:08:00,C123991,36,RJ,M3281,Restaurant,ATM,5000.0,1,8.6,3,75.8,0,3.46,0
T10100515,2025-01-01 12:08:21,C166971,48,RJ,M2328,Travel,Contactless,103.93,1,3.5,2,91.7,0,1.14,0
T10730432,2025-01-01 12:08:47,C100417,38,UP,M4618,Fuel,Online,195.88,0,85.9,4,575.7,0,2.24,0
T10583842,2025-01-01 12:09:05,C125170,47,GJ,M4973,Utilities,Online,585.54,0,24.7,4,138.6,0,2.93,0
T10744697,2025-01-01 12:09:11,C173967,31,WB,M5187,Healthcare,Online,1926.23,0,50.2,2,352.8,0,1.78,0
T10026741,2025-01-01 12:09:53,C102278,64,UP,M1762,Grocery,Contactless,431.86,1,9.7,3,87.0,0,1.98,0
T10373430,2025-01-01 12:10:54,C150649,38,RJ,M4051,Travel,Online,915.6,0,111.3,5,518.1,0,1.76,0
T10022390,2025-01-01 12:11:50,C112828,18,UP,M3879,Utilities,Contactless,812.67,1,3.6,5,2557.1,0,1.48,0
T10517911,2025-01-01 12:12:00,C122008,41,RJ,M3606,Restaurant,Contactless,1696.56,1,26.9,3,244.3,0,1.39,0
T10922072,2025-01-01 12:12:06,C160752,38,UP,M3100,Restaurant,Contactless,2710.51,1,18.7,1,616.0,0,1.59,0
T10409307,2025-01-01 12:12:12,C104973,76,UP,M5997,Healthcare,Contactless,621.89,1,1.8,2,98.7,0,1.01,0
T10919578,2025-01-01 12:12:12,C175643,31,TN,M2938,Grocery,POS,111.81,1,6.8,1,262.6,0,0.78,0
T10339273,2025-01-01 12:12:48,C111031,40,MH,M3031,Online Services,Online,362.67,0,140.1,5,287.1,0,1.42,0
T10944164,2025-01-01 12:13:07,C143744,33,MH,M2903,Apparel,Contactless,288.45,1,4.7,1,67.7,0,1.06,0
T10985064,2025-01-01 12:13:24,C115882,32,KL,M4821,Fuel,ATM,1000.0,1,1.0,3,255.9,0,0.31,0
T10350487,2025-01-01 12:13:31,C166750,39,KA,M5502,Restaurant,Contactless,221.54,1,0.8,1,168.1,0,0.6,0
T10720006,2025-01-01 12:14:32,C132846,32,RJ,M3479,Online Services,Contactless,516.68,1,3.4,4,15.6,0,1.05,0
T10787342,2025-01-01 12:15:03,C112534,39,WB,M4769,Apparel,Online,3942.94,0,9.7,2,659.8,0,0.72,0
T10415227,2025-01-01 12:15:06,C122091,35,MH,M3388,Electronics,Contactless,1586.93,1,4.0,1,836.3,0,1.17,0
T10037850,2025-01-01 12:15:07,C129318,31,RJ,M5101,Grocery,Online,1024.4,0,8.3,4,517.5,0,1.42,0
T10854927,2025-01-01 12:15:12,C125034,28,UP,M4759,Fuel,Online,649.98,0,69.3,3,120.0,0,0.38,0
T10645243,2025-01-01 12:15:29,C161707,43,WB,M2422,Grocery,Contactless,1785.12,1,9.2,4,165.2,0,1.02,0
T10620694,2025-01-01 12:15:45,C157339,48,KA,M2507,Grocery,Online,2465.85,0,58.2,4,587.2,0,1.5,0
T10523673,2025-01-01 12:15:55,C147141,37,RJ,M1279,Entertainment,POS,4201.07,1,5.5,1,933.1,0,3.49,0
T10035006,2025-01-01 12:16:01,C176675,31,KA,M5010,Grocery,POS,760.32,1,26.3,4,85.2,0,0.9,0
T10192185,2025-01-01 12:16:02,C117136,42,MH,M5365,Jewelry,Online,2953.87,0,7.6,1,213.4,0,0.71,0
T10403907,2025-01-01 12:16:51,C104985,23,WB,M2140,Fuel,Online,448.21,0,29.4,2,629.5,0,0.85,0
T10283976,2025-01-01 12:17:35,C175676,24,TG,M3434,Entertainment,POS,440.9,1,12.8,4,986.4,0,0.94,0
T10946416,2025-01-01 12:17:41,C168451,21,GJ,M4344,Grocery,POS,622.17,1,15.2,3,593.0,0,0.46,0
T10813791,2025-01-01 12:18:55,C180001,36,KL,M3352,Healthcare,POS,275.23,1,16.8,4,284.2,0,0.81,0
T10260903,2025-01-01 12:19:23,C162617,50,UP,M1784,Grocery,Online,690.67,0,19.6,1,225.4,0,0.24,0
T10138184,2025-01-01 12:19:44,C155816,41,TN,M4799,Utilities,ATM,1000.0,1,2.3,3,491.5,0,0.75,0
T10404181,2025-01-01 12:19:51,C101616,52,MH,M2117,Electronics,POS,693.55,1,4.1,2,853.1,0,2.17,0
T10669762,2025-01-01 12:20:14,C128364,47,DL,M1897,Grocery,Contactless,565.26,1,1.7,2,1395.4,0,1.49,0
T10680609,2025-01-01 12:20:20,C179535,28,TG,M2715,Grocery,Online,3273.07,0,13.9,4,265.6,0,1.38,0
T10109904,2025-01-01 12:20:22,C153079,56,WB,M2004,Apparel,ATM,10000.0,1,11.1,2,37.3,0,0.59,0
T10727053,2025-01-01 12:21:25,C110531,51,KL,M5081,Utilities,Online,3739.69,0,7.5,2,194.4,1,1.19,0
T10796237,2025-01-01 12:21:49,C124433,46,UP,M4188,Grocery,Contactless,416.04,1,14.2,2,230.2,0,1.12,0
T10439963,2025-01-01 12:21:54,C180058,47,WB,M4655,Gift Cards,Online,851.91,0,23.6,2,161.5,0,1.34,0
T10855831,2025-01-01 12:21:58,C176044,45,KA,M1489,Electronics,Contactless,2603.02,1,10.7,1,1056.9,1,0.3,0
T10467820,2025-01-01 12:22:53,C141143,77,MH,M1632,Online Services,Online,1416.08,0,75.6,5,297.5,0,0.61,0
T10369806,2025-01-01 12:23:15,C153122,46,MH,M5077,Grocery,Online,2309.47,0,67.4,2,603.8,0,1.33,0
T10713827,2025-01-01 12:23:45,C167603,36,DL,M5456,Grocery,POS,701.04,1,6.8,3,314.5,0,0.77,0
T10499162,2025-01-01 12:25:03,C110946,49,TN,M4173,Apparel,POS,185.75,1,8.3,2,2111.7,0,0.85,0
T10332859,2025-01-01 12:25:19,C153205,39,RJ,M4553,Fuel,POS,1054.68,1,4.1,6,34.6,0,1.78,1
T10049603,2025-01-01 12:25:32,C131890,42,MH,M5726,Fuel,Online,706.27,0,131.9,2,918.4,0,1.12,0
T10090498,2025-01-01 12:26:25,C153357,50,KL,M4614,Online Services,POS,4611.65,1,2.9,2,1311.4,0,0.66,0
T10630199,2025-01-01 12:26:40,C127323,37,WB,M5787,Travel,Contactless,401.43,1,2.2,4,173.3,0,1.61,0
T10968094,2025-01-01 12:27:00,C128863,51,UP,M2776,Electronics,Online,2091.19,0,10.2,2,606.5,0,1.9,0
T10791427,2025-01-01 12:27:14,C172079,23,RJ,M1905,Fuel,Online,361.72,0,98.4,3,895.7,0,1.12,0
T10570436,2025-01-01 12:27:30,C182237,49,TG,M2619,Travel,Online,2894.32,0,136.6,3,26.8,0,4.01,1
T10113980,2025-01-01 12:27:56,C167432,72,TG,M4361,Grocery,POS,1916.85,1,14.3,3,22.4,0,1.09,0
T10591497,2025-01-01 12:28:12,C153570,60,KA,M4083,Grocery,Contactless,681.3,1,2.9,4,680.5,0,0.64,0
T10124093,2025-01-01 12:29:18,C130407,25,MH,M3885,Entertainment,Contactless,584.67,1,2.9,6,103.2,1,1.34,0
T10477513,2025-01-01 12:29:37,C115342,25,MH,M3597,Entertainment,POS,2732.11,1,4.9,2,191.1,0,1.15,0
T10690822,2025-01-01 12:29:55,C145085,41,DL,M2101,Restaurant,POS,638.07,1,20.6,5,587.5,0,1.2,0
T10465718,2025-01-01 12:30:08,C125627,60,GJ,M5304,Utilities,POS,2357.71,1,26.6,3,699.0,0,1.38,0
T10184756,2025-01-01 12:30:13,C111398,28,UP,M5135,Restaurant,POS,2366.08,1,12.9,4,3111.6,0,1.13,0
T10593682,2025-01-01 12:30:17,C171808,46,WB,M1645,Utilities,Online,881.67,0,13.6,3,23.4,1,0.93,0
T10966583,2025-01-01 12:30:21,C176818,40,KL,M1921,Restaurant,Online,2592.89,0,10.6,2,167.8,0,1.61,0
T10314834,2025-01-01 12:30:24,C150889,52,DL,M3344,Fuel,Contactless,52.86,1,3.0,2,1016.0,0,1.0,0
T10280670,2025-01-01 12:30:32,C147924,47,DL,M3726,Grocery,Contactless,653.53,1,6.4,1,108.8,0,0.54,0
T10719544,2025-01-01 12:31:32,C169786,28,KA,M2298,Electronics,Contactless,2835.98,1,6.2,3,28.9,0,0.82,0
T10129962,2025-01-01 12:32:18,C151007,18,DL,M5030,Grocery,Contactless,646.28,1,4.1,1,847.6,0,0.68,0
T10939524,2025-01-01 12:32:44,C159740,38,RJ,M3510,Electronics,Contactless,4481.22,1,11.0,2,177.2,0,3.69,0
T10445640,2025-01-01 12:32:58,C129864,52,MH,M1901,Grocery,Online,1708.09,0,15.8,1,250.8,0,0.43,0
T10176483,2025-01-01 12:33:52,C136665,33,MH,M5809,Apparel,Contactless,686.7,1,7.4,3,435.0,0,1.05,0
T10855880,2025-01-01 12:34:09,C124956,36,DL,M2335,Grocery,Online,324.76,0,141.1,3,575.6,0,2.56,0
T10610350,2025-01-01 12:34:19,C180948,45,WB,M2721,Restaurant,POS,115.06,1,3.0,2,315.4,0,0.36,0
T10878709,2025-01-01 12:34:39,C145133,47,GJ,M2607,Entertainment,POS,682.41,1,18.2,2,260.9,0,1.73,0
T10923430,2025-01-01 12:35:33,C101672,51,WB,M2132,Apparel,POS,190.4,1,2.0,4,201.8,0,1.0,0
T10471986,2025-01-01 12:35:46,C157737,33,GJ,M5510,Fuel,POS,490.64,1,1.7,4,546.9,0,2.04,0
T10354767,2025-01-01 12:36:14,C112481,35,DL,M1865,Entertainment,Contactless,280.85,1,1.1,2,523.5,0,1.03,0
T10815558,2025-01-01 12:36:27,C103712,48,GJ,M3251,Fuel,POS,1387.28,1,17.6,2,890.6,0,0.79,0
T10912427,2025-01-01 12:36:59,C119166,40,MH,M2954,Electronics,ATM,4400.0,1,0.4,4,1712.1,0,0.91,0
T10583701,2025-01-01 12:37:26,C155167,48,WB,M1318,Travel,POS,761.31,1,23.3,2,391.7,0,0.41,0
T10486026,2025-01-01 12:37:51,C149116,38,TN,M5450,Fuel,Online,760.56,0,67.3,3,92.3,0,2.13,0
T10914660,2025-01-01 12:38:18,C168363,58,TG,M4095,Grocery,Online,127.16,0,99.9,1,31.1,0,1.47,0
T10802241,2025-01-01 12:39:07,C150543,20,TN,M5446,Fuel,Contactless,240.78,1,12.9,2,347.4,0,1.15,0
T10386077,2025-01-01 12:39:10,C159471,40,GJ,M5092,Online Services,POS,252.2,1,21.8,3,258.2,0,0.67,0
T10226169,2025-01-01 12:39:20,C155944,56,UP,M5127,Healthcare,Contactless,1180.62,1,10.2,3,512.8,0,0.32,0
T10543506,2025-01-01 12:39:58,C175481,62,KL,M4949,Travel,Online,590.39,0,183.8,4,646.9,1,0.35,0
T10320737,2025-01-01 12:39:59,C139166,23,KL,M1789,Fuel,Online,346.18,0,28.8,1,79.9,0,0.64,0
T10526733,2025-01-01 12:39:59,C173498,52,KL,M4922,Apparel,Online,285.29,0,29.4,6,1972.8,0,0.74,0
T10683735,2025-01-01 12:40:03,C139697,45,KL,M5020,Travel,Online,1926.94,0,168.4,1,1737.0,0,1.06,0
T10943224,2025-01-01 12:40:33,C112740,19,UP,M5230,Utilities,Online,145.97,0,43.9,2,284.2,0,0.94,0
T10551617,2025-01-01 12:41:20,C131630,41,DL,M1694,Grocery,POS,727.62,1,3.0,1,133.4,0,0.86,0
T10935540,2025-01-01 12:41:47,C121509,56,DL,M2019,Entertainment,POS,118.94,1,0.4,1,1384.2,0,0.75,0
T10311467,2025-01-01 12:42:38,C181769,35,MH,M5700,Fuel,Contactless,393.95,1,3.1,1,524.7,0,2.37,0
T10973471,2025-01-01 12:42:42,C174209,44,MH,M2382,Fuel,POS,357.04,1,7.0,4,52.7,0,1.31,0
T10975303,2025-01-01 12:43:07,C145228,46,GJ,M4796,Electronics,ATM,4400.0,1,5.5,3,355.2,0,0.59,0
T10428067,2025-01-01 12:43:58,C105368,33,RJ,M3761,Restaurant,Contactless,633.35,1,3.7,4,954.8,0,0.94,0
T10990886,2025-01-01 12:44:42,C166952,41,UP,M4948,Travel,POS,3587.21,1,11.6,1,188.2,0,1.0,0
T10294596,2025-01-01 12:45:43,C140834,45,KA,M2669,Entertainment,Online,128.87,0,83.0,3,450.1,1,0.83,0
T10382483,2025-01-01 12:47:04,C176069,45,KL,M2142,Entertainment,Online,1369.07,0,41.4,1,572.2,0,1.15,0
T10941362,2025-01-01 12:48:21,C121367,33,RJ,M1697,Restaurant,Online,699.92,0,170.2,2,1745.4,0,0.81,0
T10365711,2025-01-01 12:48:59,C179328,32,UP,M2206,Entertainment,Online,230.0,0,21.3,1,175.4,0,1.7,0
T10888636,2025-01-01 12:49:27,C151363,54,TN,M4866,Entertainment,Contactless,1369.4,1,4.8,1,907.3,0,1.76,0
T10665371,2025-01-01 12:49:42,C120451,56,TG,M5472,Restaurant,POS,2634.37,1,4.8,2,662.0,0,1.07,0
T10221622,2025-01-01 12:50:15,C129864,27,TG,M2676,Restaurant,POS,193.01,1,17.5,1,434.1,0,0.75,0
T10541078,2025-01-01 12:50:24,C136752,29,TG,M2679,Online Services,POS,1043.45,1,0.9,2,36.6,0,0.7,0
T10996920,2025-01-01 12:51:32,C123148,34,WB,M2926,Travel,POS,970.44,1,12.7,2,401.2,0,1.67,0
T10930597,2025-01-01 12:52:25,C108776,63,GJ,M2278,Fuel,Contactless,1028.88,1,16.3,3,224.3,0,1.73,0
T10223812,2025-01-01 12:53:07,C166957,44,TN,M1168,Restaurant,Online,1436.4,0,136.9,3,1377.4,0,0.38,0
T10743695,2025-01-01 12:53:29,C138161,48,UP,M3031,Healthcare,Contactless,1207.88,1,16.1,3,281.4,0,0.7,0
T10468689,2025-01-01 12:53:37,C113572,22,WB,M4921,Healthcare,Online,287.8,0,5.2,3,40.2,0,0.72,0
T10145049,2025-01-01 12:53:54,C137487,20,UP,M1360,Online Services,POS,164.2,1,18.4,4,151.6,0,0.41,0
T10858390,2025-01-01 12:54:36,C120511,48,UP,M5081,Fuel,Contactless,652.3,1,9.3,3,241.3,0,1.07,0
T10451543,2025-01-01 12:55:01,C116397,18,TN,M2730,Fuel,Contactless,352.87,1,2.5,1,2297.8,0,1.47,0
T10638478,2025-01-01 12:55:02,C113464,39,GJ,M3508,Entertainment,POS,414.32,1,12.6,2,484.2,1,2.76,0
T10206181,2025-01-01 12:55:19,C126327,27,WB,M2886,Fuel,Online,875.57,0,36.0,2,1231.8,0,0.33,0
T10027764,2025-01-01 12:56:15,C134668,56,RJ,M3425,Fuel,ATM,2000.0,1,5.0,4,179.9,0,0.57,0
T10565165,2025-01-01 12:56:52,C105490,49,TG,M2281,Utilities,Contactless,465.23,1,28.2,2,106.0,0,0.57,0
T10307005,2025-01-01 12:58:06,C133107,52,WB,M1431,Fuel,Online,3647.38,0,72.0,4,2097.7,0,0.84,0
T10578881,2025-01-01 12:58:17,C162437,43,TG,M1395,Fuel,POS,724.51,1,1.9,2,2813.4,0,0.61,0
T10637336,2025-01-01 12:58:31,C169988,37,WB,M3932,Grocery,POS,766.98,1,2.1,1,169.8,0,1.2,0
T10232601,2025-01-01 12:58:35,C145849,44,TG,M2572,Online Services,Contactless,3923.82,1,3.7,1,698.9,0,0.55,0
T10639828,2025-01-01 12:58:40,C154793,40,RJ,M2265,Utilities,POS,4926.56,1,24.8,1,114.7,0,1.18,0
T10424979,2025-01-01 12:58:40,C180032,53,UP,M5409,Grocery,Online,2305.99,0,23.2,2,1070.9,0,0.74,0
T10119976,2025-01-01 12:59:07,C116125,32,WB,M3377,Apparel,POS,419.89,1,2.4,1,452.8,0,1.66,0
T10702810,2025-01-01 12:59:46,C144897,40,RJ,M3386,Online Services,Contactless,896.66,1,1.5,2,941.8,0,2.23,0
T10651393,2025-01-01 12:59:48,C135855,43,MH,M5574,Electronics,Contactless,932.98,1,11.5,2,309.9,0,1.6,0
T10148264,2025-01-01 12:59:48,C131596,48,TN,M5683,Fuel,POS,927.42,1,1.7,5,600.6,0,3.14,0
T10587491,2025-01-01 13:00:08,C124177,55,GJ,M3692,Utilities,POS,396.79,1,5.1,4,266.6,0,1.49,0
T10279770,2025-01-01 13:00:31,C115492,38,DL,M2439,Fuel,Contactless,716.79,1,14.7,2,54.6,0,0.69,0
T10891981,2025-01-01 13:00:58,C145437,41,TG,M4856,Fuel,POS,3578.25,1,2.5,6,774.2,0,3.68,0
T10297798,2025-01-01 13:01:26,C156666,41,MH,M2847,Electronics,Online,8188.44,0,98.5,1,672.9,0,0.99,0
T10211582,2025-01-01 13:01:32,C164872,30,TG,M2705,Online Services,Online,4539.95,0,84.0,4,927.3,0,1.49,0
T10036961,2025-01-01 13:02:13,C153076,33,GJ,M1197,Restaurant,POS,315.78,1,5.4,1,218.0,0,2.22,0
T10911901,2025-01-01 13:02:41,C121635,26,UP,M1956,Electronics,Online,4435.0,0,126.1,1,1395.5,0,0.58,0
T10171688,2025-01-01 13:02:45,C178324,18,UP,M3083,Fuel,Online,2790.92,0,40.8,4,301.6,0,1.97,0
T10851143,2025-01-01 13:02:52,C178171,41,WB,M2070,Fuel,POS,148.98,1,3.2,4,454.0,0,0.58,0
T10909392,2025-01-01 13:03:21,C137970,28,RJ,M4509,Entertainment,POS,1013.75,1,3.4,3,251.2,0,1.5,0
T10520861,2025-01-01 13:05:44,C116203,22,DL,M5745,Fuel,POS,1318.12,1,7.7,3,961.1,0,0.61,0
T10315620,2025-01-01 13:06:26,C158884,48,RJ,M1445,Fuel,Contactless,404.54,1,9.7,2,11.5,0,0.89,0
T10192398,2025-01-01 13:06:27,C140631,27,DL,M5086,Grocery,POS,184.99,1,4.9,3,32.1,0,0.32,0
T10079199,2025-01-01 13:06:30,C124335,38,TN,M2665,Restaurant,POS,319.41,1,2.6,2,2024.4,1,0.36,0
T10681877,2025-01-01 13:07:18,C106702,58,DL,M3283,Grocery,Online,3656.08,0,39.2,1,370.0,0,1.57,0
T10824577,2025-01-01 13:08:01,C153337,67,RJ,M4633,Grocery,ATM,2000.0,1,5.6,4,380.6,0,0.76,0
T10568840,2025-01-01 13:08:41,C179410,57,TG,M3212,Utilities,Online,90.73,0,9.6,2,279.2,0,1.08,0
T10734369,2025-01-01 13:08:46,C113165,48,TN,M5351,Apparel,ATM,5000.0,1,10.5,1,1493.4,0,0.87,0
T10657296,2025-01-01 13:09:24,C135992,40,DL,M4360,Grocery,Online,2638.45,0,15.9,3,213.4,0,0.52,0
T10945360,2025-01-01 13:09:25,C122566,24,GJ,M1926,Utilities,ATM,2000.0,1,5.4,5,631.6,0,1.94,0
T10229979,2025-01-01 13:09:47,C132527,26,TN,M1588,Restaurant,Contactless,203.25,1,0.0,2,1588.9,0,2.7,0
T10933066,2025-01-01 13:09:54,C108097,18,MH,M4478,Apparel,Contactless,92.78,1,8.6,3,381.2,0,2.42,0
T10701412,2025-01-01 13:09:55,C154311,67,KL,M3304,Restaurant,Online,2535.79,0,50.1,1,400.0,0,1.11,0
T10349334,2025-01-01 13:10:00,C152946,18,RJ,M3478,Online Services,Contactless,829.06,1,9.8,3,1256.8,0,2.26,0
T10091113,2025-01-01 13:11:04,C146539,32,TG,M1869,Fuel,POS,739.91,1,2.6,2,573.6,0,0.81,0
T10096392,2025-01-01 13:11:11,C151554,27,KA,M3097,Grocery,POS,3330.08,1,26.7,2,631.9,0,3.05,0
T10501507,2025-01-01 13:11:28,C148945,49,KL,M4808,Apparel,POS,665.56,1,1.0,2,298.2,0,0.85,0
T10048540,2025-01-01 13:11:57,C180546,18,UP,M3518,Healthcare,Online,2888.27,0,60.4,3,650.3,1,1.33,0
T10805758,2025-01-01 13:12:21,C169026,47,TN,M3334,Restaurant,Contactless,2547.83,1,3.4,2,377.4,0,0.27,0
T10712956,2025-01-01 13:12:28,C182760,56,WB,M1338,Restaurant,POS,283.38,1,2.8,4,1172.1,0,0.41,0
T10181678,2025-01-01 13:12:43,C127390,47,TG,M4758,Electronics,Contactless,2043.4,1,3.1,2,269.2,0,1.36,0
T10674639,2025-01-01 13:12:54,C136369,24,KL,M5470,Electronics,Contactless,762.41,1,5.2,1,490.6,0,1.0,0
T10233397,2025-01-01 13:13:07,C145377,47,TN,M4277,Entertainment,POS,1038.65,1,4.9,3,620.8,0,1.17,0
T10788783,2025-01-01 13:13:27,C127332,37,KL,M3729,Fuel,Contactless,640.09,1,1.0,2,39.8,0,0.82,0
T10738094,2025-01-01 13:13:43,C150973,41,UP,M2775,Fuel,POS,755.3,1,8.2,2,390.4,0,1.45,0
T10207461,2025-01-01 13:14:37,C134069,51,TG,M5270,Travel,POS,5028.91,1,3.2,1,1008.5,0,1.38,0
T10841258,2025-01-01 13:15:02,C128053,61,UP,M4743,Healthcare,Online,3876.11,0,18.8,4,474.5,0,2.37,0
T10448965,2025-01-01 13:15:10,C175163,18,TN,M2476,Fuel,Contactless,620.1,1,14.4,3,892.9,0,2.11,0
T10394280,2025-01-01 13:15:17,C154813,35,DL,M1669,Apparel,Contactless,2104.58,1,3.9,5,341.3,0,1.91,0
T10365692,2025-01-01 13:15:17,C131570,32,TN,M5838,Grocery,Online,4027.26,0,27.4,5,169.9,0,0.73,0
T10975374,2025-01-01 13:15:40,C170693,25,KA,M2652,Utilities,Online,213.44,0,180.9,4,1281.4,0,1.34,0
T10980948,2025-01-01 13:15:54,C175787,38,GJ,M5688,Restaurant,Contactless,156.64,1,3.5,3,208.7,0,1.14,0
T10672909,2025-01-01 13:16:39,C122739,45,DL,M5058,Grocery,Contactless,207.17,1,5.8,2,197.9,0,1.3,0
T10982735,2025-01-01 13:16:40,C141081,41,KA,M2816,Electronics,ATM,11000.0,1,1.5,1,219.2,0,3.28,0
T10316309,2025-01-01 13:17:18,C130811,18,UP,M2710,Electronics,Contactless,739.02,1,0.8,3,1097.6,0,1.65,0
T10974594,2025-01-01 13:17:29,C145563,32,UP,M5195,Restaurant,POS,134.81,1,8.2,2,1246.4,0,0.49,0
T10750769,2025-01-01 13:17:43,C104475,57,MH,M3437,Apparel,Contactless,288.73,1,3.9,4,1989.3,0,2.09,0
T10504470,2025-01-01 13:17:48,C150609,52,GJ,M2546,Apparel,POS,2515.5,1,6.3,1,472.2,0,1.41,0
T10858064,2025-01-01 13:18:08,C164504,60,TN,M4423,Healthcare,POS,1328.39,1,3.0,3,100.2,0,2.49,0
T10971302,2025-01-01 13:18:12,C121670,32,KA,M4646,Online Services,Contactless,841.73,1,7.6,5,1357.5,0,1.0,0
T10090850,2025-01-01 13:18:32,C168896,43,RJ,M3858,Apparel,POS,372.86,1,1.9,1,901.7,0,0.48,0
T10611200,2025-01-01 13:19:36,C123897,29,GJ,M2318,Gift Cards,POS,3290.26,1,3.2,5,711.2,0,2.4,0
T10934359,2025-01-01 13:19:50,C120902,29,KL,M1643,Utilities,POS,405.41,1,1.4,2,248.7,0,1.0,0
T10064335,2025-01-01 13:20:06,C131324,39,DL,M1660,Restaurant,Online,598.59,0,13.5,4,519.3,0,0.82,0
T10597400,2025-01-01 13:21:27,C105552,56,MH,M3209,Jewelry,ATM,4400.0,1,6.4,2,55.7,0,0.81,0
T10546879,2025-01-01 13:21:40,C135145,29,WB,M3481,Utilities,POS,279.55,1,5.9,4,50.2,0,1.35,0
T10276359,2025-01-01 13:23:25,C182137,34,GJ,M1752,Restaurant,Contactless,738.64,1,2.6,3,658.5,0,0.27,0
T10249091,2025-01-01 13:23:28,C122652,33,RJ,M1424,Jewelry,Contactless,2451.9,1,0.9,3,181.4,0,0.86,0
T10602609,2025-01-01 13:23:33,C122951,61,DL,M4882,Grocery,Contactless,235.61,1,2.8,2,460.4,0,1.39,0
T10331987,2025-01-01 13:23:42,C105254,55,RJ,M1577,Grocery,Contactless,1023.06,1,29.6,3,913.7,0,0.43,0
T10142572,2025-01-01 13:23:45,C115760,46,KL,M3614,Fuel,POS,5828.68,1,5.8,4,484.0,0,0.71,0
T10936167,2025-01-01 13:24:34,C100217,37,TG,M1251,Travel,Contactless,925.36,1,4.7,2,16.6,0,1.21,0
T10026378,2025-01-01 13:24:43,C160982,36,MH,M4855,Travel,Online,852.5,0,44.7,1,599.8,0,0.16,0
T10952585,2025-01-01 13:24:50,C111381,25,KA,M2002,Fuel,Contactless,1274.74,1,10.1,2,556.6,0,0.1,0
T10424778,2025-01-01 13:25:09,C106819,39,GJ,M4843,Jewelry,POS,3047.31,1,14.8,5,1151.1,0,1.4,0
T10924486,2025-01-01 13:25:11,C124433,34,UP,M2602,Restaurant,Contactless,2042.74,1,2.9,4,1396.7,0,1.23,0
T10072439,2025-01-01 13:25:43,C135052,39,KL,M5542,Grocery,POS,546.92,1,2.6,1,419.4,0,1.7,0
T10095663,2025-01-01 13:25:52,C173565,36,GJ,M1319,Grocery,ATM,20000.0,1,9.0,3,1832.8,0,0.68,0
T10110162,2025-01-01 13:26:11,C172659,28,DL,M4902,Electronics,Contactless,1369.79,1,1.5,2,814.6,0,1.64,0
T10332232,2025-01-01 13:26:32,C158729,51,UP,M3709,Electronics,POS,315.5,1,13.0,4,1494.2,0,1.43,0
T10814357,2025-01-01 13:27:02,C172739,36,TN,M5223,Apparel,Contactless,1439.11,1,9.4,4,948.6,0,0.86,0
T10614164,2025-01-01 13:27:34,C156572,33,GJ,M2452,Restaurant,POS,1053.26,1,18.3,6,103.3,0,0.95,0
T10438848,2025-01-01 13:27:44,C137678,46,UP,M4013,Restaurant,POS,145.72,1,3.6,1,275.9,0,1.53,0
T10449811,2025-01-01 13:29:05,C122096,24,WB,M4856,Utilities,POS,434.13,1,4.5,3,1121.0,0,1.52,0
T10673555,2025-01-01 13:29:24,C170127,55,WB,M4407,Online Services,Online,572.68,0,129.4,2,126.1,0,0.87,0
T10424376,2025-01-01 13:30:02,C182145,25,DL,M3987,Electronics,POS,3968.43,1,5.5,3,9.4,0,1.4,0
T10222837,2025-01-01 13:30:11,C121542,24,DL,M2084,Grocery,Contactless,3917.44,1,9.6,3,344.0,0,1.13,0
T10895666,2025-01-01 13:31:11,C141188,58,TG,M3105,Utilities,Online,958.47,0,33.9,5,198.1,0,0.98,0
T10933297,2025-01-01 13:31:35,C181846,43,DL,M1233,Apparel,POS,449.23,1,5.6,4,761.1,0,1.62,0
T10135162,2025-01-01 13:32:21,C110118,55,TG,M2657,Electronics,Online,4275.11,0,25.9,1,159.1,1,0.77,0
T10485946,2025-01-01 13:33:23,C170547,35,GJ,M5056,Restaurant,Contactless,1458.83,1,10.4,5,128.4,0,1.17,0
T10428454,2025-01-01 13:33:25,C102074,31,TG,M4525,Healthcare,POS,1272.58,1,5.6,2,1005.5,0,0.88,0
T10814284,2025-01-01 13:34:13,C117264,41,TN,M1013,Apparel,Online,951.02,0,69.0,3,52.4,0,0.64,0
T10857472,2025-01-01 13:34:33,C137116,49,DL,M5627,Apparel,Contactless,2890.26,1,8.7,3,245.9,0,0.9,0
T10631423,2025-01-01 13:35:23,C135931,29,KL,M1091,Fuel,POS,603.62,1,7.5,2,878.4,0,1.4,0
T10962016,2025-01-01 13:35:32,C154113,59,TG,M1154,Apparel,Contactless,1060.46,1,2.3,2,1654.7,0,4.49,0
T10792089,2025-01-01 13:35:44,C118293,27,RJ,M2722,Healthcare,ATM,2000.0,1,12.8,3,215.9,0,1.28,0
T10741563,2025-01-01 13:35:54,C163235,30,KL,M3863,Apparel,POS,3580.47,1,1.2,4,513.2,0,1.54,0
T10557097,2025-01-01 13:36:01,C134800,46,WB,M2171,Travel,POS,456.24,1,3.4,1,193.2,0,0.89,0
T10368083,2025-01-01 13:37:03,C155392,41,KA,M2123,Fuel,Contactless,203.66,1,9.6,1,639.3,0,1.18,0
T10450367,2025-01-01 13:37:14,C180759,19,WB,M1119,Utilities,POS,1581.04,1,10.4,2,739.8,0,0.52,0
T10634310,2025-01-01 13:37:58,C178924,52,DL,M1459,Apparel,POS,2314.23,1,5.4,3,344.5,0,1.17,0
T10353457,2025-01-01 13:38:17,C166521,32,UP,M1653,Utilities,Contactless,640.53,1,5.3,1,303.5,0,0.89,0
T10380435,2025-01-01 13:38:26,C149580,59,GJ,M2619,Entertainment,Online,653.35,0,52.5,2,1467.7,0,1.11,0
T10533021,2025-01-01 13:38:49,C175640,32,KL,M5319,Utilities,Contactless,521.01,1,5.3,3,88.8,0,1.18,0
T10945867,2025-01-01 13:39:09,C120425,36,GJ,M5115,Electronics,POS,275.73,1,13.2,2,579.3,0,2.99,0
T10054709,2025-01-01 13:39:20,C121178,30,TG,M3650,Fuel,Online,445.92,0,15.3,5,334.7,1,1.28,0
T10777177,2025-01-01 13:39:25,C171746,42,GJ,M3650,Healthcare,POS,1141.12,1,0.2,2,379.0,0,1.52,0
T10066498,2025-01-01 13:39:44,C179807,52,RJ,M2120,Entertainment,Online,82.23,0,9.2,4,963.9,0,0.61,0
T10145169,2025-01-01 13:41:32,C172208,38,WB,M5914,Grocery,POS,395.97,1,10.0,2,94.5,0,1.12,0
T10829331,2025-01-01 13:41:43,C157721,66,TN,M4213,Entertainment,Online,1166.81,0,104.6,1,451.3,0,0.44,0
T10149471,2025-01-01 13:42:00,C110941,34,KA,M3931,Online Services,Contactless,751.49,1,41.7,2,1023.6,0,0.41,0
T10756116,2025-01-01 13:42:14,C168625,27,KA,M5137,Grocery,POS,337.95,1,16.1,4,476.9,0,1.04,0
T10437818,2025-01-01 13:42:54,C114373,27,TN,M1043,Restaurant,ATM,1000.0,1,5.0,1,667.3,0,1.49,0
T10931121,2025-01-01 13:43:42,C120963,31,DL,M2708,Utilities,POS,599.87,1,7.8,3,137.4,0,0.74,0
T10279756,2025-01-01 13:43:57,C146314,38,TN,M2874,Restaurant,Online,3918.08,0,68.4,3,910.2,0,0.53,0
T10738124,2025-01-01 13:44:14,C160490,50,TG,M5156,Grocery,POS,2297.97,1,5.3,4,183.1,0,1.67,0
T10499004,2025-01-01 13:44:31,C181846,48,TG,M3519,Grocery,POS,2805.49,1,4.3,3,233.1,1,0.9,0
T10982926,2025-01-01 13:44:43,C153528,34,DL,M2934,Fuel,POS,491.87,1,3.3,2,1061.9,0,0.9,0
T10237145,2025-01-01 13:45:28,C105120,22,TG,M1143,Grocery,Online,92.95,0,154.3,1,1976.4,1,1.81,0
T10016757,2025-01-01 13:46:22,C134094,61,WB,M1607,Restaurant,Online,638.78,0,132.3,3,118.0,0,0.83,0
T10852930,2025-01-01 13:46:28,C105469,47,TG,M5810,Utilities,Online,278.41,0,67.6,2,178.9,1,0.65,0
T10780878,2025-01-01 13:46:30,C166574,32,GJ,M3600,Restaurant,POS,432.86,1,2.2,2,189.9,0,0.86,0
T10509487,2025-01-01 13:47:12,C150401,52,DL,M1373,Fuel,Online,915.97,0,16.7,1,1015.6,0,0.65,0
T10218696,2025-01-01 13:47:18,C147524,19,MH,M4858,Jewelry,POS,5183.29,1,6.1,1,6.0,0,1.64,0
T10407452,2025-01-01 13:47:39,C154637,28,DL,M1851,Entertainment,Contactless,1095.06,1,5.7,4,325.9,0,0.91,0
T10007899,2025-01-01 13:47:43,C124610,29,UP,M4223,Restaurant,ATM,5000.0,1,22.3,5,269.0,0,1.9,0
T10563862,2025-01-01 13:47:43,C137377,34,UP,M4262,Healthcare,POS,44.58,1,4.4,4,3042.9,0,0.83,0
T10752200,2025-01-01 13:48:08,C130614,32,UP,M3546,Apparel,Contactless,778.16,1,16.9,3,15.4,0,0.66,0
T10789030,2025-01-01 13:49:22,C152775,25,KL,M2730,Restaurant,POS,1381.83,1,5.8,1,114.5,0,2.11,0
T10387438,2025-01-01 13:49:29,C126659,18,GJ,M3801,Travel,POS,701.91,1,2.5,1,2534.7,0,3.36,1
T10438289,2025-01-01 13:50:00,C176321,37,WB,M1569,Fuel,Contactless,1044.06,1,1.6,6,170.6,0,2.61,0
T10957864,2025-01-01 13:50:12,C118259,53,TN,M1225,Utilities,POS,304.93,1,26.8,1,807.3,0,1.21,0
T10784483,2025-01-01 13:50:16,C158611,35,KA,M5178,Entertainment,POS,117.58,1,9.6,1,12.2,0,0.61,0
T10884615,2025-01-01 13:50:46,C103916,27,DL,M3923,Grocery,Contactless,559.63,1,3.0,2,418.1,0,1.19,0
T10924434,2025-01-01 13:50:58,C141544,54,RJ,M4689,Travel,POS,5003.15,1,2.8,3,1160.4,0,0.87,0
T10636186,2025-01-01 13:51:01,C121877,53,TG,M3212,Healthcare,POS,119.52,1,8.0,2,211.5,0,0.41,0
T10303842,2025-01-01 13:51:05,C128775,20,TG,M1750,Electronics,Online,98.6,0,48.4,3,600.6,0,1.49,0
T10737315,2025-01-01 13:51:13,C113404,46,MH,M2334,Restaurant,POS,292.65,1,9.3,5,61.3,0,0.88,0
T10971857,2025-01-01 13:51:19,C113578,39,GJ,M3076,Healthcare,Contactless,1039.27,1,10.2,2,183.6,0,1.05,0
T10426780,2025-01-01 13:52:47,C109042,18,KL,M1085,Utilities,POS,1269.24,1,0.1,2,10.7,0,1.7,0
T10665657,2025-01-01 13:52:57,C182926,18,TN,M1722,Grocery,Contactless,1177.79,1,7.6,2,522.0,0,0.62,0
T10096091,2025-01-01 13:54:09,C151684,32,UP,M2991,Gift Cards,POS,402.26,1,6.1,1,158.7,0,1.71,0
T10253978,2025-01-01 13:54:12,C130421,33,MH,M3232,Travel,POS,1226.02,1,3.1,3,309.3,0,0.84,0
T10513810,2025-01-01 13:54:12,C145121,27,UP,M4928,Healthcare,POS,5240.4,1,8.4,3,54.5,0,0.61,0
T10333993,2025-01-01 13:54:18,C114520,46,KL,M4904,Electronics,Contactless,3135.22,1,3.9,2,2451.4,0,0.45,0
T10936928,2025-01-01 13:55:06,C117124,34,MH,M2491,Grocery,Contactless,1851.62,1,2.9,2,733.3,0,1.84,0
T10499572,2025-01-01 13:55:22,C173855,49,DL,M2338,Online Services,Online,2760.5,0,38.9,3,821.0,0,1.35,0
T10379089,2025-01-01 13:56:18,C135045,54,DL,M3593,Healthcare,POS,405.38,1,27.0,2,2058.5,0,0.89,0
T10244381,2025-01-01 13:56:34,C183242,61,MH,M3289,Fuel,POS,165.13,1,4.0,3,1876.9,0,0.7,0
T10393150,2025-01-01 13:57:29,C120718,22,TG,M4879,Fuel,ATM,2000.0,1,3.4,1,7.0,0,0.9,0
T10137683,2025-01-01 13:57:38,C107825,30,WB,M1792,Entertainment,Contactless,710.25,1,3.5,1,750.5,0,1.25,0
T10622642,2025-01-01 13:57:47,C155857,54,RJ,M4245,Grocery,Contactless,1631.43,1,3.8,3,14.3,0,0.76,0
T10065720,2025-01-01 13:58:07,C171756,31,TG,M1069,Utilities,Online,2319.72,0,47.0,3,30.3,0,0.99,0
T10566527,2025-01-01 13:58:25,C100419,39,DL,M2228,Apparel,Online,1247.45,0,52.0,3,37.2,1,0.65,0
T10768644,2025-01-01 13:58:27,C171565,76,GJ,M2579,Grocery,Contactless,420.42,1,9.3,2,858.3,0,1.23,0
T10852419,2025-01-01 13:59:03,C112991,61,KL,M1933,Grocery,Online,653.94,0,111.5,3,750.3,0,1.14,0
T10848954,2025-01-01 13:59:29,C111313,42,TG,M1423,Restaurant,ATM,1000.0,1,8.3,1,1407.3,0,2.45,0
T10867869,2025-01-01 13:59:30,C137214,58,KA,M1286,Online Services,Contactless,11449.52,1,7.6,3,538.8,0,1.61,0
T10116695,2025-01-01 13:59:58,C100228,44,KA,M4554,Restaurant,Contactless,2044.2,1,5.9,1,347.6,0,1.7,0
T10893709,2025-01-01 14:00:16,C118895,54,TG,M5538,Utilities,POS,878.13,1,13.9,3,695.4,0,1.26,0
T10983154,2025-01-01 14:00:28,C119442,35,KL,M2878,Grocery,ATM,5000.0,1,3.2,4,63.1,0,0.7,0
T10708883,2025-01-01 14:00:51,C113901,41,UP,M5307,Utilities,POS,358.5,1,0.6,2,1049.8,0,0.93,0
T10877245,2025-01-01 14:01:04,C100859,51,TN,M5953,Restaurant,Contactless,16084.42,1,14.3,3,158.0,0,0.74,0
T10581235,2025-01-01 14:01:12,C180462,50,TN,M1072,Grocery,Contactless,4170.13,1,4.9,1,231.3,0,0.99,0
T10953069,2025-01-01 14:01:26,C178973,34,TG,M2800,Fuel,Online,335.05,0,13.4,3,42.3,0,0.78,0
T10963083,2025-01-01 14:02:27,C117098,26,WB,M1009,Fuel,POS,1038.25,1,2.8,3,222.7,0,1.64,0
T10600748,2025-01-01 14:02:40,C174366,60,DL,M5378,Jewelry,Online,1660.14,0,72.2,1,402.8,0,5.3,0
T10193151,2025-01-01 14:02:49,C146874,50,RJ,M1115,Utilities,Contactless,117.21,1,0.3,2,387.5,0,0.35,0
T10741947,2025-01-01 14:03:11,C116000,46,RJ,M2394,Restaurant,Online,763.65,0,146.5,3,225.8,0,1.84,0
T10620639,2025-01-01 14:03:15,C122186,28,RJ,M4427,Restaurant,Contactless,350.98,1,4.5,2,127.4,0,1.17,0
T10344564,2025-01-01 14:03:47,C114661,36,TG,M1621,Online Services,ATM,2000.0,1,25.2,1,2504.3,0,0.78,0
T10780171,2025-01-01 14:04:55,C108782,32,UP,M4520,Restaurant,Online,5803.8,0,38.2,4,156.3,0,1.12,0
T10287502,2025-01-01 14:05:29,C166397,30,WB,M2664,Restaurant,ATM,20000.0,1,9.5,3,133.6,0,0.52,0
T10556808,2025-01-01 14:05:37,C126123,28,RJ,M4037,Entertainment,POS,838.41,1,2.4,2,389.3,0,0.68,0
T10316868,2025-01-01 14:05:56,C180088,26,RJ,M1475,Grocery,POS,4152.27,1,28.5,1,504.8,0,0.52,0
T10878284,2025-01-01 14:06:00,C141850,50,UP,M2377,Restaurant,POS,365.16,1,2.5,2,291.2,0,0.54,0
T10343157,2025-01-01 14:06:02,C110174,44,TG,M1508,Online Services,POS,5803.24,1,13.2,3,337.3,0,0.57,0
T10732094,2025-01-01 14:07:31,C151582,33,UP,M4201,Utilities,ATM,20000.0,1,8.2,1,173.1,0,0.54,0
T10216732,2025-01-01 14:07:41,C149756,57,GJ,M5923,Grocery,POS,1390.86,1,1.9,4,562.1,0,1.08,0
T10149302,2025-01-01 14:08:11,C175191,23,KL,M1661,Fuel,Online,1101.04,0,104.6,1,236.3,0,2.02,0
T10419300,2025-01-01 14:09:37,C171554,48,TG,M2981,Apparel,Online,640.89,0,53.5,3,414.8,0,0.77,0
T10219525,2025-01-01 14:09:43,C101866,41,GJ,M4459,Healthcare,Online,2744.3,0,12.5,1,297.7,0,0.74,0
T10595007,2025-01-01 14:10:50,C179035,23,KA,M5019,Restaurant,POS,293.08,1,8.6,2,153.8,0,0.81,0
T10991479,2025-01-01 14:10:59,C128475,37,KL,M3942,Restaurant,Contactless,348.95,1,18.6,3,1088.4,0,0.57,0
T10047250,2025-01-01 14:11:04,C173967,27,TG,M1643,Grocery,Online,293.55,0,203.5,1,383.4,0,1.18,0
T10954231,2025-01-01 14:11:08,C107770,48,TG,M4279,Grocery,Contactless,114.59,1,14.0,2,971.2,0,1.15,0
T10080151,2025-01-01 14:11:26,C104549,53,GJ,M3197,Jewelry,Online,5263.32,0,22.7,3,93.7,0,1.07,0
T10641221,2025-01-01 14:12:57,C140710,41,RJ,M5507,Restaurant,Contactless,2304.37,1,25.0,2,530.1,0,1.71,0
T10946372,2025-01-01 14:13:03,C161253,49,DL,M2888,Utilities,Online,895.36,0,131.2,2,386.1,0,1.7,0
T10564754,2025-01-01 14:13:07,C144284,38,WB,M4798,Fuel,Contactless,1431.58,1,5.0,4,729.4,0,0.97,0
T10359066,2025-01-01 14:13:11,C179988,18,UP,M5823,Fuel,POS,132.4,1,5.4,2,268.9,0,0.41,0
T10816541,2025-01-01 14:13:37,C156409,29,KA,M5528,Restaurant,Contactless,443.19,1,3.2,2,1064.2,0,1.94,0
T10144864,2025-01-01 14:14:21,C114030,43,DL,M1062,Online Services,Online,390.43,0,128.6,1,1099.5,1,1.37,0
T10931449,2025-01-01 14:14:27,C133417,30,DL,M2289,Travel,POS,5378.76,1,1.1,3,1295.2,0,0.78,0
T10021071,2025-01-01 14:15:23,C129028,33,DL,M3912,Healthcare,Contactless,162.93,1,6.7,4,268.1,0,0.89,0
T10689296,2025-01-01 14:15:38,C143066,56,TN,M5402,Apparel,Contactless,498.07,1,2.0,2,54.1,0,0.37,0
T10949005,2025-01-01 14:15:48,C159881,55,KL,M4854,Utilities,POS,217.26,1,1.7,2,66.9,0,1.22,0
T10919035,2025-01-01 14:16:18,C153269,40,KA,M3678,Travel,Online,2164.76,0,41.9,3,12.7,0,2.49,0
T10760269,2025-01-01 14:16:25,C151282,58,DL,M3781,Grocery,POS,498.34,1,7.5,2,1470.6,0,1.13,0
T10635420,2025-01-01 14:16:36,C123773,41,UP,M3959,Jewelry,Online,585.64,0,120.2,2,1789.3,0,0.59,0
T10014906,2025-01-01 14:16:36,C108606,38,KA,M1014,Healthcare,Contactless,70.85,1,1.8,5,759.8,0,1.49,0
T10260489,2025-01-01 14:16:50,C159164,55,GJ,M1950,Healthcare,POS,481.2,1,4.8,4,633.0,0,0.6,0
T10776970,2025-01-01 14:16:50,C163596,41,MH,M3603,Grocery,POS,404.98,1,0.2,5,2891.1,0,2.74,0
T10074689,2025-01-01 14:17:03,C156795,57,MH,M3744,Fuel,Online,575.59,0,32.2,2,34.5,1,2.41,0
T10275569,2025-01-01 14:17:06,C111759,62,TG,M1254,Electronics,Contactless,3122.9,1,9.5,3,581.8,0,0.9,0
T10866695,2025-01-01 14:17:10,C181484,47,GJ,M5217,Grocery,POS,2087.62,1,47.3,2,179.7,0,0.87,0
T10829341,2025-01-01 14:18:11,C121656,51,TG,M1865,Restaurant,POS,2974.38,1,1.3,2,1804.7,0,2.6,0
T10748435,2025-01-01 14:19:52,C162929,33,RJ,M1047,Grocery,POS,3508.54,1,3.1,1,2777.3,0,0.64,0
T10014613,2025-01-01 14:20:06,C106049,52,RJ,M4325,Utilities,POS,430.11,1,0.7,2,2133.5,0,1.82,0
T10815143,2025-01-01 14:20:32,C173588,55,TG,M2398,Grocery,POS,152.46,1,23.6,4,108.2,0,0.71,0
T10364264,2025-01-01 14:21:17,C160382,18,KA,M4661,Electronics,POS,375.32,1,1.9,2,612.1,0,1.2,0
T10472713,2025-01-01 14:21:24,C142439,62,KL,M3817,Restaurant,POS,297.19,1,15.1,1,24.8,0,0.67,0
T10991470,2025-01-01 14:22:14,C180829,37,RJ,M1066,Entertainment,Online,571.58,0,203.9,2,239.5,0,0.81,0
T10960441,2025-01-01 14:22:40,C171243,29,KL,M2468,Entertainment,POS,359.57,1,1.2,4,371.2,0,2.18,0
T10169916,2025-01-01 14:23:17,C164371,27,TN,M4256,Entertainment,Online,1697.03,0,12.7,4,297.1,0,2.07,0
T10076889,2025-01-01 14:23:18,C135976,45,KA,M3277,Restaurant,Contactless,1716.99,1,12.8,3,453.0,0,0.84,0
T10635387,2025-01-01 14:23:22,C143955,37,TG,M5728,Online Services,Contactless,438.8,1,20.9,5,619.7,0,0.64,0
T10831679,2025-01-01 14:23:25,C162442,40,TN,M1126,Fuel,Contactless,2284.59,1,4.4,1,98.6,0,1.22,0
T10451206,2025-01-01 14:23:26,C167438,43,UP,M3887,Entertainment,Online,552.55,0,7.9,3,551.1,0,0.43,0
T10376304,2025-01-01 14:23:42,C128853,41,WB,M2994,Online Services,Contactless,1104.95,1,13.7,1,3027.0,0,1.44,0
T10046718,2025-01-01 14:23:48,C131263,46,KL,M4632,Utilities,Online,895.09,0,47.9,2,293.0,0,2.42,0
T10784438,2025-01-01 14:24:26,C177833,30,GJ,M4012,Restaurant,Contactless,2767.05,1,12.3,2,158.0,0,1.3,0
T10605351,2025-01-01 14:24:46,C169270,39,GJ,M3169,Grocery,ATM,2000.0,1,10.7,3,2209.2,0,1.37,0
T10599183,2025-01-01 14:24:47,C173052,39,TN,M2727,Utilities,POS,170.08,1,6.1,2,204.1,0,0.68,0
T10635914,2025-01-01 14:24:58,C139132,31,TG,M2164,Apparel,Contactless,752.7,1,5.0,5,6240.1,0,1.01,0
T10357593,2025-01-01 14:25:28,C172137,51,TG,M4986,Grocery,POS,4543.34,1,4.6,1,53.8,0,1.05,0
T10119254,2025-01-01 14:25:31,C181891,37,KA,M1760,Fuel,ATM,2000.0,1,6.2,2,62.9,0,1.09,0
T10486281,2025-01-01 14:25:53,C112117,20,KA,M1895,Healthcare,Contactless,325.77,1,5.5,4,166.7,0,0.52,0
T10456272,2025-01-01 14:26:01,C160963,60,RJ,M1003,Grocery,Contactless,11796.43,1,4.2,3,1256.1,0,0.49,0
T10069280,2025-01-01 14:26:37,C165139,63,DL,M5471,Apparel,Contactless,497.02,1,7.5,2,506.6,0,1.47,0
T10308364,2025-01-01 14:27:10,C130944,58,TN,M5177,Healthcare,POS,807.76,1,3.7,1,1339.9,0,1.44,0
T10313501,2025-01-01 14:27:15,C121778,39,UP,M1744,Apparel,Contactless,2536.62,1,11.4,1,789.4,0,0.58,0
T10603192,2025-01-01 14:28:17,C114328,41,DL,M2477,Apparel,POS,898.23,1,5.6,4,1802.3,0,0.49,0
T10319767,2025-01-01 14:28:26,C143134,33,KA,M3665,Electronics,Contactless,5033.27,1,11.7,5,303.8,0,1.81,0
T10948814,2025-01-01 14:29:01,C132719,20,GJ,M5536,Entertainment,Contactless,4310.24,1,1.3,3,888.3,0,1.73,0
T10011099,2025-01-01 14:29:10,C137899,52,RJ,M2272,Jewelry,Contactless,161.41,1,11.5,3,108.5,0,1.92,0
T10837931,2025-01-01 14:29:38,C101433,26,MH,M3305,Apparel,Online,370.83,0,9.4,1,257.6,0,1.0,0
T10144546,2025-01-01 14:29:53,C140578,63,WB,M4808,Entertainment,POS,1141.23,1,7.6,3,718.3,0,0.58,0
T10811293,2025-01-01 14:29:56,C179719,65,WB,M2439,Electronics,Online,216.81,0,53.8,2,913.6,0,1.73,0
T10458602,2025-01-01 14:30:07,C165735,54,RJ,M1616,Grocery,Online,711.42,0,53.6,2,1342.1,0,1.54,0
T10320617,2025-01-01 14:30:26,C181062,23,TN,M5151,Jewelry,POS,1670.39,1,11.7,3,43.4,0,0.37,0
T10116646,2025-01-01 14:30:38,C130028,37,WB,M5398,Electronics,Online,1793.29,0,132.9,4,217.3,0,0.62,0
T10703192,2025-01-01 14:31:05,C173615,52,UP,M5169,Gift Cards,POS,369.41,1,0.9,1,19.6,0,1.48,0
T10842915,2025-01-01 14:31:25,C163120,24,RJ,M2783,Restaurant,ATM,5000.0,1,4.4,1,680.0,0,1.58,0
T10886890,2025-01-01 14:31:29,C109090,34,GJ,M2411,Jewelry,POS,2378.86,1,3.6,1,1435.4,0,0.32,0
T10702806,2025-01-01 14:31:35,C117613,44,GJ,M4715,Restaurant,POS,470.54,1,9.7,1,381.3,0,1.17,0
T10891676,2025-01-01 14:31:45,C163120,30,TN,M5907,Apparel,Contactless,5557.49,1,8.5,1,690.0,0,0.79,0
T10851613,2025-01-01 14:32:37,C125567,24,MH,M2482,Grocery,ATM,10000.0,1,17.0,4,3.3,0,0.86,0
T10703521,2025-01-01 14:32:47,C141959,54,KA,M5386,Apparel,Online,278.41,0,65.3,2,127.4,1,0.32,0
T10476575,2025-01-01 14:32:49,C162295,37,TG,M3430,Grocery,Online,134.8,0,8.3,2,202.3,0,0.41,0
T10225862,2025-01-01 14:32:54,C130996,24,GJ,M1743,Grocery,ATM,20000.0,1,0.5,3,19.6,0,0.9,0
T10825509,2025-01-01 14:33:00,C139052,28,WB,M4122,Grocery,Online,1064.8,0,19.0,1,573.6,0,1.07,0
T10455278,2025-01-01 14:33:52,C107861,51,KL,M5585,Apparel,Contactless,422.04,1,24.0,3,395.3,0,1.75,0
T10899823,2025-01-01 14:34:04,C121313,38,KL,M5319,Travel,POS,3433.76,1,23.0,4,28.6,0,1.29,0
T10184193,2025-01-01 14:34:49,C166938,61,TG,M5402,Jewelry,Online,379.39,0,38.2,2,1117.0,0,0.36,0
T10483227,2025-01-01 14:34:58,C142393,35,TN,M2083,Restaurant,POS,418.2,1,5.5,4,512.3,0,2.23,0
T10054463,2025-01-01 14:35:03,C154267,33,DL,M1462,Fuel,Contactless,733.53,1,13.1,2,98.6,0,0.96,0
T10939311,2025-01-01 14:35:04,C102024,35,RJ,M2284,Grocery,POS,203.23,1,3.5,3,328.7,0,1.04,0
T10124940,2025-01-01 14:36:07,C135239,65,KL,M1244,Online Services,POS,322.2,1,7.7,3,217.1,0,1.11,0
T10428521,2025-01-01 14:36:16,C116981,48,UP,M5008,Restaurant,POS,233.33,1,17.4,4,1679.3,0,3.69,0
T10233256,2025-01-01 14:36:42,C149765,46,KL,M3209,Jewelry,Online,4009.5,0,124.6,2,249.8,0,1.56,0
T10580257,2025-01-01 14:37:09,C154928,50,KA,M4426,Grocery,Contactless,1773.04,1,1.7,6,42.4,0,1.51,0
T10452898,2025-01-01 14:37:10,C157979,43,TN,M1946,Restaurant,POS,440.2,1,4.0,2,136.9,0,0.45,0
T10282509,2025-01-01 14:37:32,C114994,62,MH,M4413,Grocery,Online,596.97,0,77.8,1,21.5,0,0.7,0
T10542426,2025-01-01 14:37:43,C165331,30,UP,M3286,Fuel,POS,920.63,1,2.4,2,523.3,0,1.32,0
T10587564,2025-01-01 14:37:52,C174835,49,GJ,M4702,Restaurant,POS,188.28,1,21.4,1,65.2,0,0.47,0
T10634077,2025-01-01 14:38:23,C111634,45,RJ,M5662,Gift Cards,Online,1129.53,0,140.2,3,108.4,0,0.86,0
T10090875,2025-01-01 14:38:51,C104397,39,UP,M4866,Grocery,POS,693.84,1,24.3,3,1307.9,0,0.26,0
T10240289,2025-01-01 14:39:06,C118166,39,WB,M3676,Grocery,POS,1030.35,1,11.7,3,313.8,0,2.5,0
T10624573,2025-01-01 14:39:21,C170694,54,KA,M2831,Healthcare,Contactless,435.63,1,6.1,1,75.8,0,0.43,0
T10212279,2025-01-01 14:39:31,C102735,18,KA,M4115,Entertainment,Contactless,1134.64,1,1.8,1,469.9,0,1.54,0
T10793994,2025-01-01 14:40:40,C102908,42,KL,M1923,Electronics,ATM,4400.0,1,1.1,2,703.7,0,1.38,0
T10997599,2025-01-01 14:40:47,C174753,62,RJ,M2414,Restaurant,Online,113.96,0,91.6,3,738.4,0,0.91,0
T10248606,2025-01-01 14:41:20,C147194,28,TN,M2123,Restaurant,Contactless,153.85,1,11.7,7,831.3,0,1.25,0
T10924551,2025-01-01 14:42:56,C139578,18,DL,M5184,Grocery,Online,402.92,0,54.2,2,647.9,0,0.61,0
T10930280,2025-01-01 14:43:23,C173897,58,GJ,M2136,Utilities,Online,502.5,0,84.9,2,678.8,0,0.53,0
T10505826,2025-01-01 14:43:23,C135369,61,UP,M5748,Online Services,Contactless,3508.1,1,31.4,4,166.7,0,0.53,0
T10483890,2025-01-01 14:43:50,C176824,46,RJ,M2684,Apparel,Online,256.6,0,130.9,3,520.0,0,0.84,0
T10160336,2025-01-01 14:43:59,C140900,40,RJ,M1121,Electronics,Online,938.17,0,112.5,1,1183.0,0,0.77,0
T10937620,2025-01-01 14:44:35,C122323,28,MH,M4703,Entertainment,Online,158.34,0,71.7,2,89.6,0,0.51,0
T10583447,2025-01-01 14:44:58,C170390,55,MH,M2183,Apparel,Contactless,146.71,1,9.1,3,880.3,0,1.4,0
T10105841,2025-01-01 14:45:22,C150176,49,DL,M5098,Fuel,Online,1248.28,0,39.6,3,781.4,0,1.07,0
T10008377,2025-01-01 14:45:29,C105800,60,MH,M1760,Fuel,POS,3156.94,1,5.4,2,105.6,0,1.0,0
T10553063,2025-01-01 14:46:04,C150988,40,KA,M1433,Apparel,POS,1014.88,1,11.3,2,514.9,0,0.94,0
T10165236,2025-01-01 14:46:12,C167569,35,RJ,M2637,Apparel,Online,5838.23,0,71.9,3,252.0,0,1.45,0
T10556930,2025-01-01 14:46:38,C148422,32,DL,M4866,Entertainment,Contactless,367.55,1,2.1,1,598.7,0,2.38,0
T10205143,2025-01-01 14:49:37,C114143,51,RJ,M3213,Fuel,ATM,2000.0,1,2.8,4,694.3,0,1.24,0
T10061638,2025-01-01 14:50:09,C171908,28,DL,M4717,Fuel,Contactless,202.08,1,0.3,4,201.9,0,0.76,0
T10351761,2025-01-01 14:50:37,C126196,18,UP,M2477,Entertainment,Contactless,757.13,1,6.0,2,69.1,0,1.1,0
T10270933,2025-01-01 14:51:12,C176354,59,RJ,M3814,Apparel,POS,659.28,1,1.1,2,3181.0,0,1.31,0
T10936906,2025-01-01 14:51:19,C126097,18,TN,M1245,Restaurant,POS,2347.3,1,12.5,1,255.7,0,1.18,0
T10015649,2025-01-01 14:51:50,C182322,58,RJ,M1882,Restaurant,Online,83.16,0,28.5,4,498.8,0,1.33,0
T10489413,2025-01-01 14:52:07,C168011,29,DL,M5942,Online Services,Online,314.97,0,26.5,2,25.0,0,0.5,0
T10728522,2025-01-01 14:52:20,C121173,82,WB,M3466,Travel,POS,632.04,1,0.5,4,178.9,0,0.7,0
T10510521,2025-01-01 14:52:25,C141384,38,DL,M4447,Fuel,Contactless,2524.59,1,4.3,2,396.6,0,2.32,0
T10435745,2025-01-01 14:52:29,C166739,51,RJ,M1262,Apparel,Online,78.72,0,17.9,1,829.3,0,1.21,0
T10502839,2025-01-01 14:52:36,C127654,43,TG,M3599,Restaurant,Online,609.68,0,10.8,4,907.4,0,0.87,0
T10427112,2025-01-01 14:53:51,C123202,51,KL,M2868,Fuel,POS,1425.69,1,9.5,3,466.8,0,0.28,0
T10343397,2025-01-01 14:54:55,C129207,37,TG,M4203,Healthcare,POS,365.74,1,7.3,4,171.7,0,0.84,0
T10624493,2025-01-01 14:55:05,C141713,34,KL,M3506,Apparel,ATM,10000.0,1,29.7,2,255.9,0,0.67,0
T10568155,2025-01-01 14:55:19,C178735,32,GJ,M5231,Travel,Online,372.55,0,46.6,2,1466.7,0,0.44,0
T10256214,2025-01-01 14:56:11,C179070,37,GJ,M1908,Travel,Online,677.4,0,63.2,2,585.3,0,1.42,0
T10426152,2025-01-01 14:56:15,C110429,18,KL,M4810,Electronics,POS,2030.16,1,11.9,3,736.3,0,0.82,0
T10045630,2025-01-01 14:56:23,C116380,26,TG,M1652,Restaurant,Online,1824.34,0,94.2,4,867.1,1,0.63,0
T10744894,2025-01-01 14:56:33,C177513,23,MH,M5050,Fuel,Contactless,245.4,1,15.9,1,463.3,0,0.88,0
T10523031,2025-01-01 14:56:42,C145437,48,TN,M2877,Online Services,Online,671.43,0,104.5,5,479.7,0,1.2,0
T10761225,2025-01-01 14:56:58,C141266,36,UP,M4698,Grocery,Online,1032.94,0,19.0,2,353.3,0,0.48,0
T10209701,2025-01-01 14:57:08,C145309,43,UP,M1080,Electronics,Online,752.47,0,12.8,1,51.3,0,0.46,0
T10680362,2025-01-01 14:57:49,C165555,50,GJ,M4708,Grocery,POS,2409.32,1,13.5,3,23.0,0,1.82,0
T10696023,2025-01-01 14:57:59,C139487,68,WB,M2713,Grocery,POS,668.88,1,10.3,1,533.8,0,1.67,0
T10855443,2025-01-01 14:58:14,C100611,41,TN,M5128,Online Services,Contactless,119.22,1,5.8,2,853.1,0,1.56,0
T10275693,2025-01-01 14:58:24,C155669,35,KA,M4082,Utilities,Online,2936.15,0,55.3,1,1230.0,0,1.1,0
T10502968,2025-01-01 14:58:41,C116372,45,RJ,M1548,Restaurant,Contactless,1140.69,1,5.5,3,37.6,0,0.83,0
T10335629,2025-01-01 14:59:06,C163513,42,TG,M4247,Grocery,POS,1124.28,1,8.2,1,509.3,0,2.04,0
T10889592,2025-01-01 14:59:32,C178446,45,UP,M1048,Restaurant,Contactless,2792.54,1,25.3,1,135.8,0,0.78,0
T10901432,2025-01-01 15:00:26,C164904,52,WB,M2466,Electronics,Online,6818.48,0,9.2,3,412.4,0,0.65,0
T10055041,2025-01-01 15:00:31,C114941,50,TG,M4041,Entertainment,POS,320.35,1,13.8,3,467.8,0,1.44,0
T10153054,2025-01-01 15:00:45,C109906,36,TG,M4075,Apparel,Online,1041.09,0,79.8,2,482.1,0,1.19,0
T10599231,2025-01-01 15:01:14,C144552,44,KL,M3726,Restaurant,POS,4401.76,1,3.5,2,2013.7,0,2.09,0
T10176826,2025-01-01 15:02:05,C181669,35,RJ,M4580,Utilities,POS,305.29,1,2.5,1,76.5,0,1.94,0
T10634946,2025-01-01 15:02:09,C154943,35,RJ,M4998,Grocery,Online,2403.4,0,28.7,1,1718.4,0,1.0,0
T10372789,2025-01-01 15:02:49,C177861,24,RJ,M1982,Entertainment,ATM,5000.0,1,23.8,2,1490.6,0,1.05,0
T10003837,2025-01-01 15:03:20,C149952,60,TG,M2802,Grocery,POS,1134.2,1,9.4,5,1415.2,0,1.64,0
T10951475,2025-01-01 15:03:43,C152142,46,KL,M3435,Apparel,Online,638.93,0,31.2,2,1021.2,0,1.35,0
T10846662,2025-01-01 15:03:50,C127571,28,GJ,M1613,Grocery,POS,192.5,1,10.2,3,258.1,0,1.04,0
T10402892,2025-01-01 15:04:19,C169520,43,DL,M2622,Restaurant,POS,294.67,1,11.7,1,40.0,0,1.52,0
T10435760,2025-01-01 15:04:22,C112370,46,MH,M3530,Restaurant,POS,1589.4,1,20.2,4,941.6,0,1.27,0
T10272517,2025-01-01 15:04:32,C119883,52,UP,M2547,Electronics,POS,5569.21,1,3.2,2,737.4,0,0.51,0
T10575119,2025-01-01 15:05:01,C151592,33,TN,M4398,Grocery,POS,192.54,1,17.4,2,199.6,0,0.65,0
T10673376,2025-01-01 15:05:15,C113068,49,TN,M4062,Grocery,Online,245.99,0,49.0,2,3.5,0,2.11,0
T10867810,2025-01-01 15:05:35,C145041,46,DL,M5701,Restaurant,Contactless,2762.29,1,19.0,3,562.7,0,0.69,0
T10117762,2025-01-01 15:06:15,C125132,56,DL,M2234,Grocery,POS,430.5,1,2.2,4,2112.3,0,1.88,0
T10378877,2025-01-01 15:06:20,C176579,44,MH,M3982,Travel,Online,725.34,0,212.9,3,963.2,0,1.78,0
T10663893,2025-01-01 15:06:35,C117673,28,DL,M1957,Grocery,POS,223.04,1,11.6,2,767.5,0,1.22,0
T10386806,2025-01-01 15:07:04,C103058,44,RJ,M4598,Utilities,POS,1843.89,1,15.5,2,1375.9,0,0.53,0
T10059078,2025-01-01 15:07:56,C126654,31,KA,M5787,Travel,POS,5812.38,1,3.3,2,1263.2,0,1.2,0
T10312843,2025-01-01 15:08:30,C167005,58,RJ,M1028,Apparel,POS,160.51,1,14.2,7,506.5,0,1.13,0
T10216646,2025-01-01 15:09:15,C157740,56,UP,M5584,Grocery,POS,145.86,1,9.3,3,2814.4,0,0.78,0
T10146515,2025-01-01 15:09:43,C136086,46,WB,M3912,Entertainment,Contactless,1060.57,1,6.0,2,699.0,0,0.59,0
T10705154,2025-01-01 15:10:06,C160768,35,MH,M4657,Travel,POS,620.8,1,10.0,3,54.3,0,0.62,0
T10021460,2025-01-01 15:10:19,C140063,37,RJ,M3292,Apparel,Online,3738.96,0,20.3,2,440.6,0,1.14,0
T10286468,2025-01-01 15:10:34,C168287,23,TG,M2318,Fuel,POS,2668.34,1,2.0,2,120.4,0,1.11,0
T10706747,2025-01-01 15:10:49,C121622,22,KL,M2393,Grocery,Online,244.52,0,21.2,4,605.6,0,1.39,0
T10791654,2025-01-01 15:11:09,C153499,24,UP,M5631,Utilities,Contactless,1004.96,1,5.9,1,602.7,0,1.87,0
T10882863,2025-01-01 15:12:15,C174597,45,WB,M3562,Apparel,Contactless,939.88,1,7.3,3,802.3,0,0.69,0
T10442072,2025-01-01 15:12:20,C125534,32,DL,M1862,Utilities,POS,2237.71,1,10.1,4,346.4,0,1.17,0
T10267468,2025-01-01 15:12:59,C127642,62,TG,M1138,Restaurant,POS,551.48,1,7.4,1,122.8,0,0.56,0
T10212860,2025-01-01 15:13:28,C161433,32,GJ,M4105,Online Services,Online,730.32,0,27.7,5,666.5,0,1.49,1
T10504248,2025-01-01 15:14:35,C128977,43,TN,M4127,Healthcare,ATM,5000.0,1,0.4,2,897.3,0,1.31,0
T10488827,2025-01-01 15:15:25,C148788,52,DL,M4990,Grocery,Contactless,323.02,1,4.8,3,495.8,0,0.93,0
T10585357,2025-01-01 15:15:30,C177280,41,WB,M3638,Healthcare,POS,8022.98,1,2.8,1,1578.6,0,0.77,0
T10867947,2025-01-01 15:16:30,C129516,53,UP,M5972,Online Services,POS,11758.1,1,7.1,2,277.9,0,1.33,0
T10220404,2025-01-01 15:16:40,C154149,18,TG,M1662,Restaurant,Contactless,112.13,1,12.2,4,886.4,0,0.36,0
T10213070,2025-01-01 15:17:34,C128643,55,KA,M4576,Online Services,POS,124.06,1,2.8,3,49.6,0,0.21,0
T10193345,2025-01-01 15:17:49,C150983,63,WB,M4169,Apparel,Online,485.11,0,115.3,2,1644.6,0,0.5,0
T10441711,2025-01-01 15:18:07,C104897,23,KL,M2574,Grocery,Contactless,3070.56,1,19.4,3,19.5,0,0.98,0
T10623364,2025-01-01 15:18:18,C109799,49,MH,M3900,Electronics,POS,3459.26,1,12.4,3,854.3,0,0.94,0
T10607418,2025-01-01 15:18:19,C128031,44,TN,M2300,Fuel,Online,417.74,0,43.0,3,1183.7,0,0.62,0
T10964968,2025-01-01 15:18:20,C114392,18,RJ,M5897,Grocery,Contactless,677.0,1,7.2,2,115.2,0,1.6,0
T10585221,2025-01-01 15:18:21,C163575,68,UP,M4546,Fuel,ATM,5000.0,1,14.8,2,39.3,0,0.83,0
T10287835,2025-01-01 15:19:44,C123178,44,TG,M5639,Fuel,Contactless,181.51,1,8.8,2,910.5,0,0.69,0
T10940460,2025-01-01 15:20:35,C142774,29,TG,M1361,Apparel,POS,920.33,1,4.7,2,1528.9,0,0.55,0
T10945990,2025-01-01 15:20:40,C181695,42,GJ,M1284,Travel,POS,2101.95,1,4.7,3,10.3,0,1.18,0
T10809730,2025-01-01 15:20:48,C168238,58,DL,M2760,Restaurant,Online,531.81,0,71.2,2,208.0,0,0.98,0
T10215126,2025-01-01 15:21:02,C129264,41,DL,M5973,Fuel,Contactless,598.57,1,3.7,1,136.5,0,0.56,0
T10230301,2025-01-01 15:22:06,C110657,58,TN,M4283,Fuel,Online,170.19,0,48.9,3,475.0,0,1.88,0
T10686205,2025-01-01 15:22:41,C162592,35,MH,M5965,Utilities,POS,580.68,1,4.7,1,320.3,0,2.08,0
T10226310,2025-01-01 15:22:52,C132008,34,WB,M3917,Entertainment,Online,297.05,0,71.7,2,188.8,0,1.43,0
T10637321,2025-01-01 15:23:17,C133973,31,UP,M5390,Travel,POS,4802.49,1,1.2,1,146.1,0,1.83,0
T10207786,2025-01-01 15:23:32,C126798,66,UP,M1784,Online Services,Contactless,156.39,1,7.6,1,357.7,0,1.14,0
T10734737,2025-01-01 15:24:36,C175876,29,RJ,M4761,Online Services,Online,994.88,0,70.1,3,674.8,0,1.07,0
T10129027,2025-01-01 15:24:43,C178942,43,KL,M1241,Apparel,POS,580.21,1,2.3,2,1248.4,0,2.52,0
T10083452,2025-01-01 15:25:41,C177278,25,MH,M4464,Grocery,Contactless,1336.06,1,10.6,2,690.9,0,0.48,0
T10269799,2025-01-01 15:25:48,C105991,52,UP,M1638,Restaurant,Contactless,1205.4,1,2.7,3,350.6,0,0.68,0
T10568735,2025-01-01 15:25:59,C122759,42,GJ,M1365,Fuel,POS,239.0,1,5.5,3,1757.8,0,1.12,0
T10377495,2025-01-01 15:26:36,C110337,28,TG,M2188,Grocery,POS,164.36,1,1.1,1,494.1,0,1.61,0
T10997777,2025-01-01 15:26:56,C153214,59,KA,M3763,Utilities,ATM,10000.0,1,6.5,3,534.6,0,0.78,0
T10089778,2025-01-01 15:26:56,C154951,49,KA,M5496,Fuel,Online,2141.98,0,116.8,3,109.0,0,0.78,0
T10966896,2025-01-01 15:27:12,C118437,26,DL,M1416,Fuel,Contactless,613.87,1,14.9,3,606.7,0,3.36,0
T10406753,2025-01-01 15:27:40,C143269,55,UP,M2109,Restaurant,Contactless,2565.99,1,16.2,3,615.8,0,1.79,0
T10622936,2025-01-01 15:28:02,C141448,60,TG,M4293,Online Services,Online,220.4,0,25.0,2,143.1,0,1.48,0
T10391613,2025-01-01 15:28:19,C105605,29,TG,M2215,Entertainment,ATM,2000.0,1,10.7,5,875.7,0,0.95,0
T10886711,2025-01-01 15:28:32,C153547,47,KL,M2618,Online Services,Online,3245.51,0,21.7,3,133.3,0,0.26,0
T10356555,2025-01-01 15:28:36,C104932,47,RJ,M3056,Online Services,Contactless,5760.23,1,11.8,2,246.5,0,1.78,0
T10623476,2025-01-01 15:29:33,C144136,39,MH,M3892,Jewelry,POS,938.41,1,13.8,2,853.7,0,1.3,0
T10472991,2025-01-01 15:29:53,C114860,30,KL,M4837,Online Services,Contactless,676.57,1,11.7,3,646.2,0,1.7,0
T10180604,2025-01-01 15:29:54,C104125,66,TG,M5678,Apparel,POS,2247.4,1,7.1,1,415.7,0,2.02,0
T10163594,2025-01-01 15:31:12,C144657,39,UP,M3395,Utilities,POS,471.24,1,20.0,5,701.7,0,0.94,0
T10919150,2025-01-01 15:31:13,C152925,49,TN,M2185,Fuel,Online,198.6,0,99.5,2,447.1,0,0.8,0
T10622674,2025-01-01 15:31:20,C115152,41,TN,M2436,Fuel,Online,64.76,0,112.8,3,739.8,0,2.12,0
T10774036,2025-01-01 15:31:23,C143474,18,KL,M2837,Restaurant,Online,323.39,0,104.7,3,2669.6,1,1.02,0
T10144681,2025-01-01 15:31:30,C108235,24,MH,M2907,Fuel,POS,1640.56,1,7.6,4,2494.1,0,1.14,0
T10877257,2025-01-01 15:32:36,C154426,38,KA,M5716,Grocery,POS,4257.41,1,4.2,5,1482.3,0,1.67,0
T10306263,2025-01-01 15:32:53,C178792,66,KL,M1455,Grocery,POS,2075.01,1,10.6,5,713.1,0,1.9,0
T10442956,2025-01-01 15:33:06,C146234,49,WB,M3572,Healthcare,Contactless,1557.68,1,5.5,2,141.4,0,0.38,0
T10170087,2025-01-01 15:33:06,C110956,37,UP,M4377,Restaurant,POS,548.72,1,10.6,4,225.4,0,1.52,0
T10801374,2025-01-01 15:33:11,C170667,41,RJ,M1026,Restaurant,Contactless,538.8,1,8.1,4,59.4,0,0.57,0
T10299980,2025-01-01 15:33:19,C121914,25,RJ,M4183,Online Services,Online,3177.03,0,40.3,3,1256.9,0,0.65,0
T10917596,2025-01-01 15:33:34,C112300,19,TG,M5517,Apparel,Contactless,153.36,1,15.4,3,248.5,0,1.09,0
T10977575,2025-01-01 15:33:50,C129253,58,RJ,M4614,Grocery,POS,172.4,1,12.1,2,194.3,0,0.8,0
T10650952,2025-01-01 15:33:54,C176402,40,TG,M2958,Fuel,POS,1138.73,1,2.9,5,442.1,0,0.79,0
T10945085,2025-01-01 15:33:57,C102589,35,TN,M1101,Grocery,Online,3668.57,0,26.5,1,20.1,0,0.79,0
T10369403,2025-01-01 15:34:16,C115822,25,GJ,M5290,Apparel,Online,3401.38,0,129.4,2,1960.5,0,0.32,0
T10984756,2025-01-01 15:34:33,C147980,35,WB,M4834,Entertainment,POS,1249.65,1,23.6,3,1111.7,0,1.56,0
T10234552,2025-01-01 15:34:44,C127722,65,TG,M4719,Fuel,Contactless,2954.57,1,4.2,2,112.0,0,1.4,0
T10138762,2025-01-01 15:35:36,C182327,18,TG,M2711,Apparel,Online,296.55,0,35.7,1,164.1,0,1.78,0
T10104387,2025-01-01 15:35:42,C128524,24,DL,M5235,Utilities,Contactless,1046.67,1,6.1,3,385.4,1,0.52,0
T10097772,2025-01-01 15:35:56,C137054,56,WB,M5300,Travel,POS,1550.74,1,0.6,6,317.9,0,0.76,0
T10458795,2025-01-01 15:36:51,C161449,64,TG,M3575,Restaurant,Online,668.53,0,21.1,2,136.3,0,0.79,0
T10763504,2025-01-01 15:37:23,C159706,45,RJ,M3587,Grocery,POS,165.06,1,2.0,3,1291.9,0,0.5,0
T10576145,2025-01-01 15:37:34,C179866,41,TG,M3572,Utilities,Contactless,248.98,1,5.4,2,1069.0,0,0.85,0
T10094783,2025-01-01 15:37:56,C176246,23,UP,M5158,Online Services,Online,3271.99,0,296.3,1,285.7,0,0.36,0
T10887172,2025-01-01 15:38:00,C135575,18,TN,M5897,Restaurant,POS,2236.78,1,6.3,1,159.5,0,1.25,0
T10365288,2025-01-01 15:38:21,C174149,57,GJ,M5743,Utilities,Contactless,2432.23,1,14.3,4,1241.4,0,1.42,0
T10917019,2025-01-01 15:39:19,C142710,64,TG,M3300,Grocery,Contactless,11080.45,1,13.6,1,2793.9,0,1.55,0
T10354942,2025-01-01 15:39:20,C111706,38,KA,M4311,Grocery,Online,611.36,0,14.4,4,470.5,0,1.93,0
T10437575,2025-01-01 15:39:36,C161439,44,TN,M1745,Entertainment,Contactless,231.42,1,1.5,3,666.8,0,1.52,0
T10010259,2025-01-01 15:39:41,C181381,21,KL,M4181,Apparel,Contactless,650.4,1,7.7,3,647.1,0,0.42,0
T10917564,2025-01-01 15:39:44,C126488,26,DL,M3070,Entertainment,Contactless,2977.44,1,14.4,2,51.8,0,0.65,0
T10513690,2025-01-01 15:40:07,C115003,40,DL,M3436,Electronics,Online,1253.63,0,192.6,5,636.0,0,1.11,1
T10516286,2025-01-01 15:40:30,C163057,50,WB,M3190,Fuel,POS,909.36,1,17.1,2,435.3,0,0.56,0
T10324794,2025-01-01 15:41:12,C139525,42,DL,M4806,Utilities,Online,3134.75,0,71.1,3,140.4,0,1.31,0
T10668192,2025-01-01 15:41:59,C180707,28,RJ,M1366,Grocery,Contactless,475.33,1,4.2,3,621.5,0,1.04,0
T10193861,2025-01-01 15:42:10,C123499,18,KA,M1782,Restaurant,Online,157.84,0,62.6,2,1251.1,0,0.71,0
T10620115,2025-01-01 15:42:47,C155968,59,GJ,M3718,Utilities,Contactless,5012.86,1,1.1,2,763.2,0,0.91,0
T10162211,2025-01-01 15:43:34,C120581,61,MH,M3359,Restaurant,Online,5343.99,0,9.1,2,252.1,0,0.98,0
T10679374,2025-01-01 15:43:51,C179914,49,UP,M1937,Grocery,Contactless,759.91,1,10.4,1,138.4,0,1.18,0
T10275417,2025-01-01 15:44:01,C144593,58,TG,M2717,Utilities,POS,776.68,1,6.4,3,486.2,0,0.61,0
T10027358,2025-01-01 15:44:01,C168961,52,WB,M5589,Fuel,Online,979.85,0,98.3,2,348.4,0,0.41,0
T10453373,2025-01-01 15:44:06,C169898,69,KL,M5420,Restaurant,Online,1338.93,0,37.3,2,57.8,0,0.84,0
T10870756,2025-01-01 15:44:42,C170880,41,GJ,M4282,Online Services,Contactless,511.8,1,9.3,3,107.2,0,3.03,0
T10309991,2025-01-01 15:45:07,C146237,46,KA,M5451,Restaurant,POS,134.87,1,29.7,4,1401.1,0,0.52,0
T10806236,2025-01-01 15:45:36,C104784,47,MH,M4956,Gift Cards,POS,1546.21,1,1.4,2,234.2,0,1.64,0
T10271355,2025-01-01 15:45:47,C115872,48,TN,M1232,Jewelry,Contactless,749.36,1,14.5,1,46.5,0,0.5,0
T10576304,2025-01-01 15:45:58,C117301,53,RJ,M4708,Entertainment,Online,881.77,0,16.5,1,1006.5,0,0.56,0
T10617012,2025-01-01 15:46:37,C106902,43,DL,M5421,Fuel,Contactless,782.21,1,4.7,5,289.3,0,0.56,0
T10959674,2025-01-01 15:46:47,C109392,44,DL,M4163,Fuel,POS,1002.38,1,5.8,3,545.9,0,1.41,0
T10885729,2025-01-01 15:47:31,C154111,53,WB,M2689,Apparel,POS,2898.97,1,1.8,1,590.6,0,2.31,0
T10780512,2025-01-01 15:47:51,C169931,34,MH,M1930,Healthcare,ATM,5000.0,1,8.0,2,38.9,0,0.65,0
T10841491,2025-01-01 15:48:08,C106218,31,RJ,M3622,Fuel,POS,233.01,1,0.1,5,641.4,0,0.4,0
T10133833,2025-01-01 15:48:25,C138859,38,MH,M3735,Apparel,Online,345.42,0,91.5,5,478.3,0,0.93,0
T10346725,2025-01-01 15:48:26,C159067,64,MH,M1330,Grocery,Online,943.09,0,60.0,4,186.0,0,0.87,0
T10682243,2025-01-01 15:48:46,C125740,24,RJ,M1163,Online Services,POS,569.05,1,23.9,3,1326.3,0,0.7,0
T10370056,2025-01-01 15:48:55,C168949,22,WB,M4509,Healthcare,POS,4070.08,1,5.4,1,653.6,0,0.97,0
T10495470,2025-01-01 15:49:06,C135113,39,TN,M3946,Fuel,Online,516.09,0,123.7,2,134.3,0,1.9,0
T10808308,2025-01-01 15:49:19,C112929,37,DL,M1096,Fuel,Online,1541.08,0,122.2,5,11.7,0,1.4,0
T10347769,2025-01-01 15:49:59,C157364,59,TG,M3930,Fuel,POS,930.72,1,12.7,4,252.0,0,1.34,0
T10396231,2025-01-01 15:50:21,C160925,54,KL,M2231,Grocery,Contactless,2622.44,1,8.1,1,1037.7,0,1.79,0
T10828616,2025-01-01 15:50:34,C129127,37,KA,M1192,Fuel,Contactless,304.62,1,30.3,1,1050.5,0,1.44,0
T10923417,2025-01-01 15:50:34,C169182,30,KA,M5727,Grocery,POS,603.95,1,2.4,1,881.3,0,1.03,0
T10993769,2025-01-01 15:51:03,C143051,26,TG,M5284,Grocery,ATM,5000.0,1,0.9,4,736.0,0,2.87,0
T10651080,2025-01-01 15:51:35,C100430,41,DL,M5712,Gift Cards,POS,958.03,1,1.3,2,80.6,0,0.41,0
T10872494,2025-01-01 15:51:39,C137181,36,DL,M1407,Online Services,Contactless,5666.88,1,4.1,1,1776.5,0,0.61,0
T10765185,2025-01-01 15:51:55,C145436,27,TG,M1280,Grocery,Online,448.76,0,186.4,4,261.7,1,0.81,0
T10633793,2025-01-01 15:52:19,C180439,44,TG,M5173,Restaurant,POS,133.63,1,5.8,2,70.0,0,1.36,0
T10466453,2025-01-01 15:52:28,C144352,45,DL,M1471,Online Services,ATM,5000.0,1,10.9,4,622.9,0,0.59,0
T10053598,2025-01-01 15:52:33,C183125,66,MH,M4406,Grocery,POS,1521.59,1,7.4,2,172.0,0,1.17,0
T10101168,2025-01-01 15:52:49,C165761,18,KA,M3518,Restaurant,POS,629.71,1,8.3,1,1187.6,0,0.52,0
T10665849,2025-01-01 15:53:14,C144131,52,WB,M2226,Healthcare,Contactless,175.77,1,1.7,1,117.5,0,1.21,0
T10466014,2025-01-01 15:53:15,C121001,40,KA,M5747,Utilities,POS,942.71,1,14.9,1,711.8,0,0.82,0
T10575833,2025-01-01 15:53:19,C180902,37,KA,M3445,Online Services,POS,1219.2,1,4.2,4,628.4,0,2.18,0
T10789640,2025-01-01 15:53:53,C170837,41,RJ,M2660,Apparel,Contactless,155.22,1,2.8,2,270.9,0,0.76,0
T10088812,2025-01-01 15:53:54,C160347,31,RJ,M3430,Grocery,Online,814.13,0,16.2,1,398.9,0,1.65,0
T10563223,2025-01-01 15:54:17,C176426,18,GJ,M3373,Grocery,POS,343.14,1,1.5,1,1749.5,0,0.64,0
T10091835,2025-01-01 15:54:23,C154442,34,KL,M3271,Apparel,Contactless,1597.67,1,10.5,2,143.9,0,1.53,0
T10069360,2025-01-01 15:54:29,C106117,48,UP,M4440,Apparel,ATM,20000.0,1,7.6,4,54.5,0,0.86,0
T10659226,2025-01-01 15:54:51,C107727,51,RJ,M3166,Grocery,Online,312.64,0,49.3,2,191.0,0,1.23,0
T10489630,2025-01-01 15:55:21,C108608,51,WB,M5309,Fuel,Online,34.41,0,91.4,6,11.0,0,0.82,0
T10327716,2025-01-01 15:56:40,C120318,61,UP,M3577,Utilities,Online,119.85,0,32.8,3,649.0,0,0.85,0
T10008812,2025-01-01 15:57:21,C145877,42,KL,M5435,Restaurant,ATM,1000.0,1,4.1,6,561.1,0,1.47,0
T10277550,2025-01-01 15:57:25,C153159,82,KL,M1540,Online Services,POS,1047.59,1,3.4,2,60.5,0,0.93,0
T10585073,2025-01-01 15:58:25,C108022,53,GJ,M3251,Fuel,Contactless,1567.1,1,9.4,2,286.4,0,1.24,0
T10747214,2025-01-01 15:58:30,C141405,50,TG,M3355,Electronics,POS,4765.13,1,8.2,4,1155.3,0,0.85,0
T10927165,2025-01-01 15:59:15,C121660,46,UP,M3989,Grocery,Online,1032.26,0,194.3,2,65.7,0,1.21,0
T10843823,2025-01-01 15:59:47,C146819,26,WB,M5568,Utilities,ATM,20000.0,1,6.1,3,153.5,0,0.79,0
T10365630,2025-01-01 16:00:15,C151017,22,DL,M4466,Apparel,Online,1532.04,0,83.6,3,231.2,0,0.5,0
T10453957,2025-01-01 16:00:32,C133223,39,RJ,M1426,Restaurant,Online,795.35,0,118.0,4,108.4,0,1.96,0
T10208730,2025-01-01 16:01:27,C152060,36,MH,M2066,Online Services,POS,2546.99,1,4.0,3,269.9,0,0.68,0
T10151272,2025-01-01 16:02:38,C125914,28,TG,M3926,Apparel,POS,1265.03,1,5.8,1,718.0,0,1.09,0
T10638758,2025-01-01 16:03:17,C132881,40,MH,M3570,Apparel,POS,260.26,1,2.7,1,218.5,0,1.19,0
T10033808,2025-01-01 16:03:31,C181202,37,RJ,M2422,Healthcare,POS,5726.56,1,12.8,1,941.2,0,1.25,0
T10181420,2025-01-01 16:03:37,C157250,45,RJ,M3738,Grocery,Contactless,2265.62,1,11.8,3,76.6,0,0.5,0
T10724581,2025-01-01 16:04:16,C101441,68,KA,M3292,Apparel,POS,331.47,1,2.2,4,942.9,0,1.32,0
T10926015,2025-01-01 16:04:32,C158655,50,KL,M3164,Utilities,Online,2387.65,0,52.4,2,903.7,1,1.12,0
T10120714,2025-01-01 16:05:00,C183268,26,DL,M1565,Healthcare,POS,1992.69,1,7.5,1,166.7,0,2.12,0
T10430484,2025-01-01 16:05:25,C115648,34,GJ,M3035,Grocery,Contactless,867.86,1,21.7,4,1133.8,0,0.87,0
T10615667,2025-01-01 16:05:29,C167667,41,WB,M1605,Travel,POS,1351.11,1,2.1,5,662.7,0,1.69,0
T10291777,2025-01-01 16:06:11,C159464,30,KL,M1646,Online Services,Online,257.46,0,15.9,2,22.0,0,0.98,0
T10719859,2025-01-01 16:06:31,C146905,40,WB,M4810,Gift Cards,POS,3515.93,1,8.6,4,804.9,0,0.6,0
T10988746,2025-01-01 16:06:42,C107694,48,WB,M5050,Grocery,POS,4046.76,1,8.2,2,174.6,0,1.78,0
T10913237,2025-01-01 16:06:59,C143463,54,KA,M3890,Healthcare,POS,998.34,1,31.0,2,371.9,0,0.57,0
T10172917,2025-01-01 16:07:08,C160537,28,TN,M1633,Grocery,Contactless,1238.74,1,54.5,3,269.3,0,1.19,0
T10954739,2025-01-01 16:08:00,C118952,41,WB,M4915,Electronics,Online,5945.28,0,24.4,4,98.8,0,0.51,0
T10971203,2025-01-01 16:08:41,C156774,25,RJ,M5708,Healthcare,Online,2159.21,0,79.6,1,135.5,0,0.77,0
T10457579,2025-01-01 16:09:38,C139789,40,KA,M1349,Entertainment,Contactless,144.45,1,2.0,2,323.4,0,0.69,0
T10132779,2025-01-01 16:09:59,C131705,71,RJ,M4644,Entertainment,Contactless,457.0,1,12.9,4,133.6,0,1.08,0
T10118789,2025-01-01 16:10:27,C161887,56,DL,M5873,Online Services,ATM,5000.0,1,4.9,3,294.8,0,0.89,0
T10323928,2025-01-01 16:12:24,C176564,41,RJ,M1364,Utilities,Contactless,392.83,1,10.6,3,820.4,0,0.71,0
T10944409,2025-01-01 16:13:10,C117553,46,UP,M4044,Entertainment,POS,774.33,1,2.1,3,2045.5,0,0.65,0
T10979167,2025-01-01 16:13:23,C157192,46,GJ,M1205,Apparel,POS,600.61,1,8.5,1,619.5,0,0.98,0
T10130923,2025-01-01 16:13:56,C144786,35,TN,M3321,Fuel,Contactless,1647.74,1,0.4,4,1308.5,0,1.63,0
T10856866,2025-01-01 16:14:11,C130605,37,TN,M5527,Online Services,POS,784.48,1,10.0,3,343.0,0,0.77,0
T10793601,2025-01-01 16:15:07,C131694,31,DL,M3949,Travel,Online,1147.78,0,70.3,6,83.0,0,0.25,0
T10967738,2025-01-01 16:15:30,C111248,41,UP,M1722,Entertainment,Online,623.2,0,20.0,4,815.4,0,0.53,0
T10067540,2025-01-01 16:16:31,C142796,31,WB,M4850,Healthcare,Online,816.65,0,5.7,1,75.4,0,0.89,0
T10649535,2025-01-01 16:16:52,C152166,42,TG,M3309,Apparel,Contactless,10689.99,1,7.1,3,341.3,0,0.57,0
T10933223,2025-01-01 16:17:13,C137244,35,TG,M5293,Restaurant,Online,4551.28,0,34.0,1,10.9,0,0.85,0
T10727395,2025-01-01 16:17:16,C143907,34,MH,M3544,Utilities,POS,120.62,1,18.3,2,412.9,0,0.22,0
T10317505,2025-01-01 16:17:32,C175282,29,GJ,M4172,Restaurant,Contactless,780.58,1,6.4,7,903.6,0,0.74,0
T10939996,2025-01-01 16:17:37,C170835,58,DL,M5243,Grocery,Contactless,371.0,1,4.8,3,284.1,0,1.63,0
T10743638,2025-01-01 16:17:37,C130422,37,RJ,M5020,Fuel,Online,234.94,0,87.9,2,177.8,0,1.24,0
T10244758,2025-01-01 16:17:40,C169668,34,TG,M1954,Utilities,Contactless,709.41,1,26.4,2,862.2,0,0.96,0
T10571604,2025-01-01 16:17:53,C117972,31,DL,M1262,Healthcare,POS,35.23,1,6.6,3,141.9,1,0.72,0
T10225432,2025-01-01 16:18:02,C135842,37,GJ,M1159,Entertainment,Contactless,289.95,1,4.5,1,333.7,0,0.62,0
T10116830,2025-01-01 16:18:03,C130409,34,RJ,M3863,Electronics,POS,1753.4,1,39.1,3,724.9,0,0.34,0
T10490651,2025-01-01 16:19:09,C138879,30,RJ,M4497,Entertainment,POS,515.78,1,7.6,4,9.4,0,2.06,0
T10678715,2025-01-01 16:19:20,C132082,35,RJ,M3800,Gift Cards,POS,2267.75,1,24.7,3,460.7,0,0.25,0
T10259051,2025-01-01 16:19:31,C135430,50,RJ,M5749,Entertainment,Contactless,1012.61,1,0.1,2,108.4,0,2.26,0
T10594435,2025-01-01 16:19:49,C136333,29,KA,M1071,Grocery,POS,749.59,1,1.8,5,253.3,0,1.0,0
T10086869,2025-01-01 16:20:16,C128155,27,WB,M5090,Electronics,Online,816.57,0,81.1,3,110.4,0,0.86,0
T10094054,2025-01-01 16:20:21,C161081,38,GJ,M4220,Grocery,POS,575.6,1,3.1,2,125.7,0,1.84,0
T10368990,2025-01-01 16:21:05,C146611,44,GJ,M4704,Entertainment,Contactless,743.99,1,7.4,3,1590.4,0,1.18,0
T10060677,2025-01-01 16:22:50,C136263,38,RJ,M1631,Fuel,ATM,5000.0,1,1.8,1,257.4,0,0.82,0
T10474183,2025-01-01 16:23:39,C148876,49,TN,M5318,Grocery,POS,1798.45,1,4.2,2,1167.2,0,0.81,0
T10703430,2025-01-01 16:23:57,C141325,33,TG,M2101,Entertainment,Online,92.31,0,81.5,3,599.5,0,3.19,0
T10351089,2025-01-01 16:24:36,C140458,33,GJ,M4183,Online Services,Online,101.7,0,53.9,2,213.0,1,2.12,0
T10117439,2025-01-01 16:24:36,C170911,18,KL,M5784,Restaurant,Online,2143.65,0,79.0,2,79.2,0,0.88,0
T10542153,2025-01-01 16:25:02,C144408,48,GJ,M5781,Restaurant,ATM,2000.0,1,2.2,2,357.8,0,0.97,0
T10214183,2025-01-01 16:27:08,C133359,37,TN,M1817,Travel,Contactless,4106.43,1,4.5,2,457.8,0,0.95,0
T10791279,2025-01-01 16:27:46,C122277,52,GJ,M4776,Healthcare,Online,929.41,0,120.2,4,155.0,0,3.0,0
T10097222,2025-01-01 16:28:03,C132972,58,RJ,M1254,Utilities,Contactless,2905.12,1,6.8,3,25.1,0,0.96,0
T10137071,2025-01-01 16:28:12,C116254,47,TN,M2999,Apparel,Contactless,1587.7,1,0.6,3,172.3,0,1.35,0
T10810922,2025-01-01 16:28:16,C131518,35,MH,M4886,Fuel,POS,1151.55,1,8.7,1,762.5,0,1.94,0
T10399632,2025-01-01 16:28:30,C143612,60,TN,M1874,Restaurant,Contactless,330.28,1,13.6,5,667.2,0,2.83,0
T10706553,2025-01-01 16:29:02,C177174,34,RJ,M3576,Grocery,POS,3137.17,1,3.3,2,2699.6,0,0.51,0
T10781951,2025-01-01 16:29:02,C103461,37,TN,M5044,Fuel,Online,233.26,0,26.9,4,385.9,1,0.94,0
T10506865,2025-01-01 16:29:09,C177394,42,TG,M1004,Grocery,Contactless,105.49,1,3.2,4,823.9,0,0.34,0
T10883876,2025-01-01 16:29:09,C178796,40,DL,M2068,Grocery,Online,3289.91,0,48.3,1,1398.7,0,1.1,0
T10277161,2025-01-01 16:29:32,C109575,54,DL,M2541,Online Services,POS,1487.19,1,1.3,1,130.0,0,0.31,0
T10208975,2025-01-01 16:30:05,C112892,18,UP,M5457,Grocery,Online,743.9,0,91.9,3,1283.0,0,0.91,0
T10910990,2025-01-01 16:30:45,C152595,60,MH,M1157,Restaurant,POS,50.58,1,2.0,4,133.5,0,1.19,0
T10886360,2025-01-01 16:30:58,C144782,44,TG,M2361,Entertainment,Online,609.39,0,28.8,3,1566.3,0,2.71,0
T10561354,2025-01-01 16:31:16,C111076,53,KL,M3080,Fuel,Contactless,32.08,1,3.8,2,237.7,0,1.38,0
T10441767,2025-01-01 16:31:25,C112240,61,UP,M4610,Fuel,POS,402.83,1,8.3,2,157.6,0,0.41,0
T10409198,2025-01-01 16:32:07,C168206,37,UP,M4657,Online Services,Online,1393.73,0,53.9,4,642.2,0,1.12,0
T10429425,2025-01-01 16:32:27,C158385,39,GJ,M1419,Entertainment,Online,142.47,0,42.8,1,1037.9,0,1.06,0
T10680345,2025-01-01 16:33:19,C109675,47,TN,M4301,Apparel,Contactless,1109.38,1,4.4,4,415.3,0,1.14,0
T10619752,2025-01-01 16:33:39,C152384,35,TG,M2983,Apparel,Contactless,2063.35,1,31.7,2,345.0,0,2.52,0
T10862216,2025-01-01 16:34:00,C133933,36,UP,M1689,Online Services,POS,1962.73,1,5.8,1,1972.5,0,0.37,0
T10241718,2025-01-01 16:34:11,C158315,44,DL,M2296,Entertainment,POS,507.05,1,13.0,3,207.1,0,0.57,0
T10685915,2025-01-01 16:34:39,C176443,18,GJ,M3561,Restaurant,POS,722.78,1,2.0,5,458.5,0,0.74,0
T10217316,2025-01-01 16:34:51,C175950,54,TG,M4883,Apparel,Contactless,357.85,1,3.3,4,100.3,0,2.54,0
T10120981,2025-01-01 16:35:03,C157705,18,DL,M1656,Fuel,POS,771.27,1,0.2,3,498.3,0,0.74,0
T10023489,2025-01-01 16:35:46,C134428,58,RJ,M1770,Grocery,POS,973.2,1,9.2,4,595.9,0,1.17,0
T10566850,2025-01-01 16:36:28,C176060,44,KA,M2106,Grocery,Contactless,1461.06,1,14.3,4,2850.3,0,2.67,0
T10007608,2025-01-01 16:36:37,C122759,46,KL,M5612,Travel,Contactless,1956.5,1,5.6,2,309.6,0,4.96,0
T10928780,2025-01-01 16:36:42,C106016,41,TG,M3403,Entertainment,POS,619.27,1,6.6,5,228.6,0,2.13,0
T10558720,2025-01-01 16:36:43,C136770,38,UP,M2461,Utilities,Contactless,219.37,1,5.2,3,1235.8,0,0.6,0
T10606137,2025-01-01 16:36:46,C151879,44,KL,M1866,Grocery,POS,173.6,1,5.0,1,122.9,0,0.71,0
T10907222,2025-01-01 16:36:48,C102565,30,TN,M4017,Restaurant,Contactless,332.74,1,7.7,2,273.5,0,0.62,0
T10241852,2025-01-01 16:36:55,C105445,24,WB,M4029,Entertainment,Online,333.77,0,6.0,3,503.7,0,2.01,0
T10455018,2025-01-01 16:37:12,C106531,40,UP,M2936,Fuel,Online,975.61,0,4.0,3,75.4,0,0.81,0
T10190194,2025-01-01 16:37:26,C173219,40,DL,M4430,Apparel,POS,632.98,1,3.4,2,1332.1,0,4.94,0
T10334578,2025-01-01 16:37:50,C175340,43,UP,M3570,Apparel,POS,522.39,1,5.5,3,628.3,0,0.69,0
T10694294,2025-01-01 16:38:19,C128447,25,DL,M1662,Apparel,ATM,2000.0,1,4.6,4,368.2,1,0.66,0
T10390385,2025-01-01 16:38:24,C155699,33,DL,M5379,Grocery,Contactless,2828.38,1,5.5,1,1176.0,0,0.68,0
T10340592,2025-01-01 16:38:35,C116962,49,DL,M3332,Electronics,Online,1058.33,0,54.1,3,723.0,0,1.01,0
T10428362,2025-01-01 16:39:11,C166708,62,GJ,M5906,Grocery,Online,1689.19,0,17.9,1,453.0,1,0.9,0
T10198479,2025-01-01 16:39:34,C180866,50,UP,M1460,Online Services,ATM,10000.0,1,0.9,1,447.6,0,1.77,0
T10789081,2025-01-01 16:40:06,C180661,48,WB,M5918,Entertainment,Online,1099.38,0,157.8,2,99.8,0,0.96,0
T10507752,2025-01-01 16:40:16,C167739,25,KL,M1721,Grocery,Online,315.41,0,50.4,2,1659.4,0,1.68,0
T10464465,2025-01-01 16:41:42,C104733,60,MH,M2834,Restaurant,Contactless,514.83,1,1.1,2,275.8,0,0.54,0
T10758236,2025-01-01 16:42:02,C132746,34,GJ,M5820,Travel,Online,1332.39,0,65.3,2,515.7,1,0.63,0
T10236424,2025-01-01 16:42:15,C162388,44,TG,M5599,Gift Cards,Online,762.25,0,52.7,2,212.0,0,0.71,0
T10341000,2025-01-01 16:42:20,C137864,71,KL,M4090,Fuel,Online,6875.12,0,83.2,1,623.6,0,0.66,0
T10991323,2025-01-01 16:42:39,C155887,36,RJ,M5725,Fuel,Online,292.98,0,147.5,3,489.1,0,1.03,0
T10837684,2025-01-01 16:42:45,C175157,52,WB,M5485,Fuel,POS,2051.74,1,0.4,3,833.3,0,0.38,0
T10416139,2025-01-01 16:42:52,C120276,45,DL,M1591,Restaurant,Contactless,280.31,1,22.6,2,845.1,0,1.36,0
T10576613,2025-01-01 16:43:00,C164328,42,MH,M1649,Electronics,POS,8956.68,1,15.7,3,254.6,0,1.04,0
T10093523,2025-01-01 16:43:10,C164730,42,TN,M2997,Restaurant,POS,714.81,1,1.5,1,1318.8,0,1.04,0
T10748842,2025-01-01 16:43:15,C133783,56,TN,M4651,Restaurant,Contactless,401.5,1,15.1,3,322.0,1,0.98,0
T10465015,2025-01-01 16:43:43,C111894,38,DL,M3118,Restaurant,Contactless,749.11,1,9.6,2,284.5,0,0.91,0
T10358463,2025-01-01 16:45:43,C139474,45,TG,M4227,Grocery,POS,2514.27,1,2.9,5,943.6,0,0.48,0
T10818390,2025-01-01 16:46:10,C112316,44,TG,M1776,Grocery,Contactless,2058.55,1,9.2,1,419.3,0,0.57,0
T10168868,2025-01-01 16:47:09,C144558,48,TN,M4165,Grocery,POS,2307.09,1,10.9,2,601.9,0,0.43,0
T10695817,2025-01-01 16:47:32,C171678,26,TG,M3770,Apparel,Online,3181.48,0,92.0,2,1181.7,0,1.03,1
T10988014,2025-01-01 16:47:43,C127647,52,KA,M3815,Online Services,POS,592.28,1,42.5,3,501.2,0,0.35,0
T10749900,2025-01-01 16:48:19,C137525,54,TG,M2428,Travel,Online,2636.02,0,43.6,1,39.9,0,0.55,0
T10128315,2025-01-01 16:48:30,C104480,32,KA,M2073,Restaurant,POS,518.08,1,15.7,2,853.0,0,1.4,0
T10211866,2025-01-01 16:48:48,C128220,54,GJ,M2002,Entertainment,Contactless,1413.28,1,14.9,3,64.6,0,2.14,0
T10875353,2025-01-01 16:49:50,C132567,23,DL,M4787,Healthcare,Contactless,850.85,1,1.3,1,435.5,0,1.16,0
T10103398,2025-01-01 16:50:35,C127320,22,RJ,M5751,Grocery,Online,1362.87,0,137.4,3,76.2,0,0.6,0
T10279524,2025-01-01 16:50:36,C149928,36,KA,M4349,Grocery,ATM,5000.0,1,34.0,2,668.9,0,1.7,0
T10598462,2025-01-01 16:52:57,C155352,31,UP,M4911,Fuel,Contactless,622.48,1,21.9,2,240.9,1,0.43,0
T10270410,2025-01-01 16:53:16,C145809,26,UP,M2501,Electronics,POS,3236.33,1,19.5,4,836.7,0,0.6,0
T10019987,2025-01-01 16:54:13,C111666,26,WB,M2930,Restaurant,Online,491.83,0,64.4,4,39.1,0,1.04,0
T10692772,2025-01-01 16:55:17,C121109,31,DL,M5079,Restaurant,Online,650.78,0,13.1,2,39.5,0,1.23,0
T10575560,2025-01-01 16:55:37,C177373,18,RJ,M4528,Fuel,Online,745.3,0,13.8,3,813.2,0,0.63,0
T10499687,2025-01-01 16:56:10,C105975,46,TN,M3886,Restaurant,POS,4008.66,1,5.1,1,198.6,0,1.53,0
T10086705,2025-01-01 16:56:34,C148009,32,WB,M4022,Grocery,Online,1129.01,0,67.3,2,1535.3,0,1.85,0
T10950524,2025-01-01 16:56:49,C103833,31,WB,M5978,Electronics,POS,1711.45,1,7.5,2,771.4,0,2.26,0
T10993362,2025-01-01 16:57:26,C152810,40,RJ,M5507,Utilities,Online,2311.23,0,162.6,1,667.9,0,0.87,0
T10918709,2025-01-01 16:58:14,C179230,61,KL,M2764,Jewelry,Online,1145.23,0,27.7,2,354.0,0,1.45,0
T10271587,2025-01-01 16:58:53,C149821,24,WB,M5062,Apparel,POS,993.33,1,21.6,3,226.6,0,1.81,0
T10942155,2025-01-01 16:58:56,C123523,51,WB,M5451,Restaurant,POS,956.67,1,2.1,1,80.3,0,2.27,0
T10347376,2025-01-01 16:59:05,C136364,24,UP,M2185,Restaurant,POS,687.69,1,5.8,2,256.8,0,1.25,0
T10753794,2025-01-01 16:59:09,C155493,45,WB,M3861,Travel,Contactless,1065.04,1,10.6,1,865.7,0,3.84,0
T10644478,2025-01-01 16:59:09,C177182,34,GJ,M3237,Grocery,POS,520.0,1,8.1,4,36.4,0,0.84,0
T10551315,2025-01-01 16:59:12,C114289,22,RJ,M2587,Apparel,Contactless,287.55,1,6.4,1,87.9,0,3.8,0
T10016547,2025-01-01 16:59:13,C160511,48,TN,M1998,Fuel,Contactless,203.61,1,5.3,3,431.9,0,1.39,0
T10725087,2025-01-01 17:00:09,C176272,52,WB,M3022,Grocery,POS,1888.87,1,6.1,1,372.9,0,0.38,0
T10867437,2025-01-01 17:00:17,C181117,35,TN,M5459,Grocery,POS,12646.86,1,8.3,1,105.5,0,1.32,0
T10468886,2025-01-01 17:01:11,C127711,42,TG,M4498,Electronics,Contactless,1434.36,1,4.9,2,387.3,0,2.09,0
T10523451,2025-01-01 17:01:36,C121127,27,KL,M5363,Online Services,POS,240.02,1,10.3,2,1557.1,0,0.46,0
T10491848,2025-01-01 17:01:37,C115833,39,KA,M1254,Apparel,ATM,10000.0,1,7.3,1,1391.6,0,1.64,0
T10404594,2025-01-01 17:01:58,C107885,39,TG,M4970,Travel,Online,423.61,0,26.1,2,146.1,0,2.05,0
T10530293,2025-01-01 17:02:07,C128990,62,KA,M1145,Grocery,ATM,5000.0,1,4.0,2,216.9,0,0.53,0
T10020408,2025-01-01 17:02:08,C153232,40,RJ,M5803,Electronics,Contactless,4522.32,1,23.3,3,957.9,0,0.53,0
T10551507,2025-01-01 17:03:26,C145198,39,GJ,M3111,Electronics,POS,2279.27,1,2.3,1,71.1,0,3.13,0
T10137588,2025-01-01 17:03:36,C130434,82,TN,M2437,Gift Cards,Online,560.56,0,90.0,1,1026.2,0,0.77,0
T10140817,2025-01-01 17:03:42,C121286,31,TN,M1485,Restaurant,Online,230.75,0,2.7,2,53.3,0,0.47,0
T10856669,2025-01-01 17:03:57,C173042,44,TN,M1734,Restaurant,Contactless,277.39,1,3.2,2,976.6,0,0.75,0
T10590236,2025-01-01 17:04:39,C131270,40,GJ,M5295,Travel,Contactless,3054.74,1,1.7,3,1290.5,0,0.85,0
T10656596,2025-01-01 17:05:28,C162077,44,RJ,M3009,Restaurant,Online,1332.02,0,23.2,2,1013.8,0,0.8,0
T10790272,2025-01-01 17:06:00,C142854,27,KA,M1529,Utilities,Online,2932.22,0,75.9,1,98.6,0,0.77,0
T10704247,2025-01-01 17:06:04,C169080,48,UP,M5523,Restaurant,POS,1148.46,1,7.1,4,222.7,0,1.11,0
T10490359,2025-01-01 17:06:32,C175519,33,UP,M2515,Utilities,Online,849.36,0,58.3,1,671.1,0,0.42,0
T10482211,2025-01-01 17:06:58,C121760,40,UP,M5502,Grocery,POS,211.11,1,7.5,3,2366.5,0,1.08,0
T10039212,2025-01-01 17:07:10,C154612,33,WB,M4080,Apparel,ATM,20000.0,1,2.6,5,231.6,0,2.8,0
T10357072,2025-01-01 17:07:19,C162495,18,TG,M3910,Grocery,Contactless,2841.9,1,6.2,2,255.8,0,1.25,0
T10568946,2025-01-01 17:07:25,C163982,18,DL,M3469,Online Services,Online,397.06,0,104.6,2,481.0,0,1.04,0
T10189025,2025-01-01 17:07:28,C108070,28,KA,M4088,Fuel,Online,541.76,0,26.8,4,696.3,0,0.6,0
T10189103,2025-01-01 17:07:31,C155942,53,UP,M1403,Grocery,POS,597.53,1,7.9,2,88.7,0,0.93,0
T10334228,2025-01-01 17:07:37,C176329,25,KA,M2066,Fuel,Online,1362.5,0,168.5,3,170.3,0,1.56,0
T10916670,2025-01-01 17:08:43,C124248,36,UP,M4777,Restaurant,Online,1062.32,0,18.9,2,1911.0,0,1.54,0
T10551223,2025-01-01 17:09:35,C133919,44,KL,M4790,Entertainment,POS,36.32,1,1.1,3,680.9,0,1.71,0
T10963939,2025-01-01 17:10:16,C153633,35,TG,M5369,Grocery,Contactless,532.58,1,12.3,5,461.6,0,0.83,0
T10462025,2025-01-01 17:10:29,C147330,32,MH,M4929,Apparel,Online,482.23,0,25.7,1,209.0,0,1.89,0
T10122789,2025-01-01 17:10:42,C158309,32,DL,M2854,Gift Cards,POS,294.62,1,2.4,2,512.1,0,0.6,0
T10194787,2025-01-01 17:10:51,C142985,47,GJ,M3358,Healthcare,POS,631.66,1,30.4,4,645.6,0,0.77,0
T10440813,2025-01-01 17:11:15,C155405,46,KL,M5797,Electronics,POS,1364.2,1,11.6,2,284.6,0,0.76,0
T10974263,2025-01-01 17:11:26,C107896,42,GJ,M1254,Apparel,Contactless,1523.61,1,7.6,3,517.3,0,2.39,0
T10546282,2025-01-01 17:11:46,C118153,57,DL,M4076,Restaurant,POS,247.54,1,7.6,3,141.6,0,0.95,0
T10338206,2025-01-01 17:11:51,C124502,47,KA,M2468,Apparel,Online,440.96,0,15.7,4,190.5,0,1.48,0
T10271913,2025-01-01 17:12:06,C162230,48,GJ,M5047,Apparel,POS,323.46,1,8.9,2,116.6,0,1.29,0
T10164056,2025-01-01 17:12:24,C121255,47,KL,M5371,Restaurant,POS,836.84,1,16.1,3,388.8,0,3.35,0
T10583829,2025-01-01 17:12:39,C119341,41,KA,M3961,Grocery,POS,623.65,1,3.4,2,314.1,0,1.07,0
T10083613,2025-01-01 17:12:52,C168447,37,GJ,M5076,Restaurant,Online,855.94,0,41.1,1,1060.1,0,1.98,0
T10988073,2025-01-01 17:13:29,C121680,38,MH,M2479,Fuel,Online,964.96,0,34.5,3,507.3,0,1.13,0
T10139470,2025-01-01 17:13:46,C165181,38,RJ,M2372,Restaurant,Contactless,2132.04,1,5.8,3,1252.1,0,2.79,0
T10821136,2025-01-01 17:13:59,C173753,26,MH,M2434,Grocery,ATM,10000.0,1,3.3,3,71.4,0,1.12,0
T10977224,2025-01-01 17:15:27,C138395,52,MH,M3397,Restaurant,Contactless,141.48,1,1.1,2,64.1,0,2.24,0
T10190603,2025-01-01 17:16:27,C131997,59,RJ,M4475,Restaurant,ATM,20000.0,1,16.2,3,952.3,0,1.34,0
T10196195,2025-01-01 17:16:28,C140668,28,KL,M2575,Utilities,POS,635.34,1,20.8,3,177.2,0,0.94,0
T10044880,2025-01-01 17:17:06,C102926,28,DL,M4447,Entertainment,Contactless,615.11,1,3.0,3,3079.6,0,0.47,0
T10831418,2025-01-01 17:17:31,C127926,18,TN,M2405,Electronics,ATM,2200.0,1,1.7,3,220.3,0,0.9,0
T10185781,2025-01-01 17:17:34,C143272,52,RJ,M2325,Online Services,Contactless,1547.3,1,8.2,2,918.0,0,0.44,0
T10123380,2025-01-01 17:17:39,C174893,69,TG,M5607,Online Services,ATM,1000.0,1,5.8,3,245.8,0,1.22,0
T10462910,2025-01-01 17:17:40,C136241,31,WB,M4370,Healthcare,Contactless,628.93,1,11.5,5,481.3,0,1.66,0
T10492246,2025-01-01 17:18:05,C136703,18,TN,M5050,Utilities,Online,1327.28,0,20.5,1,23.9,0,1.36,0
T10239180,2025-01-01 17:18:11,C109552,54,KL,M5874,Restaurant,ATM,10000.0,1,11.0,4,230.2,0,0.38,0
T10292512,2025-01-01 17:19:19,C157350,39,UP,M4140,Restaurant,Contactless,425.21,1,10.5,3,1199.2,0,0.46,0
T10440064,2025-01-01 17:19:50,C115802,28,TG,M5284,Online Services,Contactless,441.28,1,5.3,2,222.0,0,0.55,0
T10435109,2025-01-01 17:20:02,C161635,39,KA,M3945,Restaurant,Contactless,1138.14,1,2.0,3,408.5,0,0.48,0
T10811996,2025-01-01 17:20:19,C147797,56,WB,M5161,Entertainment,ATM,2000.0,1,20.8,1,637.6,0,0.72,0
T10139076,2025-01-01 17:21:50,C134599,47,KL,M3268,Utilities,ATM,10000.0,1,6.2,5,517.7,0,1.72,0
T10098534,2025-01-01 17:23:10,C126459,26,UP,M4971,Restaurant,POS,2053.88,1,2.9,3,153.2,0,0.99,0
T10096821,2025-01-01 17:23:11,C170975,27,KL,M3515,Entertainment,POS,29.13,1,5.2,2,2108.2,0,1.03,0
T10686935,2025-01-01 17:23:25,C169845,32,KL,M3204,Fuel,Online,685.13,0,74.6,4,1606.2,0,1.02,0
T10809195,2025-01-01 17:24:05,C153936,63,UP,M1655,Entertainment,Online,1024.92,0,59.0,1,725.5,0,0.56,0
T10125794,2025-01-01 17:24:33,C121609,28,GJ,M5767,Grocery,POS,461.96,1,16.1,3,183.4,0,0.96,0
T10261067,2025-01-01 17:24:41,C134728,45,GJ,M2275,Fuel,POS,661.71,1,4.2,2,1164.4,0,0.41,0
T10033704,2025-01-01 17:24:49,C114831,52,TG,M3594,Restaurant,POS,846.56,1,1.1,3,1313.9,0,0.98,0
T10839263,2025-01-01 17:25:10,C117237,54,RJ,M3198,Healthcare,Contactless,1802.17,1,7.1,1,1368.2,0,1.92,0
T10494341,2025-01-01 17:25:12,C158560,49,WB,M2984,Healthcare,Online,36.93,0,49.5,3,1674.4,0,0.59,0
T10205054,2025-01-01 17:25:27,C156583,21,WB,M5508,Fuel,Contactless,1616.18,1,3.7,2,373.0,0,0.98,0
T10453306,2025-01-01 17:25:39,C103340,34,KL,M4939,Gift Cards,Online,1067.7,0,60.1,2,809.4,0,1.4,0
T10604392,2025-01-01 17:25:41,C164000,45,WB,M1788,Apparel,Online,312.43,0,45.1,3,6.4,0,1.35,0
T10786642,2025-01-01 17:26:48,C139733,43,DL,M5196,Apparel,Online,361.12,0,119.4,2,1034.3,0,1.76,0
T10192132,2025-01-01 17:27:17,C182279,40,DL,M4798,Grocery,Contactless,353.07,1,5.7,1,254.7,0,0.95,0
T10249772,2025-01-01 17:27:29,C106892,18,KA,M3094,Fuel,Contactless,837.32,1,1.9,4,356.0,0,0.82,0
T10612420,2025-01-01 17:28:05,C134792,18,KA,M4752,Travel,Online,2736.4,0,36.0,3,811.1,0,0.56,0
T10226747,2025-01-01 17:28:39,C176697,53,RJ,M2415,Online Services,Online,273.61,0,158.2,2,309.4,0,2.39,0
T10535194,2025-01-01 17:28:50,C176195,26,TN,M1322,Entertainment,Contactless,336.45,1,2.1,3,54.0,0,1.92,0
T10912671,2025-01-01 17:28:50,C123933,41,KL,M5309,Electronics,Contactless,3562.68,1,11.6,1,91.0,0,2.15,0
T10633853,2025-01-01 17:29:01,C178734,34,TG,M2822,Utilities,POS,240.8,1,0.7,1,286.0,0,1.12,0
T10225726,2025-01-01 17:29:20,C166876,54,KA,M2780,Utilities,POS,226.05,1,22.1,2,753.3,0,1.11,0
T10116904,2025-01-01 17:30:29,C141034,32,WB,M4031,Utilities,POS,386.62,1,9.8,1,47.0,0,1.31,0
T10843915,2025-01-01 17:30:30,C135821,34,TG,M5183,Restaurant,POS,194.14,1,19.5,2,267.5,0,0.37,0
T10709218,2025-01-01 17:30:35,C132165,44,UP,M2379,Grocery,POS,411.49,1,8.6,4,655.9,0,0.47,0
T10446536,2025-01-01 17:30:38,C105432,47,TN,M3348,Grocery,Online,636.19,0,139.1,1,1111.4,0,0.44,0
T10617805,2025-01-01 17:31:03,C105149,49,TN,M5872,Online Services,POS,2125.29,1,16.3,2,420.0,0,1.36,0
T10497582,2025-01-01 17:31:06,C138045,54,MH,M1928,Fuel,POS,718.03,1,3.0,3,338.4,0,1.15,0
T10606363,2025-01-01 17:31:36,C159029,24,TG,M3334,Gift Cards,POS,428.9,1,14.9,3,152.1,0,1.2,0
T10653226,2025-01-01 17:32:15,C149134,35,TG,M1439,Restaurant,Contactless,2042.26,1,32.6,4,125.3,0,2.2,0
T10246411,2025-01-01 17:32:16,C150295,43,KA,M3515,Grocery,ATM,20000.0,1,8.7,2,630.8,0,0.6,0
T10249003,2025-01-01 17:32:54,C137584,36,UP,M5340,Healthcare,Online,4171.35,0,64.9,6,1424.9,0,0.68,0
T10248423,2025-01-01 17:33:30,C165373,25,GJ,M5094,Healthcare,Online,636.35,0,36.8,5,47.0,0,2.24,0
T10063168,2025-01-01 17:34:03,C125952,56,UP,M1836,Grocery,Online,264.4,0,60.5,4,179.5,0,2.18,0
T10287456,2025-01-01 17:34:14,C106963,55,TG,M1112,Electronics,POS,1395.22,1,7.4,2,530.6,0,1.77,0
T10522639,2025-01-01 17:34:19,C117995,26,RJ,M3794,Grocery,Contactless,3739.86,1,17.5,2,83.4,0,0.69,0
T10556369,2025-01-01 17:34:28,C146442,38,UP,M5938,Entertainment,POS,425.67,1,13.5,4,1116.8,0,0.48,0
T10651326,2025-01-01 17:34:47,C178166,63,TN,M5039,Fuel,POS,3414.16,1,0.4,5,25.8,0,2.32,0
T10573881,2025-01-01 17:35:07,C162707,39,DL,M3148,Restaurant,Contactless,2891.6,1,6.8,1,1006.8,0,1.53,0
T10967784,2025-01-01 17:35:13,C119682,34,KA,M1424,Restaurant,Contactless,614.3,1,9.7,2,544.3,0,1.62,0
T10816228,2025-01-01 17:35:30,C102642,52,KL,M2841,Restaurant,POS,3287.37,1,0.9,1,43.1,0,0.77,0
T10659478,2025-01-01 17:35:32,C135663,62,WB,M5871,Grocery,POS,2197.42,1,7.7,4,108.7,0,0.84,0
T10981260,2025-01-01 17:35:49,C126219,38,KL,M1686,Grocery,ATM,5000.0,1,10.2,2,356.1,0,1.47,0
T10477098,2025-01-01 17:36:07,C155941,40,WB,M1157,Online Services,Online,982.63,0,68.4,1,6.5,0,0.93,0
T10063086,2025-01-01 17:36:13,C179836,35,UP,M2602,Grocery,POS,611.88,1,5.4,3,208.1,0,0.71,0
T10110588,2025-01-01 17:36:48,C105784,18,UP,M5924,Restaurant,POS,326.09,1,3.5,3,366.0,0,0.49,0
T10967857,2025-01-01 17:37:08,C114541,32,MH,M3317,Travel,Online,1214.4,0,104.1,2,67.7,1,1.47,0
T10709665,2025-01-01 17:37:09,C120885,47,KL,M1905,Travel,Online,3947.13,0,105.8,2,212.6,0,1.52,0
T10348979,2025-01-01 17:37:39,C175179,35,KL,M2736,Entertainment,ATM,10000.0,1,6.4,2,536.9,0,2.15,0
T10367193,2025-01-01 17:37:41,C134024,18,GJ,M5573,Grocery,ATM,5000.0,1,7.4,1,420.9,0,0.69,0
T10235616,2025-01-01 17:38:53,C116712,40,RJ,M5602,Healthcare,POS,481.51,1,0.4,2,864.4,0,1.07,0
T10769993,2025-01-01 17:39:13,C142520,26,GJ,M4949,Electronics,Contactless,764.24,1,1.5,3,523.6,0,1.33,0
T10308618,2025-01-01 17:39:18,C136881,45,WB,M3097,Restaurant,Online,397.47,0,55.3,2,425.9,0,0.52,0
T10217014,2025-01-01 17:39:41,C164880,18,DL,M4039,Online Services,Online,142.81,0,16.9,2,1324.1,0,1.13,0
T10588672,2025-01-01 17:39:46,C166280,42,KL,M2943,Grocery,Online,1927.49,0,174.2,2,316.0,0,0.71,0
T10052470,2025-01-01 17:40:35,C134060,54,DL,M2671,Restaurant,Online,333.04,0,41.7,1,286.4,0,0.4,0
T10943215,2025-01-01 17:40:39,C159007,23,WB,M4418,Grocery,POS,641.42,1,4.7,3,233.8,0,2.4,0
T10373177,2025-01-01 17:40:52,C111135,22,TG,M5332,Restaurant,Contactless,835.22,1,14.4,6,55.2,0,0.77,0
T10954272,2025-01-01 17:40:53,C139977,34,WB,M3430,Grocery,Online,214.98,0,194.6,1,10.1,1,0.77,0
T10746210,2025-01-01 17:41:08,C152215,19,MH,M3128,Grocery,Online,452.33,0,77.1,3,269.1,1,0.46,0
T10578771,2025-01-01 17:41:08,C132807,56,KL,M3270,Electronics,POS,1307.24,1,0.0,3,211.5,0,1.77,0
T10967800,2025-01-01 17:41:19,C126640,42,DL,M5507,Restaurant,Online,582.34,0,43.6,4,613.0,1,0.81,0
T10436897,2025-01-01 17:42:07,C123954,30,RJ,M5418,Fuel,POS,361.78,1,2.9,4,568.0,0,0.62,0
T10674463,2025-01-01 17:42:21,C148752,38,WB,M2389,Entertainment,Online,2894.82,0,45.6,3,645.5,0,1.68,0
T10126235,2025-01-01 17:42:27,C137865,38,GJ,M4778,Electronics,Contactless,10902.03,1,13.5,3,735.2,0,0.67,0
T10810588,2025-01-01 17:42:39,C154382,46,UP,M5523,Grocery,ATM,5000.0,1,17.5,6,2185.6,0,2.02,0
T10021672,2025-01-01 17:43:03,C178802,33,KA,M3136,Online Services,POS,865.23,1,4.5,2,942.6,0,1.74,0
T10140502,2025-01-01 17:43:29,C110996,34,KL,M1413,Grocery,Online,675.92,0,33.0,3,347.5,1,1.73,0
T10382874,2025-01-01 17:43:30,C148351,34,TN,M5298,Fuel,ATM,1000.0,1,17.4,2,2453.8,0,0.82,0
T10995094,2025-01-01 17:44:06,C162011,33,TG,M2557,Fuel,Contactless,1132.09,1,6.3,3,56.6,0,0.72,0
T10941523,2025-01-01 17:44:20,C163871,47,KA,M4069,Utilities,Online,2412.06,0,85.1,1,801.9,0,0.72,0
T10224862,2025-01-01 17:44:24,C115453,56,WB,M5975,Fuel,Contactless,2057.82,1,27.3,1,357.3,0,0.85,0
T10951215,2025-01-01 17:44:29,C161217,58,UP,M5321,Online Services,Contactless,232.03,1,12.6,1,258.0,0,1.1,0
T10063502,2025-01-01 17:44:40,C120994,47,KA,M4186,Electronics,Online,9515.73,0,12.1,4,183.8,0,0.49,0
T10615788,2025-01-01 17:45:06,C160428,58,WB,M1542,Jewelry,POS,3076.13,1,11.9,1,1087.1,0,0.73,0
T10438741,2025-01-01 17:46:09,C118669,52,KA,M4451,Restaurant,Contactless,227.84,1,3.2,3,297.5,0,1.65,0
T10422965,2025-01-01 17:46:11,C113630,49,MH,M5617,Healthcare,Online,2693.07,0,21.9,2,655.2,0,1.34,0
T10748287,2025-01-01 17:47:16,C111302,35,UP,M3167,Restaurant,Contactless,536.14,1,7.7,2,934.0,0,1.99,0
T10803424,2025-01-01 17:47:30,C127437,38,RJ,M4571,Restaurant,Contactless,174.29,1,7.7,2,141.1,0,1.24,0
T10514469,2025-01-01 17:47:39,C177721,35,RJ,M2909,Utilities,Online,2611.33,0,36.0,2,169.4,0,1.19,0
T10216378,2025-01-01 17:48:20,C125537,39,RJ,M4624,Fuel,ATM,5000.0,1,10.5,4,145.6,0,1.34,0
T10376525,2025-01-01 17:48:40,C154887,34,WB,M3808,Restaurant,Contactless,231.96,1,8.9,5,462.6,0,1.74,0
T10245253,2025-01-01 17:49:23,C131477,39,TG,M5476,Restaurant,Contactless,1323.25,1,1.2,4,457.3,0,1.83,0
T10075964,2025-01-01 17:49:38,C121786,57,MH,M2652,Utilities,POS,312.05,1,2.0,4,75.5,0,1.5,0
T10878804,2025-01-01 17:49:48,C155440,66,KA,M5973,Fuel,POS,1034.65,1,1.5,5,648.8,0,1.09,0
T10946133,2025-01-01 17:50:01,C156639,37,WB,M4122,Grocery,Online,2363.33,0,42.1,4,208.2,0,2.29,0
T10660187,2025-01-01 17:50:27,C155016,47,UP,M3397,Restaurant,POS,850.84,1,12.5,5,305.5,0,1.18,0
T10509973,2025-01-01 17:50:33,C163927,18,TN,M2296,Restaurant,POS,535.74,1,2.8,4,686.1,0,0.67,0
T10476258,2025-01-01 17:50:40,C122818,39,WB,M5953,Grocery,POS,554.55,1,2.2,2,124.7,0,0.75,0
T10492930,2025-01-01 17:51:05,C137779,34,TN,M3026,Utilities,POS,806.37,1,8.6,1,164.7,0,1.24,0
T10931247,2025-01-01 17:51:12,C108099,36,WB,M3624,Restaurant,Contactless,210.65,1,16.5,6,170.9,0,0.92,0
T10082983,2025-01-01 17:51:30,C179464,39,GJ,M5492,Entertainment,Online,674.81,0,73.5,1,526.4,0,1.04,0
T10447061,2025-01-01 17:51:40,C128293,49,UP,M4078,Utilities,Online,1252.42,0,30.9,6,742.2,0,2.73,0
T10698105,2025-01-01 17:51:55,C105491,46,TG,M4098,Fuel,POS,415.17,1,15.7,2,482.1,0,0.81,0
T10916349,2025-01-01 17:52:12,C143979,39,KA,M4633,Utilities,ATM,1000.0,1,19.4,2,635.9,0,1.77,0
T10016816,2025-01-01 17:52:39,C172024,43,KA,M2631,Grocery,Contactless,357.7,1,3.4,1,1750.9,0,0.37,0
T10382663,2025-01-01 17:52:50,C136024,40,GJ,M4913,Utilities,POS,271.39,1,9.4,1,327.8,0,1.87,0
T10321876,2025-01-01 17:52:57,C151024,51,KA,M2492,Fuel,Contactless,448.37,1,3.6,1,49.1,0,1.31,0
T10532918,2025-01-01 17:53:11,C104844,56,KA,M4160,Travel,POS,1662.3,1,7.8,4,406.3,0,0.56,0
T10636063,2025-01-01 17:53:20,C157291,53,KA,M4214,Utilities,POS,470.06,1,17.6,3,7.6,0,0.8,0
T10326052,2025-01-01 17:53:59,C144765,42,TG,M2683,Fuel,Online,2290.99,0,20.1,2,1058.5,1,1.01,0
T10361032,2025-01-01 17:54:24,C162924,51,GJ,M5014,Travel,Online,7705.63,0,37.6,2,28.1,0,0.77,0
T10517086,2025-01-01 17:54:34,C112668,38,TN,M1851,Grocery,Online,79.7,0,7.5,2,303.7,0,1.66,0
T10473033,2025-01-01 17:54:37,C157013,48,MH,M5292,Grocery,POS,1821.68,1,27.3,1,101.9,0,0.62,0
T10424408,2025-01-01 17:54:48,C125468,40,KA,M1515,Fuel,Contactless,2646.27,1,0.9,4,271.8,0,0.36,0
T10415377,2025-01-01 17:55:16,C128532,48,GJ,M1237,Online Services,POS,3052.88,1,10.0,3,61.9,0,1.77,0
T10665270,2025-01-01 17:55:24,C151766,31,MH,M5369,Electronics,POS,2208.6,1,3.9,3,57.8,0,2.16,0
T10010915,2025-01-01 17:55:39,C153828,44,GJ,M3570,Entertainment,POS,361.33,1,6.4,2,1143.9,0,0.72,0
T10303286,2025-01-01 17:55:59,C175921,29,RJ,M4870,Electronics,Contactless,7753.13,1,11.3,1,508.0,0,0.8,0
T10825701,2025-01-01 17:56:59,C172377,58,WB,M1841,Entertainment,Online,665.21,0,36.6,3,436.7,0,0.31,0
T10376341,2025-01-01 17:57:15,C177479,19,GJ,M5298,Apparel,POS,578.59,1,8.1,2,534.4,0,0.42,0
T10026330,2025-01-01 17:57:38,C107467,38,MH,M3822,Fuel,POS,2120.54,1,5.5,2,1406.3,0,0.9,0
T10471943,2025-01-01 17:57:50,C110005,35,KL,M2985,Online Services,Contactless,3166.06,1,16.8,4,821.4,0,0.65,0
T10660049,2025-01-01 17:57:52,C163160,44,KA,M3096,Fuel,Online,810.09,0,115.4,3,400.6,0,1.9,0
T10360751,2025-01-01 17:59:39,C144134,37,UP,M1281,Electronics,Online,6245.47,0,34.5,3,3342.7,0,0.59,0
T10739411,2025-01-01 17:59:59,C118621,56,TG,M1971,Fuel,Online,310.11,0,29.7,2,2532.6,0,2.37,0
T10876406,2025-01-01 18:00:36,C132881,40,RJ,M3177,Healthcare,POS,2025.68,1,16.5,4,1049.2,0,2.14,0
T10827218,2025-01-01 18:00:48,C119434,59,KA,M3737,Apparel,Contactless,630.82,1,0.5,4,74.4,0,0.51,0
T10057076,2025-01-01 18:00:50,C129914,36,TN,M5425,Fuel,Online,1491.91,0,28.7,3,617.0,0,0.79,0
T10569739,2025-01-01 18:00:57,C166061,18,WB,M4368,Restaurant,Contactless,1996.74,1,3.7,3,1074.8,0,0.65,0
T10140380,2025-01-01 18:01:37,C169474,38,TG,M2384,Grocery,Online,1619.83,0,63.8,3,587.9,0,0.68,0
T10997808,2025-01-01 18:01:43,C175690,34,KA,M3858,Restaurant,POS,161.21,1,29.7,1,98.7,0,0.88,0
T10359260,2025-01-01 18:02:42,C178686,47,TN,M4893,Restaurant,Online,1268.87,0,5.1,2,186.5,0,1.2,0
T10311826,2025-01-01 18:03:00,C115043,53,GJ,M1353,Fuel,Online,281.92,0,83.0,2,56.5,1,0.38,0
T10610865,2025-01-01 18:03:19,C102102,43,DL,M3566,Electronics,POS,548.83,1,12.7,3,138.0,0,0.76,0
T10985301,2025-01-01 18:03:24,C179085,30,RJ,M3042,Utilities,Online,1451.75,0,23.7,5,1943.1,0,1.04,0
T10514787,2025-01-01 18:03:33,C168047,38,MH,M2160,Restaurant,POS,753.57,1,7.5,1,1395.9,0,0.92,0
T10812914,2025-01-01 18:03:49,C118046,43,KL,M2574,Restaurant,ATM,20000.0,1,11.1,2,76.5,0,0.61,0
T10493612,2025-01-01 18:03:51,C169997,41,RJ,M1367,Jewelry,Online,782.23,0,143.8,3,326.4,0,0.97,0
T10789310,2025-01-01 18:04:11,C132456,35,WB,M2071,Grocery,Contactless,422.75,1,17.1,2,494.1,0,1.68,0
T10239578,2025-01-01 18:04:20,C134453,48,MH,M5587,Electronics,Online,2705.23,0,86.2,1,1161.1,0,0.39,0
T10494106,2025-01-01 18:04:30,C172969,32,DL,M5344,Restaurant,POS,776.43,1,0.8,5,321.6,0,0.85,0
T10431517,2025-01-01 18:04:41,C174737,38,MH,M3388,Apparel,Online,5299.11,0,28.2,5,1819.0,0,0.79,0
T10838132,2025-01-01 18:04:42,C116122,34,KA,M4379,Grocery,POS,563.97,1,3.6,4,599.4,0,0.93,0
T10149277,2025-01-01 18:04:55,C109027,29,WB,M5060,Restaurant,POS,2597.63,1,17.7,2,466.6,0,0.4,0
T10716615,2025-01-01 18:05:32,C138234,58,DL,M1835,Fuel,Contactless,573.8,1,10.0,3,353.1,0,0.52,0
T10594655,2025-01-01 18:06:33,C116883,51,TG,M2216,Online Services,Online,2676.5,0,50.2,1,570.5,0,1.06,0
T10360418,2025-01-01 18:07:01,C169286,48,MH,M1097,Fuel,POS,671.05,1,10.8,4,427.5,0,1.01,0
T10620510,2025-01-01 18:07:01,C123465,37,RJ,M2358,Restaurant,POS,292.46,1,2.0,1,113.6,0,0.87,0
T10912492,2025-01-01 18:07:05,C118203,45,GJ,M4942,Restaurant,Online,272.55,0,44.2,4,1260.9,0,1.92,0
T10643881,2025-01-01 18:07:21,C101831,21,WB,M5262,Restaurant,Online,358.16,0,81.3,4,403.9,0,2.22,0
T10340374,2025-01-01 18:07:24,C161389,44,TN,M5708,Online Services,POS,1788.84,1,8.6,2,1480.4,0,0.47,0
T10701931,2025-01-01 18:07:31,C178621,51,UP,M2306,Healthcare,Contactless,384.5,1,4.9,1,771.1,0,0.89,0
T10491514,2025-01-01 18:08:07,C165542,44,WB,M2701,Fuel,Contactless,1806.07,1,3.4,3,249.5,0,0.67,0
T10234267,2025-01-01 18:08:18,C155098,25,RJ,M2125,Apparel,Contactless,194.88,1,6.1,2,536.1,0,1.43,0
T10278006,2025-01-01 18:08:24,C139917,39,TN,M2518,Utilities,Contactless,3743.94,1,3.1,4,1440.4,0,0.91,0
T10655989,2025-01-01 18:09:05,C171421,55,DL,M4393,Grocery,Online,311.6,0,68.2,2,542.4,0,0.75,0
T10641514,2025-01-01 18:09:10,C172823,18,RJ,M2436,Utilities,Online,122.89,0,35.3,2,149.8,0,1.42,0
T10529336,2025-01-01 18:09:11,C175265,34,GJ,M3996,Restaurant,Contactless,988.09,1,27.2,1,12.9,0,0.76,0
T10287302,2025-01-01 18:09:56,C175911,26,TN,M5317,Healthcare,Contactless,226.03,1,2.8,2,42.3,0,0.79,0
T10133725,2025-01-01 18:09:59,C107826,57,RJ,M5078,Grocery,Contactless,289.01,1,1.1,3,378.5,0,2.78,0
T10759737,2025-01-01 18:10:12,C135270,28,DL,M4433,Restaurant,ATM,10000.0,1,4.6,3,325.6,0,0.87,0
T10193999,2025-01-01 18:10:15,C125622,21,DL,M5281,Apparel,Online,703.85,0,149.6,3,166.8,0,1.59,0
T10892293,2025-01-01 18:10:51,C175271,44,KL,M5534,Grocery,Online,385.26,0,162.1,5,350.1,0,0.92,0
T10247589,2025-01-01 18:11:03,C120112,21,GJ,M2864,Travel,Contactless,571.08,1,3.6,3,1686.5,0,0.69,0
T10258454,2025-01-01 18:11:04,C116196,51,UP,M2286,Travel,POS,1245.09,1,4.2,1,3.7,0,1.17,0
T10609448,2025-01-01 18:11:08,C181424,48,TG,M3527,Restaurant,Online,240.01,0,145.9,3,107.9,0,1.48,0
T10922676,2025-01-01 18:11:11,C124150,37,RJ,M5562,Apparel,Online,260.35,0,11.7,5,101.6,0,0.68,0
T10398914,2025-01-01 18:12:09,C151971,26,WB,M5231,Jewelry,POS,558.47,1,6.2,4,328.8,0,0.62,0
T10127956,2025-01-01 18:13:32,C142625,22,WB,M1774,Healthcare,Online,438.69,0,80.5,1,1830.7,0,3.46,0
T10312652,2025-01-01 18:14:31,C168763,33,WB,M4232,Utilities,Online,446.71,0,39.5,2,1721.1,0,0.83,0
T10682570,2025-01-01 18:14:34,C127649,38,WB,M2895,Restaurant,ATM,1000.0,1,5.1,3,250.3,0,0.74,0
T10551711,2025-01-01 18:14:48,C122115,27,MH,M3565,Grocery,POS,995.87,1,1.4,2,509.7,0,0.99,0
T10312153,2025-01-01 18:15:32,C179550,51,DL,M5116,Travel,POS,276.19,1,4.5,4,476.2,0,0.65,0
T10829526,2025-01-01 18:15:59,C167157,58,GJ,M4008,Electronics,Contactless,2819.01,1,16.8,3,1920.6,0,1.16,0
T10763804,2025-01-01 18:16:03,C151606,37,GJ,M1092,Apparel,Contactless,596.49,1,21.7,1,601.6,0,0.66,0
T10604158,2025-01-01 18:16:18,C106247,48,KL,M3427,Apparel,POS,2158.61,1,8.9,2,159.1,0,0.85,0
T10585109,2025-01-01 18:16:28,C146698,30,UP,M3815,Healthcare,Contactless,651.76,1,8.2,1,308.0,0,0.73,0
T10475739,2025-01-01 18:17:10,C120944,41,RJ,M3575,Entertainment,Online,2352.33,0,41.6,8,448.2,1,0.84,0
T10199949,2025-01-01 18:17:47,C130758,40,TN,M1361,Fuel,POS,3682.01,1,2.7,4,2102.1,1,1.58,0
T10136154,2025-01-01 18:17:54,C154594,30,KA,M1326,Fuel,Contactless,1897.93,1,9.7,2,1029.0,0,2.78,0
T10200372,2025-01-01 18:18:14,C101313,35,KL,M1685,Entertainment,POS,1143.57,1,21.1,2,208.4,0,0.79,0
T10196443,2025-01-01 18:19:30,C106322,30,RJ,M1988,Travel,POS,713.2,1,16.1,1,615.6,0,0.74,0
T10977783,2025-01-01 18:20:01,C112412,42,TG,M4467,Online Services,Contactless,1611.16,1,2.2,3,726.1,0,1.02,0
T10352058,2025-01-01 18:20:36,C131409,56,MH,M2440,Fuel,POS,805.28,1,12.5,3,60.9,0,2.07,0
T10363582,2025-01-01 18:20:47,C173504,29,MH,M2884,Restaurant,Contactless,1006.51,1,6.9,1,36.1,0,1.98,0
T10840409,2025-01-01 18:21:01,C135977,52,RJ,M1804,Entertainment,POS,1021.06,1,2.3,3,1018.8,0,0.97,0
T10556976,2025-01-01 18:21:01,C125464,37,TG,M5315,Fuel,ATM,20000.0,1,0.7,2,682.7,0,0.45,0
T10824387,2025-01-01 18:21:07,C149460,47,GJ,M2464,Online Services,Online,945.02,0,80.9,2,183.0,0,0.73,0
T10884236,2025-01-01 18:21:20,C164097,55,RJ,M2590,Gift Cards,Online,211.45,0,103.8,3,1647.4,0,1.83,0
T10153659,2025-01-01 18:21:40,C129967,50,TG,M2282,Healthcare,Online,897.9,0,42.2,2,28.1,0,0.43,0
T10615869,2025-01-01 18:21:52,C112061,28,MH,M3559,Fuel,Contactless,613.69,1,4.8,2,1169.2,0,1.09,0
T10955329,2025-01-01 18:22:05,C113378,29,KA,M2241,Grocery,Contactless,458.07,1,26.1,3,314.0,0,1.51,0
T10767094,2025-01-01 18:22:08,C140620,63,RJ,M5998,Entertainment,Online,144.37,0,104.4,1,158.5,0,0.57,0
T10235396,2025-01-01 18:22:11,C113104,36,GJ,M2242,Fuel,POS,3288.08,1,14.2,2,843.9,0,1.5,0
T10717630,2025-01-01 18:22:32,C141874,18,DL,M2441,Apparel,Contactless,6951.55,1,4.3,1,759.2,0,1.32,0
T10439444,2025-01-01 18:23:00,C165691,45,RJ,M3890,Grocery,POS,2245.4,1,5.5,1,950.0,0,0.82,0
T10307804,2025-01-01 18:23:02,C156761,32,TG,M4748,Grocery,Online,340.86,0,5.8,1,2.5,1,2.85,0
T10237337,2025-01-01 18:23:14,C153066,25,GJ,M2159,Restaurant,Online,2069.99,0,99.9,2,54.2,0,0.25,0
T10118656,2025-01-01 18:23:17,C102006,31,UP,M3053,Entertainment,ATM,20000.0,1,11.3,1,1228.3,0,0.66,0
T10975005,2025-01-01 18:23:36,C162912,30,KA,M1102,Grocery,Contactless,5421.7,1,2.3,3,652.5,0,0.58,0
T10634662,2025-01-01 18:23:51,C117595,48,KA,M2529,Restaurant,Online,350.29,0,94.5,3,139.7,0,1.38,0
T10830661,2025-01-01 18:24:03,C180361,43,UP,M4891,Online Services,ATM,10000.0,1,6.7,1,95.4,0,0.73,0
T10971257,2025-01-01 18:24:12,C178510,49,WB,M5830,Restaurant,POS,490.18,1,9.5,3,142.1,0,3.08,0
T10447446,2025-01-01 18:24:18,C123032,54,MH,M3322,Restaurant,Contactless,174.24,1,4.9,1,512.7,0,0.87,0
T10512571,2025-01-01 18:24:27,C161068,30,RJ,M3779,Apparel,Online,838.48,0,75.9,1,1546.6,0,1.05,0
T10926580,2025-01-01 18:24:38,C118651,53,WB,M1011,Electronics,POS,126.3,1,1.4,2,756.5,0,0.63,0
T10801959,2025-01-01 18:24:56,C119792,36,RJ,M2534,Grocery,Online,532.46,0,105.9,2,441.8,0,2.21,0
T10418105,2025-01-01 18:24:57,C123908,18,DL,M1522,Entertainment,POS,218.89,1,10.0,1,896.2,0,0.6,0
T10420905,2025-01-01 18:25:15,C139733,33,MH,M2371,Restaurant,Online,756.85,0,113.7,1,60.0,1,0.76,0
T10645583,2025-01-01 18:25:15,C154525,44,KA,M3214,Fuel,Contactless,2061.12,1,9.3,1,1163.0,0,0.85,0
T10034479,2025-01-01 18:26:07,C100828,36,WB,M3213,Apparel,Online,3926.22,0,27.9,2,214.8,0,2.05,0
T10964732,2025-01-01 18:26:26,C149425,32,TN,M2521,Fuel,POS,844.25,1,5.5,2,230.6,0,1.68,0
T10867479,2025-01-01 18:26:28,C133332,64,UP,M1274,Apparel,Online,737.02,0,30.2,3,161.2,0,0.94,0
T10896658,2025-01-01 18:26:37,C156703,53,RJ,M5744,Entertainment,Online,538.14,0,117.6,5,141.3,0,0.79,0
T10616509,2025-01-01 18:26:46,C138910,45,DL,M5622,Utilities,POS,975.8,1,3.7,4,655.8,0,2.55,0
T10685061,2025-01-01 18:27:07,C161792,29,KL,M1559,Utilities,Contactless,1498.9,1,2.9,1,211.5,0,0.86,0
T10579993,2025-01-01 18:27:08,C140379,46,TG,M4743,Healthcare,Online,746.43,0,57.5,1,354.2,0,0.57,0
T10546748,2025-01-01 18:27:13,C104627,43,RJ,M4309,Online Services,POS,1458.08,1,1.7,3,149.2,0,0.62,0
T10520891,2025-01-01 18:27:40,C129871,40,KA,M3439,Entertainment,Contactless,1923.01,1,12.8,2,687.4,0,0.27,0
T10647001,2025-01-01 18:28:32,C108065,26,MH,M3559,Electronics,POS,6167.35,1,7.3,2,549.6,0,1.42,0
T10305838,2025-01-01 18:29:22,C149131,48,TG,M2801,Grocery,Contactless,663.99,1,4.1,4,17.7,0,1.56,0
T10831408,2025-01-01 18:29:27,C105191,40,UP,M1496,Fuel,POS,3231.25,1,3.0,1,597.6,0,0.79,0
T10461518,2025-01-01 18:30:21,C142230,31,DL,M5643,Apparel,POS,296.49,1,9.4,1,127.0,0,0.53,0
T10407186,2025-01-01 18:30:26,C143130,46,GJ,M5705,Online Services,Contactless,455.61,1,17.6,1,132.3,0,0.6,0
T10710632,2025-01-01 18:31:07,C119737,47,GJ,M4155,Travel,ATM,11000.0,1,22.2,2,168.7,0,1.41,0
T10239500,2025-01-01 18:31:07,C159908,53,GJ,M5427,Grocery,Online,1358.85,0,23.8,3,919.3,0,1.26,0
T10591314,2025-01-01 18:31:11,C179955,37,KA,M3788,Grocery,POS,2694.35,1,12.1,2,192.0,0,0.83,0
T10347984,2025-01-01 18:31:34,C119404,35,KA,M2687,Online Services,POS,72.01,1,28.9,2,704.4,0,0.94,0
T10767206,2025-01-01 18:31:46,C152046,39,KL,M5440,Fuel,POS,53.71,1,6.3,2,609.3,0,1.56,0
T10538866,2025-01-01 18:32:24,C127035,35,KL,M2955,Online Services,Online,2002.58,0,18.4,1,344.4,0,1.92,0
T10484185,2025-01-01 18:32:47,C168613,30,TN,M4102,Jewelry,POS,916.54,1,2.0,2,1166.7,0,0.6,0
T10964689,2025-01-01 18:32:57,C128339,77,KA,M4977,Fuel,Online,1565.53,0,33.5,5,3408.6,0,1.58,0
T10644917,2025-01-01 18:33:10,C141150,34,MH,M2911,Healthcare,ATM,10000.0,1,15.6,1,443.9,0,0.5,0
T10235246,2025-01-01 18:33:25,C132592,39,GJ,M5197,Entertainment,Contactless,2347.77,1,1.0,3,85.5,0,2.22,0
T10316097,2025-01-01 18:33:34,C160752,58,WB,M1881,Restaurant,POS,554.54,1,8.7,2,329.9,0,0.8,0
T10179542,2025-01-01 18:33:59,C135530,45,MH,M3121,Restaurant,POS,1106.24,1,17.1,2,423.8,0,1.24,0
T10388131,2025-01-01 18:34:12,C100597,29,UP,M1009,Online Services,POS,229.99,1,9.3,4,1688.3,0,0.54,0
T10957336,2025-01-01 18:35:07,C150085,48,WB,M1977,Restaurant,Online,1098.01,0,79.0,4,551.8,1,1.59,0
T10825724,2025-01-01 18:35:20,C103236,44,RJ,M4950,Apparel,POS,724.16,1,12.8,1,258.4,0,1.33,0
T10733565,2025-01-01 18:35:33,C124173,40,UP,M1649,Grocery,Contactless,405.42,1,5.5,2,167.9,0,2.22,0
T10324544,2025-01-01 18:36:03,C135523,50,RJ,M3789,Restaurant,Online,504.47,0,46.8,1,510.5,1,3.48,0
T10169608,2025-01-01 18:36:05,C132557,51,KA,M2667,Apparel,Online,772.49,0,65.0,3,1635.5,0,0.93,0
T10297930,2025-01-01 18:36:05,C166522,43,KL,M5446,Travel,POS,2205.74,1,17.2,1,261.0,0,0.74,0
T10614575,2025-01-01 18:36:40,C137833,45,UP,M3704,Online Services,POS,211.92,1,14.3,3,359.9,0,1.05,0
T10281451,2025-01-01 18:36:45,C128686,42,TN,M3747,Grocery,Contactless,387.76,1,2.6,2,696.2,0,0.7,0
T10283260,2025-01-01 18:37:24,C127785,39,UP,M3570,Fuel,POS,1039.3,1,5.0,4,137.1,0,1.54,0
T10925341,2025-01-01 18:37:24,C124419,45,MH,M4105,Jewelry,POS,663.5,1,6.9,1,319.2,0,0.46,0
T10767980,2025-01-01 18:37:48,C146272,52,GJ,M5382,Restaurant,Contactless,762.3,1,1.9,5,218.3,0,0.64,0
T10356379,2025-01-01 18:37:57,C117067,18,GJ,M2382,Utilities,Contactless,235.41,1,14.7,1,20.2,0,0.33,0
T10433674,2025-01-01 18:39:57,C150331,20,MH,M1515,Apparel,POS,1102.44,1,15.2,6,1012.4,0,0.98,0
T10115186,2025-01-01 18:40:14,C135615,56,MH,M2530,Online Services,POS,8137.66,1,13.6,2,346.4,0,2.02,1
T10002470,2025-01-01 18:41:24,C174361,35,KL,M4714,Restaurant,Contactless,673.34,1,10.4,2,2091.7,0,2.03,0
T10738650,2025-01-01 18:41:27,C182599,24,RJ,M2351,Restaurant,POS,523.9,1,2.7,2,632.5,0,0.44,0
T10868197,2025-01-01 18:41:28,C181914,48,TG,M2212,Grocery,POS,554.3,1,16.0,3,1013.9,0,1.39,0
T10673148,2025-01-01 18:42:24,C157480,45,GJ,M5170,Apparel,POS,670.76,1,13.8,2,199.5,0,1.55,0
T10497373,2025-01-01 18:42:41,C128396,40,RJ,M4587,Online Services,POS,346.61,1,8.0,1,2494.0,0,0.9,0
T10331159,2025-01-01 18:42:53,C109636,48,MH,M2991,Apparel,Online,233.62,0,7.3,7,1188.1,0,2.22,0
T10119543,2025-01-01 18:43:24,C124047,48,TG,M1017,Grocery,Online,1622.94,0,166.8,4,356.5,1,0.75,0
T10369139,2025-01-01 18:43:38,C120889,49,WB,M1440,Online Services,ATM,20000.0,1,9.2,2,564.0,0,0.27,0
T10037081,2025-01-01 18:44:08,C159931,65,DL,M4370,Healthcare,Contactless,202.41,1,10.3,5,508.2,0,2.3,0
T10729418,2025-01-01 18:44:34,C146628,45,KA,M5033,Gift Cards,POS,110.36,1,3.4,4,203.1,0,1.2,0
T10045184,2025-01-01 18:44:50,C111789,18,UP,M1760,Grocery,Contactless,1328.99,1,13.2,4,748.7,0,0.89,0
T10658079,2025-01-01 18:44:56,C146120,53,KL,M5182,Grocery,POS,581.77,1,20.5,1,1965.4,0,1.22,0
T10101444,2025-01-01 18:45:00,C109074,42,KA,M3391,Fuel,Online,1767.69,0,60.8,4,653.0,0,1.26,0
T10913310,2025-01-01 18:45:01,C105523,53,MH,M3620,Utilities,Contactless,565.92,1,4.5,2,758.4,0,0.84,0
T10102935,2025-01-01 18:45:39,C127236,63,KL,M5904,Grocery,Online,110.34,0,117.3,3,600.3,0,1.22,0
T10321024,2025-01-01 18:45:43,C159171,27,KL,M1568,Apparel,Contactless,119.08,1,23.6,3,700.2,0,1.14,0
T10444359,2025-01-01 18:45:49,C182540,48,KL,M5461,Healthcare,Online,6076.72,0,153.7,2,281.3,0,0.68,0
T10872205,2025-01-01 18:46:09,C156830,42,TN,M4497,Fuel,POS,1341.74,1,27.5,4,776.3,0,0.47,0
T10653597,2025-01-01 18:46:10,C176884,54,WB,M1682,Jewelry,POS,866.49,1,3.9,1,17.4,0,0.82,0
T10646606,2025-01-01 18:46:19,C153629,61,MH,M2224,Gift Cards,POS,987.61,1,6.7,2,532.1,0,0.44,0
T10038520,2025-01-01 18:47:22,C143677,50,UP,M5494,Grocery,POS,2688.13,1,4.3,2,415.4,0,0.62,0
T10227045,2025-01-01 18:47:25,C142235,43,DL,M1714,Jewelry,Online,1118.06,0,85.6,2,136.7,0,2.14,0
T10861470,2025-01-01 18:47:45,C141315,56,GJ,M2227,Fuel,POS,1087.92,1,4.8,2,18.5,0,1.44,0
T10685298,2025-01-01 18:48:02,C153983,34,KL,M3526,Fuel,POS,490.68,1,6.8,2,187.2,0,0.9,0
T10140140,2025-01-01 18:48:22,C169742,18,GJ,M3474,Healthcare,Online,641.49,0,219.0,2,146.8,0,2.76,0
T10657361,2025-01-01 18:48:39,C115901,29,TN,M1155,Gift Cards,Online,1534.0,0,22.1,3,605.9,0,2.08,0
T10127276,2025-01-01 18:48:44,C177769,63,TN,M5241,Grocery,POS,69.74,1,9.3,1,141.6,0,1.12,0
T10945012,2025-01-01 18:49:25,C157275,18,WB,M2326,Online Services,Contactless,863.23,1,2.2,2,419.3,0,1.41,0
T10949944,2025-01-01 18:49:30,C107200,42,KL,M1945,Grocery,Contactless,445.73,1,1.8,5,1803.6,0,0.67,0
T10942126,2025-01-01 18:49:47,C132842,32,WB,M3988,Grocery,Contactless,1149.32,1,1.9,1,580.4,0,0.37,0
T10014149,2025-01-01 18:50:19,C166387,25,GJ,M4907,Healthcare,POS,699.9,1,2.9,2,1353.6,0,1.33,0
T10061726,2025-01-01 18:50:27,C162206,18,GJ,M4165,Electronics,POS,1040.07,1,4.7,3,351.8,0,0.69,0
T10157178,2025-01-01 18:50:44,C164016,48,WB,M5972,Healthcare,Online,257.07,0,7.5,2,162.4,0,0.99,0
T10633417,2025-01-01 18:50:45,C143481,39,GJ,M1971,Grocery,Contactless,1191.61,1,8.6,2,248.9,0,3.9,0
T10694549,2025-01-01 18:51:02,C127739,21,KL,M3600,Electronics,Online,429.95,0,74.0,2,152.7,0,2.5,0
T10779708,2025-01-01 18:51:07,C146226,38,KL,M1505,Restaurant,Online,822.93,0,26.2,1,118.9,0,0.42,0
T10195623,2025-01-01 18:51:31,C148379,57,MH,M1414,Apparel,POS,4488.45,1,3.7,5,762.7,0,1.4,0
T10206160,2025-01-01 18:51:38,C143183,35,KA,M3933,Electronics,POS,845.72,1,1.3,2,446.5,0,0.76,0
T10188655,2025-01-01 18:52:09,C155565,51,RJ,M5251,Travel,Contactless,272.65,1,4.6,5,74.5,0,3.61,0
T10242617,2025-01-01 18:52:33,C182701,46,GJ,M4541,Grocery,POS,261.04,1,23.1,2,2260.4,0,1.65,0
T10833555,2025-01-01 18:52:52,C163298,48,WB,M3276,Entertainment,Online,338.69,0,14.3,3,551.7,0,0.83,0
T10679481,2025-01-01 18:53:24,C158666,67,KA,M1844,Apparel,POS,1573.14,1,5.1,2,7.9,0,0.44,0
T10227364,2025-01-01 18:53:43,C155175,33,KA,M5029,Restaurant,POS,551.9,1,17.3,2,294.4,0,0.69,0
T10663737,2025-01-01 18:54:33,C144873,53,MH,M1501,Fuel,Online,482.21,0,20.5,2,792.8,0,0.72,0
T10549413,2025-01-01 18:55:11,C169877,21,WB,M2542,Entertainment,ATM,2000.0,1,0.4,3,265.7,0,1.69,0
T10499335,2025-01-01 18:55:12,C166797,39,TN,M2608,Online Services,Online,355.68,0,21.2,2,517.3,0,2.59,0
T10118923,2025-01-01 18:55:13,C156491,50,TN,M5743,Apparel,POS,437.95,1,1.4,4,626.9,0,1.07,0
T10145389,2025-01-01 18:55:24,C159119,45,GJ,M4315,Grocery,Contactless,115.09,1,16.6,1,771.1,0,0.82,0
T10457841,2025-01-01 18:55:36,C121664,39,WB,M5710,Grocery,Online,753.07,0,14.0,1,4.0,0,0.43,0
T10137567,2025-01-01 18:56:24,C177446,39,WB,M2136,Healthcare,POS,2220.91,1,17.7,2,2.8,0,1.2,0
T10151251,2025-01-01 18:56:54,C112470,28,DL,M5037,Healthcare,Online,1224.97,0,154.7,2,306.1,0,1.54,0
T10454816,2025-01-01 18:57:01,C165236,30,UP,M1875,Utilities,POS,673.47,1,1.5,1,643.8,0,1.65,0
T10363928,2025-01-01 18:57:04,C113342,31,GJ,M4199,Restaurant,POS,428.9,1,3.7,1,93.8,0,0.91,0
T10654943,2025-01-01 18:57:08,C166968,45,KA,M3931,Restaurant,Online,1862.45,0,36.5,2,137.9,0,1.39,0
T10901820,2025-01-01 18:57:53,C162737,36,TN,M4652,Restaurant,Contactless,820.77,1,11.5,4,759.6,0,1.35,0
T10892138,2025-01-01 18:58:12,C180006,44,UP,M5875,Grocery,POS,1409.15,1,1.5,2,110.8,0,0.58,0
T10647599,2025-01-01 18:58:15,C171577,23,UP,M1275,Grocery,Contactless,499.98,1,9.3,3,895.6,0,1.63,0
T10962519,2025-01-01 18:58:18,C143863,35,MH,M4927,Fuel,POS,2015.65,1,4.3,3,1164.6,0,1.76,0
T10183396,2025-01-01 18:59:13,C128760,63,KL,M1472,Electronics,POS,208.91,1,11.9,2,169.9,0,0.69,0
T10679783,2025-01-01 18:59:31,C132209,55,TN,M3481,Healthcare,Contactless,595.98,1,4.5,2,283.5,0,0.85,0
T10177501,2025-01-01 18:59:33,C107942,18,UP,M3948,Gift Cards,POS,1286.48,1,10.5,2,1589.1,0,0.92,0
T10546956,2025-01-01 18:59:48,C111902,37,UP,M4037,Utilities,Online,204.92,0,466.9,2,670.3,0,0.37,0
T10009231,2025-01-01 19:00:11,C123897,33,TN,M2181,Healthcare,Online,839.09,0,16.3,2,132.3,1,1.48,0
T10455588,2025-01-01 19:00:56,C116632,44,MH,M1600,Grocery,POS,311.4,1,6.8,4,405.6,0,2.74,0
T10467867,2025-01-01 19:01:00,C141505,60,GJ,M4663,Fuel,Online,883.27,0,47.6,1,148.6,0,1.1,0
T10099552,2025-01-01 19:01:01,C173017,42,MH,M2398,Fuel,Online,622.48,0,11.8,3,42.9,0,2.13,0
T10083604,2025-01-01 19:01:04,C171093,42,TG,M3282,Restaurant,POS,993.53,1,2.8,4,666.4,0,0.86,0
T10519859,2025-01-01 19:01:55,C154772,55,WB,M4645,Grocery,Online,1271.43,0,47.1,2,839.2,0,1.23,0
T10491606,2025-01-01 19:03:33,C109923,39,WB,M1233,Utilities,Online,1091.8,0,41.0,2,380.2,0,0.78,0
T10477296,2025-01-01 19:03:34,C111256,52,KA,M2052,Grocery,Online,5253.94,0,31.6,3,72.1,0,0.51,0
T10772916,2025-01-01 19:03:52,C162954,34,RJ,M1324,Grocery,Online,1088.09,0,12.2,2,1043.9,0,0.55,0
T10723498,2025-01-01 19:03:58,C161144,33,RJ,M3755,Utilities,Online,1363.21,0,78.4,1,391.9,1,1.17,0
T10899115,2025-01-01 19:04:05,C101266,30,DL,M2275,Jewelry,Online,2043.69,0,18.4,3,296.6,0,0.86,0
T10754804,2025-01-01 19:04:17,C103678,36,GJ,M4470,Jewelry,POS,13464.79,1,16.9,1,636.5,0,1.09,0
T10225701,2025-01-01 19:04:59,C157863,45,MH,M1410,Grocery,POS,1978.69,1,6.1,2,1351.2,0,1.18,0
T10953712,2025-01-01 19:05:28,C170214,58,WB,M5915,Restaurant,POS,416.42,1,23.2,3,767.5,0,1.14,0
T10137299,2025-01-01 19:05:30,C125985,54,UP,M2335,Grocery,Online,419.7,0,10.0,5,957.0,0,3.01,0
T10002884,2025-01-01 19:06:20,C129611,18,MH,M1008,Electronics,Contactless,925.87,1,14.1,3,430.0,0,0.82,0
T10495386,2025-01-01 19:06:22,C120372,40,RJ,M1772,Grocery,Online,1760.19,0,10.4,4,186.4,0,1.98,0
T10859593,2025-01-01 19:07:15,C111062,26,MH,M2958,Grocery,Contactless,1195.88,1,9.4,2,386.5,0,2.23,0
T10909681,2025-01-01 19:07:20,C182016,22,MH,M3277,Grocery,Online,2366.6,0,40.7,1,1854.2,0,1.17,0
T10399290,2025-01-01 19:07:47,C112892,40,KA,M3852,Grocery,Contactless,1259.53,1,20.8,3,261.5,0,1.01,0
T10162625,2025-01-01 19:08:34,C142576,24,UP,M3784,Grocery,Contactless,1489.04,1,3.0,3,249.6,0,0.69,0
T10097290,2025-01-01 19:08:38,C143193,54,RJ,M5605,Online Services,Online,412.17,0,85.5,1,342.6,0,0.93,0
T10994274,2025-01-01 19:09:47,C143833,57,UP,M4725,Healthcare,POS,1581.05,1,20.5,2,565.5,0,0.3,0
T10963513,2025-01-01 19:09:54,C115005,29,RJ,M4599,Entertainment,Online,4649.88,0,10.8,4,1624.9,0,0.65,0
T10827495,2025-01-01 19:11:42,C167845,58,RJ,M3549,Entertainment,Online,711.44,0,27.0,2,1181.6,1,0.49,0
T10946218,2025-01-01 19:11:51,C106021,25,WB,M4035,Entertainment,Online,290.06,0,26.3,1,170.2,0,0.79,0
T10050261,2025-01-01 19:12:02,C121803,40,MH,M4930,Grocery,ATM,2000.0,1,22.1,2,1075.7,0,0.62,0
T10911552,2025-01-01 19:12:03,C106359,33,UP,M4942,Apparel,POS,1400.01,1,1.2,2,414.3,0,1.94,0
T10224791,2025-01-01 19:12:07,C152657,25,TG,M4767,Travel,Contactless,3427.8,1,32.1,4,263.1,0,0.47,0
T10456245,2025-01-01 19:12:12,C133613,80,WB,M2959,Fuel,Contactless,2441.63,1,6.4,4,716.9,0,4.44,0
T10766709,2025-01-01 19:12:29,C110824,52,TN,M3183,Restaurant,Online,1911.7,0,88.1,1,222.3,0,0.66,0
T10834489,2025-01-01 19:12:30,C182076,49,TN,M3049,Entertainment,POS,4304.63,1,28.0,2,779.5,0,2.95,0
T10392125,2025-01-01 19:12:43,C146051,25,MH,M1356,Entertainment,Online,142.77,0,8.6,4,466.0,0,0.39,0
T10823253,2025-01-01 19:13:18,C170534,58,GJ,M4138,Apparel,Online,1248.44,0,73.3,1,83.7,0,0.64,0
T10786278,2025-01-01 19:13:41,C165847,41,RJ,M4253,Apparel,POS,473.23,1,12.3,1,627.2,0,0.92,0
T10133451,2025-01-01 19:13:43,C147695,18,TG,M3460,Apparel,POS,165.27,1,13.3,3,585.8,0,0.48,0
T10647398,2025-01-01 19:14:17,C148971,63,KL,M5345,Grocery,POS,171.2,1,3.9,4,99.0,0,0.37,0
T10469313,2025-01-01 19:14:32,C160206,44,WB,M5035,Apparel,Online,1206.57,0,125.1,3,666.5,0,0.45,0
T10232363,2025-01-01 19:15:39,C168748,32,UP,M2474,Restaurant,Contactless,860.96,1,0.6,3,561.1,0,0.48,0
T10024580,2025-01-01 19:17:01,C131044,28,KL,M5235,Healthcare,POS,260.64,1,8.6,4,1058.8,0,0.66,0
T10978269,2025-01-01 19:17:05,C119462,65,KA,M1251,Restaurant,POS,1017.57,1,0.8,4,1313.1,0,1.07,0
T10672099,2025-01-01 19:17:11,C117596,30,UP,M5582,Apparel,Online,332.44,0,14.2,2,24.3,0,0.99,0
T10964667,2025-01-01 19:17:18,C132504,42,KA,M2280,Grocery,Online,1055.81,0,61.5,1,712.6,0,2.54,0
T10102842,2025-01-01 19:17:28,C134093,63,MH,M2831,Electronics,Online,4276.49,0,84.0,3,458.8,0,1.32,0
T10975508,2025-01-01 19:18:02,C175494,51,MH,M3064,Fuel,Contactless,379.03,1,18.2,1,1233.6,0,0.65,0
T10277800,2025-01-01 19:18:14,C120338,47,TN,M5698,Online Services,POS,672.64,1,11.2,1,915.7,0,2.76,0
T10760436,2025-01-01 19:19:23,C156217,32,GJ,M1322,Apparel,ATM,2000.0,1,32.1,4,514.3,0,0.85,0
T10274963,2025-01-01 19:19:56,C154164,28,KL,M3222,Restaurant,Online,829.29,0,66.4,3,511.5,0,0.9,0
T10948893,2025-01-01 19:20:34,C112305,45,RJ,M2168,Electronics,POS,3895.36,1,6.1,3,86.9,0,0.69,0
T10961820,2025-01-01 19:20:37,C137337,48,DL,M5864,Restaurant,POS,167.01,1,4.6,3,498.5,0,0.87,0
T10169325,2025-01-01 19:20:39,C102389,43,UP,M3636,Grocery,Contactless,1990.5,1,2.1,1,33.7,0,1.22,0
T10663716,2025-01-01 19:20:43,C154870,31,KA,M4455,Fuel,ATM,20000.0,1,7.0,1,734.6,0,0.88,0
T10874448,2025-01-01 19:20:47,C179642,33,KL,M3844,Grocery,Contactless,993.46,1,4.1,1,759.0,0,0.66,0
T10818354,2025-01-01 19:20:50,C134689,34,MH,M3594,Healthcare,POS,1520.39,1,2.5,1,205.9,0,0.54,0
T10343207,2025-01-01 19:21:32,C161172,34,MH,M5900,Restaurant,Online,179.91,0,60.3,1,487.9,0,2.43,0
T10301642,2025-01-01 19:21:34,C123923,53,KL,M4516,Utilities,Contactless,2530.4,1,23.3,4,235.2,0,0.68,0
T10233168,2025-01-01 19:22:18,C141023,35,TN,M5424,Grocery,POS,173.75,1,3.3,3,244.6,0,1.46,0
T10573699,2025-01-01 19:22:23,C132497,55,DL,M3923,Apparel,POS,1438.13,1,12.1,1,240.0,0,1.42,0
T10341844,2025-01-01 19:23:16,C106704,36,RJ,M1647,Grocery,ATM,2000.0,1,5.2,3,284.0,0,1.26,0
T10924003,2025-01-01 19:23:33,C117629,67,UP,M1798,Grocery,Online,2823.15,0,32.5,2,4.9,0,1.25,0
T10769997,2025-01-01 19:23:37,C143978,51,KA,M4328,Utilities,POS,527.0,1,4.4,2,59.5,1,2.87,0
T10173919,2025-01-01 19:24:04,C153458,61,DL,M5388,Healthcare,POS,164.19,1,9.1,2,304.1,0,0.33,0
T10432673,2025-01-01 19:24:15,C124651,58,RJ,M3276,Fuel,Contactless,1358.93,1,18.3,1,1730.9,0,0.82,0
T10529650,2025-01-01 19:24:16,C119096,53,TN,M3080,Restaurant,POS,133.2,1,7.2,2,972.5,0,1.12,0
T10651250,2025-01-01 19:24:33,C108224,32,TN,M4491,Restaurant,POS,4440.11,1,7.9,3,138.5,0,1.1,0
T10008402,2025-01-01 19:24:44,C105883,60,MH,M3210,Utilities,Online,488.08,0,54.8,2,398.5,0,1.02,0
T10538566,2025-01-01 19:26:04,C122859,28,KL,M5489,Fuel,POS,691.3,1,10.0,2,381.1,0,0.76,0
T10520471,2025-01-01 19:26:10,C177485,36,TN,M5509,Travel,Online,1754.15,0,68.4,2,671.1,0,2.62,0
T10165267,2025-01-01 19:26:35,C137124,43,MH,M3299,Grocery,Contactless,971.77,1,9.4,2,1368.7,0,0.64,0
T10649207,2025-01-01 19:26:37,C121465,23,UP,M3271,Grocery,POS,1253.94,1,2.1,5,1504.9,0,1.66,0
T10100331,2025-01-01 19:27:05,C101313,58,MH,M5627,Grocery,Online,548.24,0,142.2,3,551.4,0,2.16,1
T10322896,2025-01-01 19:27:23,C123203,48,KL,M2796,Grocery,Online,565.97,0,39.0,2,154.3,0,0.48,0
T10680210,2025-01-01 19:27:26,C129226,38,MH,M3805,Travel,Contactless,1719.72,1,8.7,8,62.4,0,1.75,0
T10188947,2025-01-01 19:27:39,C156565,50,MH,M2365,Grocery,Contactless,3194.5,1,3.3,1,191.4,0,0.99,0
T10738066,2025-01-01 19:27:44,C138656,41,MH,M1001,Restaurant,Contactless,632.38,1,7.1,2,1082.8,0,1.27,0
T10972287,2025-01-01 19:27:49,C175790,41,KL,M1392,Fuel,POS,239.67,1,5.8,2,97.2,0,1.44,0
T10710253,2025-01-01 19:27:57,C102018,62,GJ,M5252,Fuel,POS,205.92,1,13.5,5,1012.8,0,0.8,0
T10743437,2025-01-01 19:29:10,C130585,42,GJ,M1563,Apparel,Online,806.14,0,19.0,1,360.4,0,1.59,0
T10951576,2025-01-01 19:30:16,C155012,51,MH,M1994,Fuel,POS,1996.05,1,1.3,2,46.0,0,1.41,0
T10961038,2025-01-01 19:30:25,C170287,18,RJ,M3870,Grocery,Online,527.75,0,54.8,3,27.0,0,1.28,0
T10210035,2025-01-01 19:30:59,C155606,38,RJ,M3967,Online Services,POS,659.64,1,8.1,3,6.5,0,0.82,0
T10425785,2025-01-01 19:31:07,C110019,45,WB,M5888,Fuel,POS,560.5,1,0.1,4,1339.7,0,1.81,0
T10630539,2025-01-01 19:31:08,C168440,22,RJ,M2995,Grocery,Online,432.96,0,76.6,4,1093.4,0,2.34,0
T10159217,2025-01-01 19:31:32,C130418,57,KA,M4826,Jewelry,Contactless,1258.18,1,2.3,4,133.6,0,0.63,0
T10387142,2025-01-01 19:31:32,C181635,57,KA,M4074,Utilities,POS,978.33,1,4.1,3,22.9,0,0.37,0
T10202652,2025-01-01 19:31:35,C169357,19,TN,M2505,Grocery,Online,1029.43,0,35.9,1,113.9,0,0.29,0
T10350980,2025-01-01 19:31:44,C133716,70,RJ,M1238,Travel,POS,989.19,1,5.5,2,1605.7,0,0.61,0
T10330586,2025-01-01 19:31:44,C111891,50,WB,M2908,Apparel,POS,557.69,1,14.4,2,3.3,0,1.81,0
T10588411,2025-01-01 19:32:27,C153163,49,WB,M3171,Electronics,ATM,44000.0,1,4.5,7,295.8,0,1.44,0
T10499561,2025-01-01 19:32:29,C158390,34,WB,M3590,Grocery,Online,256.92,0,97.4,3,1110.6,1,1.95,0
T10531970,2025-01-01 19:32:39,C130162,38,KA,M4455,Jewelry,Online,5268.3,0,11.0,2,110.4,0,0.49,0
T10284156,2025-01-01 19:32:39,C134428,26,DL,M1592,Utilities,POS,176.29,1,3.2,3,439.5,0,0.7,0
T10090509,2025-01-01 19:33:15,C112441,46,WB,M5613,Restaurant,POS,171.49,1,12.0,1,114.8,0,0.99,0
T10955903,2025-01-01 19:33:33,C156403,60,KA,M4898,Apparel,Online,1809.19,0,55.2,4,576.5,0,0.61,0
T10150508,2025-01-01 19:33:49,C105395,43,KL,M5663,Restaurant,Online,1820.13,0,245.2,3,1387.6,0,0.6,1
T10951011,2025-01-01 19:34:01,C138888,18,KA,M5727,Fuel,ATM,10000.0,1,9.0,3,427.7,0,0.85,0
T10062931,2025-01-01 19:34:24,C101503,30,WB,M2874,Grocery,Online,1283.02,0,96.1,4,1100.6,0,0.6,0
T10462060,2025-01-01 19:34:54,C143658,29,WB,M2839,Online Services,Online,5565.33,0,98.3,4,260.7,0,0.59,0
T10978952,2025-01-01 19:35:12,C162141,38,TN,M3517,Online Services,Online,886.69,0,56.9,3,111.9,1,0.58,0
T10009068,2025-01-01 19:35:14,C141816,19,KL,M5772,Utilities,POS,804.81,1,2.4,4,1213.8,0,0.91,0
T10371702,2025-01-01 19:35:27,C138516,29,DL,M5533,Online Services,POS,869.92,1,24.1,4,529.0,0,0.43,0
T10334119,2025-01-01 19:35:31,C122168,38,DL,M5223,Healthcare,Online,379.97,0,177.5,1,1054.2,0,0.71,0
T10632322,2025-01-01 19:35:32,C146549,30,MH,M1345,Online Services,Online,649.26,0,21.6,1,1223.1,0,1.62,0
T10214717,2025-01-01 19:36:08,C172588,63,KA,M3098,Apparel,ATM,20000.0,1,2.7,3,272.8,0,0.61,0
T10289217,2025-01-01 19:36:32,C121174,33,DL,M3052,Fuel,POS,6757.16,1,8.9,2,213.2,0,0.58,0
T10042892,2025-01-01 19:36:51,C151966,31,MH,M2220,Apparel,Contactless,355.93,1,1.8,2,386.4,0,4.03,0
T10831564,2025-01-01 19:36:52,C173185,59,WB,M5065,Entertainment,Online,770.08,0,42.8,2,184.3,0,0.63,0
T10742281,2025-01-01 19:37:00,C129961,39,TG,M5065,Grocery,Online,267.58,0,62.2,1,574.6,0,1.18,0
T10118068,2025-01-01 19:37:15,C135121,50,KA,M2200,Restaurant,POS,154.98,1,0.9,3,65.6,0,0.48,0
T10313902,2025-01-01 19:37:17,C130303,37,KL,M5136,Travel,ATM,4400.0,1,7.8,2,245.1,0,2.96,0
T10115524,2025-01-01 19:37:21,C176196,35,TG,M4665,Entertainment,POS,935.8,1,2.4,4,428.9,0,1.16,0
T10306381,2025-01-01 19:37:25,C148740,38,GJ,M1631,Fuel,Contactless,152.96,1,15.5,2,568.9,0,0.6,0
T10785174,2025-01-01 19:37:41,C111187,27,UP,M2956,Restaurant,POS,1349.68,1,14.2,3,15.8,0,2.71,0
T10611852,2025-01-01 19:37:45,C109248,25,TG,M4462,Apparel,POS,527.44,1,5.2,1,498.4,0,0.43,0
T10088004,2025-01-01 19:38:19,C121156,53,DL,M1588,Utilities,POS,192.31,1,9.3,2,2471.6,0,3.51,0
T10108751,2025-01-01 19:38:44,C120256,35,TG,M1165,Apparel,Online,342.14,0,90.7,3,662.8,1,0.71,0
T10960379,2025-01-01 19:39:37,C145634,23,WB,M4352,Fuel,Online,415.47,0,66.3,2,183.5,0,1.0,0
T10567900,2025-01-01 19:40:01,C118511,18,TG,M2900,Apparel,Online,210.2,0,86.6,2,256.6,1,0.57,0
T10275571,2025-01-01 19:40:16,C167280,38,KL,M2713,Grocery,Contactless,861.7,1,0.5,3,512.6,0,1.25,0
T10023979,2025-01-01 19:40:17,C155566,44,RJ,M3561,Fuel,Contactless,802.44,1,24.8,4,1041.2,0,0.96,0
T10459000,2025-01-01 19:40:56,C126929,48,RJ,M4693,Restaurant,POS,90.12,1,1.1,4,1295.0,0,1.32,0
T10494056,2025-01-01 19:40:58,C114681,44,WB,M4201,Apparel,POS,1489.56,1,1.2,4,310.4,0,0.48,0
T10406374,2025-01-01 19:41:11,C142328,48,TN,M5680,Utilities,Online,281.88,0,18.9,2,532.6,0,2.13,0
T10548026,2025-01-01 19:41:15,C129030,43,KA,M2472,Grocery,Contactless,11384.83,1,3.3,2,469.7,0,1.42,0
T10243144,2025-01-01 19:41:23,C167330,37,MH,M5023,Electronics,POS,215.71,1,13.2,2,264.4,0,0.74,0
T10874874,2025-01-01 19:41:40,C179537,18,DL,M5218,Fuel,Online,577.72,0,58.2,1,623.8,0,2.03,0
T10541362,2025-01-01 19:41:49,C114001,38,TN,M5422,Fuel,POS,311.63,1,11.7,3,64.9,0,1.56,0
T10162114,2025-01-01 19:41:53,C160018,48,GJ,M2926,Fuel,Contactless,675.3,1,15.2,2,455.1,0,1.1,0
T10577716,2025-01-01 19:43:05,C108236,43,TG,M4562,Electronics,ATM,2200.0,1,9.1,2,202.6,0,0.75,0
T10581214,2025-01-01 19:43:34,C122763,42,TG,M3494,Entertainment,Online,1277.6,0,20.2,4,752.1,0,0.35,0
T10870794,2025-01-01 19:43:59,C166067,45,MH,M3238,Restaurant,POS,223.28,1,2.5,2,1182.6,0,1.82,0
T10945847,2025-01-01 19:44:15,C121511,57,KA,M2995,Grocery,Contactless,1462.26,1,12.4,6,23.8,0,0.82,0
T10715327,2025-01-01 19:44:16,C155938,49,WB,M2732,Fuel,Online,251.81,0,5.8,4,861.1,1,0.98,0
T10638328,2025-01-01 19:44:20,C179790,22,TN,M4897,Online Services,POS,2869.19,1,9.5,5,690.6,0,2.69,0
T10817410,2025-01-01 19:44:21,C167753,32,TG,M1277,Fuel,POS,595.14,1,5.3,4,2587.0,0,0.78,0
T10726778,2025-01-01 19:44:32,C157095,33,DL,M5304,Travel,Online,439.67,0,60.5,4,131.5,0,0.41,0
T10768454,2025-01-01 19:44:38,C103512,44,TG,M3444,Restaurant,Online,300.07,0,132.1,5,9.6,0,1.53,0
T10973925,2025-01-01 19:45:11,C161854,36,TG,M1578,Grocery,POS,547.47,1,6.5,1,2010.1,0,1.42,0
T10521796,2025-01-01 19:45:40,C182795,36,GJ,M2385,Entertainment,Contactless,523.63,1,23.2,4,270.8,0,0.48,0
T10413683,2025-01-01 19:45:49,C132047,51,TN,M1659,Utilities,POS,3628.67,1,8.6,3,800.4,0,1.19,0
T10519980,2025-01-01 19:47:01,C117559,37,TN,M5607,Gift Cards,POS,335.04,1,2.7,3,245.2,0,0.84,0
T10225372,2025-01-01 19:47:17,C148820,23,KA,M3314,Apparel,POS,1876.93,1,14.0,1,564.3,0,1.25,0
T10904087,2025-01-01 19:47:21,C121919,34,WB,M4244,Grocery,Contactless,566.59,1,3.5,2,428.4,0,0.22,0
T10720818,2025-01-01 19:47:51,C136045,46,TG,M2894,Entertainment,POS,686.64,1,10.9,2,376.6,0,1.17,0
T10967719,2025-01-01 19:47:57,C123150,35,UP,M1346,Restaurant,POS,1157.94,1,4.3,2,150.2,0,0.92,0
T10928705,2025-01-01 19:48:37,C116184,51,KL,M3476,Healthcare,POS,2232.35,1,1.8,2,10.1,0,0.54,0
T10615305,2025-01-01 19:48:40,C104139,49,KA,M3829,Apparel,POS,560.76,1,7.6,2,42.1,0,2.14,0
T10223024,2025-01-01 19:49:05,C132390,38,WB,M1334,Healthcare,POS,724.85,1,3.8,2,599.5,0,1.74,0
T10994564,2025-01-01 19:49:24,C176008,43,KL,M5489,Utilities,POS,2010.6,1,3.4,3,2539.4,0,1.31,0
T10393631,2025-01-01 19:49:26,C170275,57,KA,M3213,Fuel,Contactless,9715.76,1,5.0,2,889.8,0,1.09,0
T10932528,2025-01-01 19:49:30,C128452,38,TN,M2259,Travel,Online,567.93,0,63.7,5,930.0,0,0.6,0
T10766483,2025-01-01 19:49:43,C160207,30,GJ,M2647,Healthcare,Contactless,82.92,1,6.1,4,321.4,0,0.87,0
T10958857,2025-01-01 19:50:39,C111437,26,TN,M1399,Healthcare,Online,726.01,0,5.3,2,1175.9,0,0.6,0
T10192308,2025-01-01 19:50:42,C104872,55,GJ,M1351,Restaurant,Contactless,2666.07,1,2.6,2,595.8,0,1.13,0
T10451779,2025-01-01 19:51:18,C121496,53,KA,M3900,Restaurant,POS,847.67,1,8.6,5,525.4,0,1.14,0
T10823729,2025-01-01 19:51:38,C124006,45,KA,M3162,Apparel,POS,994.98,1,13.6,3,507.0,0,1.22,0
T10813999,2025-01-01 19:52:34,C158589,40,UP,M2778,Entertainment,ATM,1000.0,1,1.9,2,581.3,0,0.42,0
T10766809,2025-01-01 19:52:58,C139730,49,KA,M1437,Grocery,POS,494.65,1,5.9,3,23.6,0,1.21,0
T10924031,2025-01-01 19:53:11,C138468,35,MH,M1551,Restaurant,ATM,2000.0,1,11.4,1,945.5,0,1.18,0
T10672780,2025-01-01 19:53:13,C175000,29,MH,M5861,Fuel,POS,272.91,1,0.3,2,451.0,0,1.76,0
T10072359,2025-01-01 19:53:20,C144242,46,UP,M2923,Entertainment,Online,1612.74,0,62.8,1,53.0,0,1.06,0
T10142226,2025-01-01 19:54:14,C154552,45,GJ,M1605,Utilities,Online,5994.79,0,1.8,2,176.0,0,0.69,0
T10094574,2025-01-01 19:54:49,C145572,42,KL,M2057,Gift Cards,POS,267.88,1,0.1,4,301.6,0,1.28,0
T10133689,2025-01-01 19:54:51,C112224,29,GJ,M2970,Utilities,POS,448.16,1,4.7,2,102.6,0,0.61,0
T10341295,2025-01-01 19:55:17,C174379,64,RJ,M1912,Restaurant,POS,387.95,1,6.1,2,367.0,0,1.75,0
T10155146,2025-01-01 19:55:53,C150057,24,KL,M2719,Grocery,POS,223.95,1,8.0,1,42.6,0,0.79,0
T10600308,2025-01-01 19:55:56,C131805,20,MH,M2951,Fuel,Online,542.51,0,84.2,2,290.7,0,1.1,0
T10523335,2025-01-01 19:56:30,C133070,18,WB,M5751,Gift Cards,Online,602.13,0,248.0,3,209.4,1,1.23,0
T10418216,2025-01-01 19:56:56,C103320,49,GJ,M2301,Travel,POS,1012.53,1,0.1,4,7.1,0,0.69,0
T10091658,2025-01-01 19:57:04,C108357,47,TG,M1099,Apparel,Contactless,643.63,1,1.7,3,393.1,0,0.75,0
T10211607,2025-01-01 19:57:11,C171102,26,TG,M3502,Apparel,Contactless,2245.64,1,2.5,3,327.8,0,1.89,0
T10942209,2025-01-01 19:57:12,C157519,36,TN,M2825,Healthcare,Contactless,664.03,1,4.3,3,3871.5,0,1.96,0
T10056697,2025-01-01 19:57:46,C162772,57,TG,M3005,Utilities,Online,832.34,0,54.9,2,171.8,0,0.47,0
T10545263,2025-01-01 19:57:47,C159031,18,TG,M3843,Apparel,POS,439.56,1,0.6,3,176.3,0,0.39,0
T10073265,2025-01-01 19:57:49,C112466,30,TG,M3474,Healthcare,POS,639.09,1,9.4,4,60.1,0,2.27,0
T10987604,2025-01-01 19:57:51,C165985,44,GJ,M4731,Utilities,POS,864.11,1,5.2,2,33.1,0,0.76,0
T10796906,2025-01-01 19:57:56,C121468,42,GJ,M2164,Electronics,Contactless,5846.3,1,3.5,2,814.0,0,0.7,0
T10066136,2025-01-01 19:58:59,C159699,54,DL,M3339,Healthcare,Contactless,197.67,1,36.9,3,1445.5,0,1.87,0
T10594064,2025-01-01 19:59:17,C179090,19,KL,M2526,Restaurant,POS,608.13,1,8.2,3,602.4,0,1.33,0
T10653986,2025-01-01 19:59:28,C100825,48,TG,M2956,Fuel,Contactless,312.3,1,5.5,2,368.8,0,1.07,0
T10879488,2025-01-01 19:59:50,C123519,26,GJ,M1302,Travel,POS,1081.28,1,5.8,4,345.6,0,1.18,0
T10009719,2025-01-01 19:59:52,C123225,38,DL,M3172,Entertainment,POS,250.87,1,3.7,3,23.6,0,0.44,0
T10486472,2025-01-01 20:00:03,C103983,56,KA,M3339,Fuel,Online,3955.02,0,54.1,5,683.6,0,0.89,0
T10029365,2025-01-01 20:00:07,C177930,23,TN,M2080,Restaurant,POS,2928.29,1,0.4,2,650.7,0,0.88,0
T10411646,2025-01-01 20:00:10,C139095,25,UP,M3273,Grocery,Contactless,71.67,1,6.8,2,834.9,0,0.75,0
T10172002,2025-01-01 20:00:57,C103674,18,RJ,M3014,Travel,Online,1726.25,0,64.5,3,929.0,0,1.09,0
T10120185,2025-01-01 20:01:06,C168232,37,WB,M3436,Healthcare,Contactless,3680.12,1,0.5,3,207.4,0,0.61,0
T10576764,2025-01-01 20:01:11,C132606,55,GJ,M3160,Travel,ATM,2200.0,1,1.8,4,174.8,0,1.07,0
T10009870,2025-01-01 20:02:02,C153832,28,MH,M3154,Restaurant,POS,129.37,1,5.7,3,448.6,0,0.43,0
T10775797,2025-01-01 20:03:17,C149015,49,TN,M2071,Restaurant,Contactless,1282.61,1,5.7,2,492.4,0,0.7,0
T10550159,2025-01-01 20:04:11,C151148,72,MH,M2386,Entertainment,POS,75.6,1,7.2,4,1036.7,0,1.14,0
T10673251,2025-01-01 20:04:28,C138031,55,UP,M2795,Restaurant,Online,2439.72,0,93.3,3,661.4,0,0.73,0
T10018385,2025-01-01 20:04:57,C143347,34,KA,M5034,Entertainment,POS,6106.71,1,2.6,1,1482.2,0,2.27,0
T10033232,2025-01-01 20:05:00,C129200,44,GJ,M5204,Entertainment,Contactless,3038.29,1,1.6,4,49.6,0,2.01,0
T10272758,2025-01-01 20:05:24,C103132,61,MH,M1666,Utilities,POS,598.07,1,2.1,1,412.5,0,1.31,0
T10321086,2025-01-01 20:05:24,C128178,34,TG,M4818,Grocery,Contactless,195.8,1,6.0,1,187.3,0,1.37,0
T10499357,2025-01-01 20:05:37,C144823,29,KA,M5276,Fuel,POS,3497.93,1,14.6,2,462.0,0,0.84,0
T10219508,2025-01-01 20:05:41,C118580,18,DL,M5890,Fuel,POS,550.02,1,1.9,6,597.5,0,1.59,0
T10892645,2025-01-01 20:06:07,C100718,56,UP,M4846,Grocery,Online,357.98,0,99.3,3,574.7,1,1.53,0
T10053099,2025-01-01 20:06:46,C177266,44,GJ,M4987,Utilities,POS,438.62,1,1.2,5,503.3,0,1.04,0
T10628955,2025-01-01 20:06:54,C144709,47,DL,M2639,Healthcare,Online,2414.88,0,90.2,1,319.9,0,0.92,0
T10500594,2025-01-01 20:07:09,C171422,44,DL,M4469,Fuel,POS,3974.58,1,0.2,3,259.3,0,0.82,0
T10991045,2025-01-01 20:07:30,C134895,45,TG,M2089,Apparel,Contactless,244.71,1,15.6,3,4.8,0,1.32,0
T10743788,2025-01-01 20:07:51,C166494,39,RJ,M1225,Gift Cards,Contactless,580.37,1,6.3,3,552.2,0,2.35,0
T10962074,2025-01-01 20:08:30,C131679,49,KA,M3684,Grocery,POS,750.78,1,8.5,3,110.3,0,0.58,0
T10156810,2025-01-01 20:09:00,C111442,47,TN,M3118,Utilities,Online,467.41,0,50.2,4,728.2,0,1.08,0
T10816848,2025-01-01 20:09:01,C120801,18,DL,M1754,Apparel,Online,410.83,0,23.3,2,166.1,0,1.17,0
T10798821,2025-01-01 20:09:25,C117498,47,RJ,M1756,Utilities,ATM,1000.0,1,5.9,3,402.1,0,1.57,0
T10717831,2025-01-01 20:09:30,C125139,18,KL,M1683,Entertainment,POS,653.51,1,20.5,3,3320.4,0,1.26,0
T10631482,2025-01-01 20:09:33,C172574,50,MH,M5542,Grocery,Contactless,654.87,1,12.7,4,864.6,0,0.85,0
T10515474,2025-01-01 20:09:50,C148038,23,KL,M2776,Entertainment,Online,678.1,0,17.0,2,3891.3,0,2.48,0
T10363408,2025-01-01 20:10:03,C103906,24,TG,M1815,Apparel,Contactless,192.25,1,10.2,2,1132.7,0,0.56,0
T10058710,2025-01-01 20:10:29,C120184,25,TG,M1494,Grocery,Contactless,3438.4,1,13.4,3,455.7,0,1.62,0
T10084388,2025-01-01 20:10:56,C123150,58,GJ,M3449,Grocery,ATM,1000.0,1,9.6,1,278.8,0,1.2,0
T10335048,2025-01-01 20:11:09,C126921,40,WB,M3475,Restaurant,Online,460.49,0,71.8,4,22.0,0,1.62,0
T10539361,2025-01-01 20:11:14,C153552,32,MH,M5600,Grocery,POS,275.18,1,2.1,2,126.7,0,0.61,0
T10074632,2025-01-01 20:12:03,C157357,51,TN,M2265,Online Services,Contactless,6763.52,1,2.7,2,110.7,0,1.85,0
T10723921,2025-01-01 20:12:35,C137755,33,TG,M3009,Electronics,Online,1787.08,0,128.0,1,252.3,0,1.37,0
T10766948,2025-01-01 20:12:51,C179384,32,RJ,M1155,Online Services,Online,363.18,0,34.0,2,865.9,0,0.96,0
T10184380,2025-01-01 20:12:59,C131985,64,GJ,M5086,Healthcare,POS,508.0,1,11.6,4,134.8,0,1.88,0
T10052411,2025-01-01 20:13:56,C117197,43,KL,M1244,Fuel,POS,5819.01,1,4.3,3,91.3,0,1.12,0
T10004848,2025-01-01 20:14:01,C112767,41,TN,M3414,Grocery,Online,316.35,0,40.3,3,237.2,0,0.46,0
T10812482,2025-01-01 20:14:47,C102674,35,GJ,M4810,Fuel,ATM,2000.0,1,2.9,6,474.8,0,2.69,0
T10947202,2025-01-01 20:14:52,C127620,40,WB,M3658,Fuel,POS,406.49,1,13.4,2,775.4,0,0.89,0
T10296554,2025-01-01 20:15:02,C146464,57,UP,M4191,Travel,POS,6280.52,1,6.9,4,293.9,0,1.06,0
T10003484,2025-01-01 20:15:05,C133969,34,TG,M1787,Electronics,ATM,2200.0,1,0.6,1,2312.2,0,1.69,0
T10779552,2025-01-01 20:15:55,C169890,31,GJ,M1227,Fuel,ATM,2000.0,1,16.0,2,821.1,0,3.33,0
T10796899,2025-01-01 20:15:58,C112597,33,UP,M1290,Restaurant,POS,1858.77,1,2.9,3,651.5,0,0.76,0
T10075012,2025-01-01 20:17:17,C174079,75,KL,M2418,Fuel,ATM,5000.0,1,10.1,2,1517.0,0,1.55,0
T10716973,2025-01-01 20:17:56,C129175,18,GJ,M3696,Apparel,Contactless,611.26,1,4.4,4,1013.6,0,1.3,0
T10373497,2025-01-01 20:18:48,C103885,36,RJ,M3334,Travel,ATM,11000.0,1,7.3,4,1076.4,0,0.87,0
T10968126,2025-01-01 20:19:03,C139091,24,TG,M4108,Grocery,Online,2951.48,0,151.8,3,399.5,0,0.87,0
T10979867,2025-01-01 20:19:21,C118983,38,UP,M4087,Apparel,POS,482.11,1,56.5,6,1022.2,0,1.36,0
T10860851,2025-01-01 20:19:27,C178200,44,KL,M2346,Restaurant,Contactless,126.86,1,8.8,4,978.6,0,0.88,0
T10994468,2025-01-01 20:19:42,C104025,59,WB,M5367,Grocery,ATM,20000.0,1,9.8,3,249.3,0,1.93,0
T10314312,2025-01-01 20:19:49,C115014,42,UP,M3147,Grocery,POS,4008.96,1,0.0,1,29.3,0,1.1,0
T10791724,2025-01-01 20:20:03,C124425,60,UP,M1197,Fuel,Online,563.82,0,26.7,1,173.4,0,0.41,0
T10349669,2025-01-01 20:20:33,C120192,52,GJ,M1099,Entertainment,Online,276.45,0,17.4,2,117.8,0,1.52,0
T10688828,2025-01-01 20:21:05,C116412,42,TN,M5549,Entertainment,Online,146.86,0,30.8,1,74.9,0,1.2,0
T10220370,2025-01-01 20:21:05,C173769,41,GJ,M2048,Restaurant,Online,258.23,0,22.3,4,1226.0,0,1.46,0
T10512481,2025-01-01 20:21:11,C116690,54,WB,M1610,Electronics,Online,700.9,0,51.2,6,41.7,1,1.22,0
T10917219,2025-01-01 20:21:39,C123481,30,MH,M2303,Restaurant,Online,732.1,0,60.2,3,117.5,0,0.98,0
T10299835,2025-01-01 20:21:57,C174458,27,WB,M4723,Grocery,POS,343.29,1,8.9,1,2122.2,0,0.85,0
T10027601,2025-01-01 20:23:41,C126393,47,MH,M1199,Restaurant,POS,1419.68,1,7.6,2,842.7,0,0.81,0
T10780458,2025-01-01 20:23:51,C161833,23,DL,M1904,Apparel,ATM,10000.0,1,7.1,2,184.8,0,1.02,0
T10843903,2025-01-01 20:24:35,C182093,40,UP,M4556,Online Services,POS,1067.91,1,1.7,1,1016.9,0,1.23,0
T10143103,2025-01-01 20:24:53,C158206,61,TG,M3855,Healthcare,Online,779.12,0,55.0,2,341.3,1,0.18,0
T10179494,2025-01-01 20:25:42,C109339,21,DL,M5992,Apparel,POS,330.55,1,5.7,2,104.0,0,1.05,0
T10041221,2025-01-01 20:25:44,C151989,19,KL,M4062,Travel,POS,9259.36,1,1.8,2,76.3,0,2.4,0
T10413024,2025-01-01 20:26:10,C105055,35,RJ,M3788,Grocery,POS,217.66,1,5.9,3,649.6,0,0.73,0
T10315761,2025-01-01 20:26:11,C143557,52,RJ,M2472,Restaurant,Contactless,2887.59,1,6.0,3,596.2,0,0.75,0
T10484061,2025-01-01 20:26:20,C156874,50,TN,M2828,Healthcare,Online,504.83,0,188.6,2,269.1,1,1.69,0
T10065481,2025-01-01 20:27:01,C141798,35,WB,M2437,Fuel,Contactless,1866.57,1,1.5,2,654.6,0,1.25,0
T10609176,2025-01-01 20:27:11,C112730,66,TG,M2785,Restaurant,Online,1291.15,0,49.8,4,1250.7,1,0.7,0
T10233317,2025-01-01 20:27:33,C139239,41,UP,M4444,Restaurant,Online,319.65,0,107.7,1,958.5,0,1.17,0
T10453711,2025-01-01 20:27:46,C151991,55,KL,M1965,Entertainment,Contactless,3430.83,1,9.6,2,1713.3,0,2.84,0
T10930800,2025-01-01 20:29:54,C182434,18,KL,M5832,Utilities,POS,4185.25,1,14.6,3,376.8,0,0.58,0
T10228318,2025-01-01 20:30:34,C147716,37,MH,M3519,Fuel,Online,13931.74,0,89.4,4,192.1,0,1.33,0
T10025792,2025-01-01 20:31:43,C137117,53,TG,M1283,Restaurant,POS,347.9,1,12.1,4,250.2,0,0.64,0
T10233918,2025-01-01 20:31:50,C114891,40,MH,M3714,Grocery,Contactless,613.29,1,3.0,4,1489.1,0,0.93,0
T10988098,2025-01-01 20:32:35,C130189,18,MH,M1814,Restaurant,POS,159.92,1,11.5,2,31.4,0,0.65,0
T10151652,2025-01-01 20:32:39,C103517,21,TG,M3703,Grocery,Online,55.17,0,43.0,3,1578.9,0,1.25,0
T10964062,2025-01-01 20:32:48,C160756,28,MH,M5123,Utilities,Online,641.76,0,126.8,3,272.2,0,0.78,0
T10131254,2025-01-01 20:33:26,C145213,54,KA,M5200,Entertainment,POS,5868.91,1,5.7,7,783.9,0,0.52,0
T10830357,2025-01-01 20:34:02,C143428,34,RJ,M2920,Grocery,Online,433.02,0,53.3,5,30.1,0,1.0,0
T10660335,2025-01-01 20:34:13,C102853,18,DL,M3215,Apparel,Online,4627.72,0,236.6,3,60.1,0,1.25,0
T10017766,2025-01-01 20:34:23,C109980,40,RJ,M3688,Fuel,Contactless,1849.9,1,7.5,1,1609.8,0,2.87,0
T10779468,2025-01-01 20:34:26,C141826,48,MH,M1333,Grocery,POS,406.07,1,7.9,2,317.0,0,1.34,0
T10322419,2025-01-01 20:34:46,C167632,30,KL,M2262,Grocery,POS,435.85,1,3.0,2,385.3,0,1.03,0
T10791411,2025-01-01 20:35:24,C140995,45,TN,M4122,Fuel,POS,291.63,1,1.1,1,1342.5,0,0.89,0
T10027865,2025-01-01 20:35:27,C148527,50,WB,M1853,Electronics,POS,8332.54,1,17.3,6,614.5,0,0.75,0
T10865152,2025-01-01 20:36:32,C117454,21,GJ,M2506,Restaurant,Online,1195.36,0,41.7,1,125.0,0,1.23,0
T10210925,2025-01-01 20:36:37,C141801,39,TG,M2891,Utilities,ATM,1000.0,1,47.7,2,259.2,0,0.41,0
T10138701,2025-01-01 20:36:40,C168555,61,GJ,M4936,Fuel,Online,1547.71,0,5.5,4,22.4,0,1.51,0
T10532798,2025-01-01 20:36:45,C171213,41,RJ,M5333,Utilities,POS,455.0,1,7.2,3,385.0,0,0.85,0
T10781030,2025-01-01 20:36:49,C116197,37,KL,M4443,Grocery,POS,1660.46,1,11.5,2,637.1,0,1.39,0
T10682264,2025-01-01 20:37:16,C138656,41,TG,M1203,Electronics,Contactless,1378.52,1,6.5,1,192.9,0,1.26,0
T10359584,2025-01-01 20:37:21,C139011,18,TG,M2431,Utilities,ATM,5000.0,1,11.8,2,112.9,0,1.22,0
T10087177,2025-01-01 20:38:01,C178521,52,TN,M3444,Grocery,Contactless,268.27,1,16.6,2,2112.3,0,0.53,0
T10535712,2025-01-01 20:38:22,C166645,44,KA,M5533,Restaurant,Online,1305.05,0,95.2,2,440.0,0,0.99,0
T10726114,2025-01-01 20:38:33,C119652,18,GJ,M1417,Grocery,POS,988.41,1,2.9,1,855.8,0,0.64,0
T10727547,2025-01-01 20:38:34,C101856,50,UP,M2846,Electronics,POS,424.25,1,9.9,7,281.5,0,0.66,0
T10289258,2025-01-01 20:39:09,C179559,23,DL,M2929,Healthcare,POS,753.6,1,4.7,4,455.7,0,0.62,0
T10311786,2025-01-01 20:39:14,C125648,39,WB,M5949,Apparel,POS,487.48,1,1.9,2,574.2,0,1.4,0
T10934949,2025-01-01 20:39:47,C157016,64,KA,M2854,Entertainment,Online,810.41,0,105.2,4,36.5,0,1.34,0
T10850246,2025-01-01 20:39:49,C160088,26,WB,M3227,Grocery,Online,1209.07,0,28.0,2,2448.0,0,0.72,0
T10498858,2025-01-01 20:39:52,C174312,32,UP,M2708,Electronics,Online,417.3,0,72.9,5,1413.4,0,1.47,0
T10145408,2025-01-01 20:40:16,C132152,50,DL,M4272,Grocery,ATM,20000.0,1,15.6,2,154.5,0,1.45,0
T10713632,2025-01-01 20:40:34,C161396,42,UP,M5115,Restaurant,Online,571.92,0,94.5,2,172.6,0,0.88,0
T10075579,2025-01-01 20:41:28,C135857,18,KA,M1486,Travel,POS,27400.23,1,3.2,4,956.5,0,0.66,0
T10903172,2025-01-01 20:42:31,C110730,37,WB,M4495,Apparel,Online,1390.51,0,10.3,1,940.6,1,1.59,0
T10199533,2025-01-01 20:43:15,C137532,34,DL,M2404,Grocery,POS,139.19,1,4.5,2,978.4,0,2.1,0
T10239945,2025-01-01 20:43:16,C177869,35,TN,M2775,Fuel,Contactless,353.87,1,2.2,3,516.2,0,1.01,0
T10665541,2025-01-01 20:43:36,C170970,44,KA,M4245,Online Services,POS,652.2,1,10.6,3,431.4,0,0.75,0
T10727672,2025-01-01 20:43:41,C158032,33,MH,M3254,Restaurant,Contactless,428.14,1,6.3,2,1111.0,0,1.68,0
T10580892,2025-01-01 20:44:32,C153682,18,KA,M1588,Restaurant,Online,1453.46,0,62.6,5,818.6,0,0.31,0
T10558309,2025-01-01 20:45:17,C183251,18,TN,M5505,Jewelry,Contactless,3909.09,1,4.8,3,819.6,0,1.69,0
T10251208,2025-01-01 20:46:45,C182842,43,WB,M1236,Electronics,Online,1892.64,0,27.9,1,83.1,0,1.32,0
T10552783,2025-01-01 20:47:01,C144374,43,DL,M2156,Fuel,Contactless,295.67,1,9.0,1,843.8,0,1.67,0
T10718470,2025-01-01 20:47:45,C178138,39,MH,M4845,Grocery,Online,2559.57,0,14.4,2,2442.7,0,0.82,0
T10584891,2025-01-01 20:48:31,C114013,31,KA,M1643,Online Services,Contactless,477.06,1,5.2,2,70.3,0,0.55,0
T10166919,2025-01-01 20:48:45,C125561,39,UP,M5539,Grocery,Online,848.43,0,16.5,3,502.3,0,0.56,0
T10303811,2025-01-01 20:48:46,C121561,30,KA,M4389,Utilities,ATM,20000.0,1,3.8,1,1355.8,0,0.4,0
T10331092,2025-01-01 20:48:49,C119550,35,GJ,M2192,Apparel,Online,9874.38,0,4.3,2,1883.7,0,0.51,0
T10545061,2025-01-01 20:50:08,C141858,38,KL,M1035,Grocery,ATM,5000.0,1,5.3,2,851.9,0,0.77,0
T10684967,2025-01-01 20:50:18,C130939,59,TN,M4965,Apparel,Online,105.62,0,114.1,1,206.9,0,0.38,0
T10124503,2025-01-01 20:50:18,C122480,41,TN,M5583,Electronics,Contactless,9130.7,1,11.6,1,289.7,0,1.09,0
T10560704,2025-01-01 20:50:32,C146923,61,DL,M2024,Grocery,Contactless,748.32,1,8.6,2,1456.4,0,0.69,0
T10628045,2025-01-01 20:50:58,C176548,33,UP,M4565,Fuel,Online,2280.49,0,32.1,2,128.5,0,3.29,0
T10705435,2025-01-01 20:52:11,C107684,28,MH,M5763,Restaurant,Online,846.92,0,34.2,4,6.2,0,1.92,0
T10733676,2025-01-01 20:52:19,C179793,28,TG,M5868,Online Services,POS,462.39,1,0.2,4,1423.4,0,0.89,0
T10821221,2025-01-01 20:52:57,C119571,55,MH,M5039,Entertainment,POS,778.07,1,5.7,4,264.4,0,0.8,0
T10150221,2025-01-01 20:53:35,C109680,40,WB,M4343,Online Services,Contactless,432.68,1,1.7,3,388.9,0,0.37,0
T10600311,2025-01-01 20:53:36,C110889,30,TG,M5529,Entertainment,POS,634.37,1,8.1,2,772.4,0,0.44,0
T10102299,2025-01-01 20:53:54,C161826,58,DL,M1497,Healthcare,Contactless,648.73,1,3.3,5,258.9,0,1.24,0
T10783670,2025-01-01 20:54:10,C108738,19,DL,M4838,Online Services,Online,1297.06,0,68.6,3,91.5,0,0.33,0
T10718931,2025-01-01 20:54:23,C137071,39,DL,M4936,Online Services,POS,237.74,1,5.7,2,490.0,0,0.33,0
T10755319,2025-01-01 20:54:36,C143408,20,UP,M2724,Utilities,Contactless,438.17,1,13.7,3,147.7,0,0.64,0
T10116804,2025-01-01 20:54:51,C114685,37,GJ,M4102,Utilities,Online,888.71,0,22.1,3,814.2,0,0.94,0
T10559355,2025-01-01 20:55:17,C100584,30,GJ,M4782,Apparel,Online,2872.39,0,96.9,3,791.7,0,0.62,0
T10011358,2025-01-01 20:55:24,C132058,33,KA,M4530,Grocery,Contactless,727.09,1,24.4,4,1114.9,0,0.18,0
T10579495,2025-01-01 20:56:16,C114192,47,MH,M4002,Grocery,POS,515.77,1,3.3,1,717.7,0,0.64,0
T10676992,2025-01-01 20:56:24,C147845,38,KL,M1038,Fuel,Online,3572.73,0,73.8,4,72.3,0,0.98,0
T10647143,2025-01-01 20:56:32,C150657,31,KA,M5667,Online Services,Contactless,113.75,1,9.7,4,417.2,0,1.31,0
T10421652,2025-01-01 20:56:34,C140682,20,DL,M4044,Healthcare,Contactless,942.68,1,25.5,2,12.0,0,1.18,0
T10280930,2025-01-01 20:57:50,C163770,48,DL,M4131,Apparel,ATM,5000.0,1,20.4,3,59.0,0,0.64,0
T10199651,2025-01-01 20:58:03,C162165,48,WB,M3652,Grocery,POS,762.57,1,5.2,3,493.3,0,1.73,0
T10493008,2025-01-01 20:58:43,C152101,45,TN,M5257,Entertainment,Contactless,343.01,1,16.3,3,579.0,0,2.43,0
T10188487,2025-01-01 20:58:53,C174437,55,WB,M5910,Fuel,POS,245.92,1,8.2,1,813.0,0,0.9,0
T10473216,2025-01-01 20:59:26,C139617,42,KL,M4596,Fuel,Online,273.65,0,109.7,2,124.3,0,1.87,0
T10305269,2025-01-01 20:59:34,C136269,37,KL,M5192,Online Services,Online,274.06,0,24.3,1,123.4,1,0.84,0
T10195663,2025-01-01 20:59:59,C161451,40,KA,M4295,Restaurant,Contactless,1392.54,1,2.6,3,1072.1,0,1.14,0
T10362834,2025-01-01 21:00:08,C170072,37,GJ,M1531,Gift Cards,POS,187.06,1,10.7,5,109.8,0,0.48,0
T10660942,2025-01-01 21:00:28,C177282,34,RJ,M5244,Fuel,POS,1729.9,1,10.4,1,2237.6,0,1.06,0
T10000213,2025-01-01 21:01:07,C137446,39,KL,M1217,Restaurant,ATM,1000.0,1,5.9,2,44.9,0,0.81,0
T10265505,2025-01-01 21:01:35,C172704,20,KL,M4792,Restaurant,POS,4473.13,1,0.8,4,215.3,0,0.43,0
T10255606,2025-01-01 21:02:18,C105328,37,GJ,M5411,Online Services,Contactless,10359.96,1,38.4,2,13.6,0,1.54,0
T10330805,2025-01-01 21:02:24,C127183,53,TN,M1646,Online Services,Online,946.36,0,79.3,2,782.5,0,0.6,0
T10237601,2025-01-01 21:02:59,C124808,42,TG,M1460,Fuel,POS,2440.81,1,6.8,3,536.7,0,0.89,0
T10052084,2025-01-01 21:03:03,C169366,49,KA,M5802,Grocery,Online,470.8,0,140.7,4,1083.0,0,1.22,0
T10123168,2025-01-01 21:03:45,C122315,35,RJ,M1434,Online Services,ATM,5000.0,1,1.6,3,679.6,0,2.39,0
T10906441,2025-01-01 21:04:10,C177872,41,KA,M2154,Travel,POS,5352.58,1,2.2,5,248.4,0,0.74,0
T10721649,2025-01-01 21:04:12,C103192,37,TG,M2975,Electronics,POS,13913.15,1,19.3,1,29.5,0,0.83,0
T10220563,2025-01-01 21:04:17,C119932,62,KA,M1173,Fuel,Contactless,412.69,1,11.7,1,212.2,0,0.75,0
T10046923,2025-01-01 21:04:37,C175306,31,MH,M5908,Utilities,POS,246.66,1,1.0,1,688.3,0,1.05,0
T10976519,2025-01-01 21:04:40,C103407,33,RJ,M2582,Jewelry,Contactless,1084.75,1,18.1,1,141.0,0,0.66,0
T10459262,2025-01-01 21:04:46,C180317,45,TN,M5420,Restaurant,Online,451.03,0,52.1,2,199.4,0,1.11,0
T10193964,2025-01-01 21:06:42,C169903,37,RJ,M2328,Restaurant,POS,771.12,1,34.3,2,238.5,0,1.13,0
T10754414,2025-01-01 21:07:07,C106724,35,GJ,M2586,Restaurant,Contactless,506.85,1,16.7,4,17.0,1,1.75,0
T10046256,2025-01-01 21:07:19,C122308,18,DL,M3687,Entertainment,ATM,10000.0,1,4.2,5,1259.7,0,2.51,0
T10104017,2025-01-01 21:07:26,C176324,41,MH,M3057,Utilities,Contactless,2552.66,1,1.8,3,70.9,0,0.58,0
T10503548,2025-01-01 21:07:40,C163268,42,DL,M4740,Jewelry,Online,510.31,0,35.6,3,98.4,0,0.45,0
T10973199,2025-01-01 21:08:29,C114527,35,UP,M4743,Grocery,Online,1079.56,0,64.8,3,584.7,0,1.07,0
T10905263,2025-01-01 21:08:36,C149336,49,KL,M5236,Restaurant,POS,299.96,1,23.6,6,1546.9,0,0.55,0
T10852600,2025-01-01 21:08:59,C117369,41,TG,M2658,Online Services,POS,1171.39,1,36.0,2,1870.2,0,0.68,0
T10975428,2025-01-01 21:09:00,C111887,29,TN,M4966,Fuel,POS,279.08,1,4.9,1,452.2,0,0.56,0
T10472020,2025-01-01 21:09:25,C125121,53,DL,M3259,Entertainment,POS,969.01,1,7.3,3,691.5,0,1.14,0
T10108412,2025-01-01 21:10:26,C169119,46,MH,M5899,Apparel,Contactless,694.26,1,10.7,5,331.6,0,0.27,0
T10766624,2025-01-01 21:10:55,C174432,34,MH,M2399,Online Services,POS,532.12,1,3.5,1,414.3,0,1.02,0
T10948465,2025-01-01 21:11:01,C132433,40,WB,M2579,Grocery,ATM,2000.0,1,2.1,3,33.0,0,0.92,0
T10046252,2025-01-01 21:11:08,C126788,44,DL,M2435,Restaurant,Contactless,524.97,1,10.0,2,123.5,0,0.74,0
T10218831,2025-01-01 21:11:11,C103629,32,WB,M2163,Grocery,POS,436.54,1,6.1,2,149.2,0,0.6,0
T10770492,2025-01-01 21:11:35,C126453,36,KL,M5009,Fuel,ATM,20000.0,1,12.6,2,3.1,0,1.98,0
T10227483,2025-01-01 21:13:45,C121395,45,WB,M3344,Online Services,POS,3787.02,1,6.8,3,527.4,0,1.28,0
T10725956,2025-01-01 21:14:33,C134925,33,TG,M1576,Utilities,Contactless,622.35,1,11.6,2,519.7,0,0.77,0
T10832052,2025-01-01 21:14:42,C133472,25,TG,M4781,Utilities,Contactless,373.07,1,10.6,2,637.7,0,1.3,0
T10755355,2025-01-01 21:15:32,C116719,44,MH,M3271,Fuel,Online,1520.72,0,13.1,3,956.3,0,1.73,0
T10261127,2025-01-01 21:16:22,C141752,31,KA,M1716,Grocery,POS,1535.92,1,4.8,2,33.8,0,0.51,0
T10411438,2025-01-01 21:16:40,C100768,48,UP,M5656,Grocery,Online,174.83,0,54.8,2,199.0,0,1.54,0
T10896872,2025-01-01 21:16:48,C114243,67,RJ,M5590,Apparel,Online,466.41,0,88.8,2,2062.0,0,0.69,0
T10480537,2025-01-01 21:17:46,C156730,33,MH,M4409,Grocery,Contactless,114.67,1,4.9,3,131.6,0,1.41,0
T10695981,2025-01-01 21:18:14,C169129,50,KA,M2062,Grocery,ATM,2000.0,1,29.8,4,128.0,0,1.05,0
T10339823,2025-01-01 21:18:18,C109179,59,KL,M3541,Restaurant,POS,966.45,1,8.8,3,274.3,0,0.7,0
T10554087,2025-01-01 21:18:44,C105881,50,WB,M3383,Restaurant,Online,2192.91,0,43.4,1,369.1,0,1.27,0
T10340618,2025-01-01 21:19:43,C113075,45,WB,M1335,Restaurant,Contactless,256.94,1,8.7,2,25.7,0,1.37,0
T10929139,2025-01-01 21:20:08,C136110,33,GJ,M2029,Grocery,Online,980.87,0,17.1,1,992.5,0,0.67,0
T10785902,2025-01-01 21:20:49,C147178,36,UP,M4801,Healthcare,POS,295.09,1,5.7,5,774.0,0,0.99,0
T10457526,2025-01-01 21:20:58,C107499,25,DL,M3404,Grocery,Contactless,368.08,1,4.9,2,611.7,0,1.05,0
T10009126,2025-01-01 21:21:55,C173011,18,TN,M5793,Fuel,POS,224.29,1,11.7,4,616.5,0,1.07,0
T10485061,2025-01-01 21:22:00,C126354,53,RJ,M1728,Grocery,POS,510.56,1,1.5,1,58.9,0,1.23,0
T10205965,2025-01-01 21:22:07,C153351,47,GJ,M3080,Restaurant,POS,435.82,1,4.5,1,3.1,0,0.63,0
T10490287,2025-01-01 21:23:06,C100424,22,MH,M2557,Healthcare,ATM,1000.0,1,4.7,2,1189.7,0,1.11,0
T10663124,2025-01-01 21:23:08,C118354,33,UP,M2774,Healthcare,Contactless,7896.69,1,0.2,3,482.8,0,0.49,0
T10184285,2025-01-01 21:24:00,C115944,51,MH,M3504,Restaurant,POS,1035.43,1,0.9,1,675.6,0,4.71,0
T10094209,2025-01-01 21:24:43,C117539,44,TG,M1593,Fuel,Online,532.53,0,63.1,2,57.0,0,2.52,0
T10452966,2025-01-01 21:25:10,C133458,35,MH,M3423,Fuel,POS,1582.07,1,23.1,3,127.2,0,0.76,0
T10636365,2025-01-01 21:25:28,C110734,47,UP,M3654,Restaurant,Contactless,222.9,1,6.3,2,633.8,0,1.84,0
T10656879,2025-01-01 21:25:34,C120182,20,UP,M3226,Fuel,Contactless,416.27,1,20.5,4,1284.5,0,1.37,0
T10657704,2025-01-01 21:25:47,C135859,27,GJ,M3654,Healthcare,POS,591.25,1,9.7,3,1078.7,0,0.71,0
T10282771,2025-01-01 21:26:06,C118900,58,TG,M1248,Restaurant,Contactless,1573.72,1,2.1,4,27.0,0,1.03,0
T10025520,2025-01-01 21:26:14,C136985,60,RJ,M3674,Restaurant,Contactless,43.64,1,1.8,1,261.5,0,1.02,0
T10700868,2025-01-01 21:27:04,C100009,41,RJ,M5147,Utilities,Contactless,4369.68,1,4.9,4,1965.0,0,2.13,0
T10105091,2025-01-01 21:27:19,C117791,32,TN,M5642,Fuel,Contactless,511.15,1,4.1,2,849.6,0,1.8,0
T10090069,2025-01-01 21:27:37,C121581,54,DL,M3971,Grocery,Online,974.33,0,35.5,3,469.2,0,1.89,0
T10302339,2025-01-01 21:28:05,C106216,52,RJ,M2362,Restaurant,Contactless,793.92,1,7.8,1,635.2,0,1.98,0
T10584174,2025-01-01 21:28:39,C127441,41,UP,M4048,Grocery,POS,1026.97,1,22.6,4,298.9,0,0.92,0
T10927981,2025-01-01 21:30:35,C165679,30,GJ,M5326,Apparel,Online,1556.31,0,102.5,1,254.2,0,2.94,0
T10732916,2025-01-01 21:31:16,C120585,23,WB,M5053,Fuel,POS,1267.67,1,6.4,3,515.4,0,0.79,0
T10390317,2025-01-01 21:31:25,C156817,58,UP,M5485,Grocery,POS,485.52,1,1.5,4,392.0,0,1.7,0
T10290474,2025-01-01 21:31:54,C131352,34,GJ,M5139,Apparel,POS,1081.18,1,1.5,2,429.4,0,0.5,0
T10004300,2025-01-01 21:32:05,C123047,41,KA,M3375,Fuel,ATM,10000.0,1,4.1,3,241.8,0,0.4,0
T10920208,2025-01-01 21:32:13,C160181,51,MH,M1490,Restaurant,Contactless,538.29,1,3.8,2,159.6,0,1.71,0
T10349686,2025-01-01 21:32:40,C115186,58,UP,M1453,Grocery,POS,1401.64,1,3.6,1,232.6,0,0.67,0
T10332118,2025-01-01 21:33:33,C127091,58,UP,M4316,Gift Cards,POS,198.84,1,16.2,1,345.3,0,0.82,0
T10347736,2025-01-01 21:33:37,C135299,29,MH,M4304,Restaurant,POS,212.09,1,1.4,1,621.7,0,0.55,0
T10350335,2025-01-01 21:34:23,C126641,42,DL,M3303,Healthcare,POS,348.91,1,2.1,2,406.9,0,1.21,0
T10220072,2025-01-01 21:36:25,C104631,50,UP,M1172,Utilities,POS,174.38,1,9.0,2,264.6,0,2.54,0
T10102378,2025-01-01 21:37:07,C166788,30,DL,M4225,Fuel,Contactless,2473.31,1,6.8,3,2152.6,0,0.64,0
T10704940,2025-01-01 21:37:48,C133632,58,KA,M1205,Healthcare,Contactless,3480.13,1,6.1,2,866.0,0,1.58,0
T10699994,2025-01-01 21:37:48,C137915,52,RJ,M4290,Fuel,POS,935.38,1,15.9,2,849.0,0,1.15,0
T10789056,2025-01-01 21:37:59,C134461,31,GJ,M5771,Electronics,Online,1587.23,0,41.7,1,325.2,0,3.07,0
T10070526,2025-01-01 21:38:17,C181584,65,TG,M3037,Apparel,Contactless,232.97,1,13.0,2,482.2,0,1.09,0
T10654316,2025-01-01 21:38:54,C147597,23,TG,M2556,Restaurant,Contactless,1356.48,1,16.0,2,520.7,0,1.05,0
T10729516,2025-01-01 21:39:07,C161284,57,UP,M5428,Entertainment,POS,423.86,1,35.1,3,727.3,0,0.7,0
T10054882,2025-01-01 21:39:32,C147888,38,GJ,M2852,Apparel,POS,822.83,1,30.9,4,578.0,0,1.61,0
T10659284,2025-01-01 21:40:03,C157406,42,MH,M3474,Grocery,Online,415.26,0,37.7,1,217.3,0,0.63,0
T10087837,2025-01-01 21:40:26,C101814,42,TN,M4583,Utilities,Contactless,407.53,1,0.6,3,13.8,0,0.96,0
T10564136,2025-01-01 21:40:33,C171476,38,TG,M1424,Electronics,POS,1183.97,1,25.1,5,346.1,0,3.87,1
T10478053,2025-01-01 21:40:50,C139853,42,RJ,M4700,Apparel,POS,1916.78,1,9.5,2,203.4,0,0.85,0
T10495094,2025-01-01 21:42:32,C125438,51,MH,M2128,Grocery,POS,970.9,1,6.1,3,304.6,0,0.78,0
T10030745,2025-01-01 21:43:55,C178452,57,MH,M5640,Gift Cards,Contactless,2028.06,1,7.3,4,315.0,0,0.36,0
T10183619,2025-01-01 21:44:34,C128851,48,WB,M1750,Jewelry,POS,296.91,1,16.6,2,360.5,0,3.7,0
T10848623,2025-01-01 21:45:31,C107678,29,DL,M3918,Grocery,Online,2979.64,0,51.3,2,45.9,0,0.99,0
T10519808,2025-01-01 21:45:31,C110907,25,RJ,M1293,Fuel,POS,895.94,1,3.8,2,1276.3,0,1.07,0
T10796271,2025-01-01 21:45:33,C144383,49,GJ,M4971,Entertainment,Online,678.56,0,49.8,3,385.1,0,0.41,0
T10592189,2025-01-01 21:47:00,C164153,18,TG,M2014,Apparel,Online,1203.53,0,40.7,1,564.0,0,0.44,0
T10539526,2025-01-01 21:47:32,C152548,55,DL,M3408,Restaurant,POS,590.42,1,6.5,3,897.0,0,0.71,0
T10276757,2025-01-01 21:47:45,C155385,43,UP,M1481,Entertainment,POS,282.37,1,3.8,2,132.4,0,2.73,0
T10572189,2025-01-01 21:48:18,C116373,38,KA,M5284,Fuel,Contactless,1609.42,1,10.4,1,220.1,0,0.78,0
T10340402,2025-01-01 21:48:38,C100427,35,GJ,M2622,Gift Cards,Online,83.61,0,26.0,6,34.7,0,1.84,0
T10405241,2025-01-01 21:49:02,C112509,30,DL,M4921,Entertainment,POS,1809.53,1,8.6,1,114.7,0,0.55,0
T10592082,2025-01-01 21:49:03,C123926,34,KL,M4425,Travel,Contactless,2636.77,1,20.5,2,1299.1,0,1.75,0
T10783743,2025-01-01 21:49:22,C175221,40,TG,M4260,Restaurant,POS,1433.32,1,12.6,1,336.2,0,1.22,0
T10351829,2025-01-01 21:49:41,C175602,51,DL,M1676,Grocery,POS,1129.36,1,0.7,2,34.7,0,2.78,0
T10424394,2025-01-01 21:51:12,C121607,56,WB,M1134,Grocery,Online,996.76,0,41.0,1,860.1,0,1.35,0
T10367991,2025-01-01 21:51:22,C140672,36,KA,M1938,Restaurant,Online,1541.16,0,8.5,3,147.8,0,1.77,0
T10113388,2025-01-01 21:51:33,C172353,34,MH,M1337,Grocery,POS,1578.37,1,20.8,1,4.2,0,1.07,0
T10471192,2025-01-01 21:51:36,C103692,39,KA,M3672,Apparel,Online,93.71,0,70.4,1,746.5,0,0.67,0
T10940040,2025-01-01 21:51:37,C166423,42,MH,M5255,Healthcare,ATM,2000.0,1,13.5,2,23.2,0,0.51,0
T10572643,2025-01-01 21:51:46,C161846,35,MH,M5948,Online Services,POS,3322.76,1,5.5,2,376.4,0,4.1,0
T10937815,2025-01-01 21:52:01,C144152,30,KL,M2233,Restaurant,POS,262.57,1,16.1,3,93.7,0,1.1,0
T10654907,2025-01-01 21:52:25,C167312,38,TG,M1719,Grocery,POS,978.57,1,3.6,2,562.8,0,0.83,0
T10540261,2025-01-01 21:53:18,C110731,69,KL,M3712,Fuel,Contactless,375.15,1,0.9,1,2.0,0,1.4,0
T10454368,2025-01-01 21:53:32,C166555,30,TG,M1226,Entertainment,POS,1518.17,1,4.3,2,1113.7,0,1.7,0
T10266678,2025-01-01 21:53:48,C160526,41,TG,M2437,Electronics,POS,6955.17,1,14.3,3,1274.1,0,1.27,0
T10768912,2025-01-01 21:53:49,C123992,26,WB,M5627,Grocery,Online,935.64,0,46.7,1,349.2,0,0.65,0
T10224304,2025-01-01 21:53:50,C105126,60,DL,M1941,Entertainment,POS,841.21,1,4.9,3,1325.7,1,0.89,0
T10248519,2025-01-01 21:53:54,C178184,41,RJ,M2674,Jewelry,Contactless,4475.97,1,6.3,1,1224.8,0,1.38,0
T10338278,2025-01-01 21:55:23,C131774,33,RJ,M1307,Fuel,Online,182.69,0,122.1,1,552.1,0,0.54,0
T10299614,2025-01-01 21:56:16,C141993,42,KL,M4792,Healthcare,ATM,10000.0,1,30.7,4,270.1,0,1.51,0
T10257894,2025-01-01 21:57:02,C107341,33,MH,M5389,Grocery,Contactless,209.77,1,2.0,4,867.1,0,1.89,0
T10672967,2025-01-01 21:57:03,C168917,43,WB,M1026,Apparel,POS,1813.73,1,4.9,4,80.2,0,1.95,0
T10983431,2025-01-01 21:57:29,C102589,55,KA,M4129,Gift Cards,Contactless,475.63,1,4.5,2,34.0,0,1.85,0
T10398023,2025-01-01 21:57:48,C178314,57,TN,M4463,Restaurant,Online,349.45,0,140.1,2,176.1,0,0.46,0
T10446662,2025-01-01 21:59:45,C173044,45,DL,M2433,Restaurant,Online,650.93,0,46.3,3,78.3,0,0.51,0
T10190348,2025-01-01 22:00:24,C180711,18,DL,M5818,Electronics,POS,290.91,1,6.2,4,336.8,0,1.23,0
T10392902,2025-01-01 22:01:01,C140166,34,KA,M4430,Grocery,Online,270.27,0,209.2,5,896.8,0,1.79,0
T10432819,2025-01-01 22:01:29,C115927,36,TN,M5401,Travel,Contactless,889.79,1,29.5,3,158.3,0,1.16,0
T10076406,2025-01-01 22:01:57,C179206,35,WB,M5687,Restaurant,Contactless,210.17,1,2.7,2,242.7,0,0.84,0
T10155834,2025-01-01 22:01:57,C142109,31,GJ,M4642,Grocery,ATM,2000.0,1,4.0,4,524.5,0,1.39,0
T10144900,2025-01-01 22:02:50,C123647,36,GJ,M1025,Grocery,POS,1923.2,1,3.5,6,400.6,0,1.35,0
T10495783,2025-01-01 22:03:07,C148823,41,TN,M3485,Electronics,Contactless,3989.37,1,0.2,5,58.9,0,1.16,0
T10523228,2025-01-01 22:03:36,C142625,18,MH,M5311,Utilities,POS,263.69,1,4.7,2,1308.3,0,0.43,0
T10814987,2025-01-01 22:03:47,C151630,31,MH,M5498,Electronics,POS,1006.72,1,11.9,5,154.0,0,0.93,0
T10013948,2025-01-01 22:04:08,C124517,34,WB,M1808,Restaurant,Contactless,435.93,1,0.3,1,416.9,0,0.55,0
T10643352,2025-01-01 22:04:28,C140709,18,RJ,M1205,Entertainment,Online,614.27,0,37.0,2,302.7,0,0.83,0
T10939078,2025-01-01 22:05:32,C165773,38,DL,M1534,Restaurant,ATM,1000.0,1,8.1,4,289.6,0,1.97,0
T10001475,2025-01-01 22:05:57,C125172,47,KL,M2724,Travel,Contactless,135.41,1,1.8,2,123.0,0,0.65,0
T10766520,2025-01-01 22:06:20,C166744,59,TN,M5672,Restaurant,ATM,1000.0,1,15.2,4,1290.0,0,2.16,0
T10818691,2025-01-01 22:07:18,C129734,51,MH,M3590,Healthcare,Online,2874.25,0,12.5,1,1097.4,0,0.81,0
T10919177,2025-01-01 22:08:45,C136002,18,KA,M5345,Travel,Contactless,2394.88,1,45.3,4,214.0,0,0.39,0
T10717455,2025-01-01 22:08:47,C102282,55,KL,M4965,Apparel,Contactless,2500.05,1,6.7,2,696.2,0,1.54,0
T10007835,2025-01-01 22:10:11,C145403,48,WB,M1168,Electronics,POS,8641.69,1,6.6,2,39.5,1,0.49,0
T10629305,2025-01-01 22:10:21,C167874,47,DL,M4646,Grocery,Contactless,1723.83,1,10.2,3,169.7,0,0.94,0
T10064723,2025-01-01 22:10:24,C124416,44,GJ,M1909,Fuel,Contactless,435.85,1,8.6,1,168.1,0,1.74,0
T10589331,2025-01-01 22:11:27,C160251,53,UP,M1607,Electronics,Online,1665.88,0,175.7,2,863.9,0,3.06,1
T10068048,2025-01-01 22:12:40,C107804,22,WB,M3574,Grocery,Contactless,134.65,1,9.9,1,94.0,0,0.73,0
T10952024,2025-01-01 22:13:12,C180463,22,TG,M4379,Apparel,POS,2477.94,1,19.1,2,306.3,0,1.78,0
T10537206,2025-01-01 22:13:27,C139965,53,RJ,M5172,Restaurant,Online,264.43,0,47.9,4,522.2,0,0.41,0
T10398477,2025-01-01 22:15:22,C111744,40,WB,M2291,Grocery,Contactless,379.29,1,11.1,3,236.3,0,1.28,0
T10579837,2025-01-01 22:15:29,C155436,23,RJ,M5934,Grocery,Online,8914.5,0,178.0,1,381.0,0,1.83,0
T10667295,2025-01-01 22:15:34,C106325,36,UP,M1192,Restaurant,Online,640.9,0,58.0,2,286.6,0,1.44,0
T10272005,2025-01-01 22:18:12,C123496,34,KL,M3517,Grocery,Contactless,2078.47,1,22.9,1,2061.6,0,1.19,0
T10783206,2025-01-01 22:19:02,C150291,38,DL,M3339,Restaurant,POS,73.09,1,8.9,2,115.1,0,1.08,0
T10568689,2025-01-01 22:20:14,C134064,59,KL,M4801,Online Services,POS,555.62,1,17.0,2,712.6,0,0.53,0
T10776853,2025-01-01 22:21:44,C137271,36,KL,M1461,Restaurant,Contactless,190.55,1,2.2,1,431.2,0,1.42,0
T10814156,2025-01-01 22:21:52,C151489,40,TG,M4949,Restaurant,POS,285.3,1,3.8,4,124.0,0,2.39,0
T10153006,2025-01-01 22:22:03,C120006,43,TN,M3265,Fuel,Contactless,454.85,1,5.7,2,150.1,0,0.82,0
T10869619,2025-01-01 22:22:19,C150886,34,KA,M4039,Fuel,ATM,1000.0,1,2.2,1,474.8,0,0.64,0
T10010865,2025-01-01 22:22:36,C154835,18,WB,M5555,Grocery,Online,487.74,0,64.0,4,405.3,0,1.89,0
T10341890,2025-01-01 22:22:47,C145440,40,MH,M2137,Online Services,Online,601.8,0,74.2,3,807.1,1,1.89,0
T10589787,2025-01-01 22:23:29,C130869,33,KA,M5428,Gift Cards,Online,771.39,0,9.6,1,363.6,0,1.44,1
T10269801,2025-01-01 22:23:36,C131633,49,GJ,M5291,Apparel,Contactless,2304.37,1,4.9,2,232.3,0,1.32,0
T10077440,2025-01-01 22:23:42,C145558,28,TG,M5936,Travel,Online,1400.48,0,108.8,4,756.1,0,1.18,0
T10704716,2025-01-01 22:23:58,C153883,33,TN,M1236,Grocery,POS,373.64,1,2.1,4,702.0,0,1.28,0
T10193728,2025-01-01 22:25:00,C108689,51,KA,M3462,Restaurant,Online,760.54,0,149.5,3,476.5,0,0.42,0
T10551251,2025-01-01 22:26:03,C151195,49,RJ,M4146,Grocery,POS,781.26,1,1.4,3,366.8,0,1.28,0
T10738549,2025-01-01 22:27:31,C132084,18,TG,M4226,Utilities,POS,1866.05,1,3.2,4,1577.4,0,1.91,0
T10173854,2025-01-01 22:27:51,C108892,65,WB,M2590,Restaurant,Contactless,1006.02,1,18.6,2,951.1,0,0.28,0
T10055132,2025-01-01 22:29:32,C153565,25,DL,M5517,Restaurant,POS,625.48,1,17.7,3,93.7,0,0.57,0
T10371047,2025-01-01 22:29:58,C152712,37,TG,M3878,Restaurant,Contactless,163.44,1,4.4,3,847.2,0,1.35,0
T10298822,2025-01-01 22:30:35,C178725,38,DL,M5498,Entertainment,Contactless,694.88,1,6.7,2,159.5,0,3.18,0
T10555819,2025-01-01 22:31:46,C169775,38,WB,M1184,Restaurant,POS,1242.41,1,5.0,4,200.2,0,1.03,0
T10351471,2025-01-01 22:32:16,C116920,34,GJ,M2609,Utilities,POS,1349.57,1,27.3,1,68.8,0,0.62,0
T10145110,2025-01-01 22:32:19,C162368,72,MH,M3619,Fuel,Online,3062.57,0,17.7,4,1650.4,0,1.33,0
T10795039,2025-01-01 22:32:38,C124349,40,RJ,M5549,Fuel,POS,684.79,1,10.1,5,60.1,0,0.86,0
T10848319,2025-01-01 22:32:39,C163193,26,TN,M1307,Utilities,POS,819.44,1,0.1,2,1112.4,0,1.02,0
T10777611,2025-01-01 22:33:37,C108663,50,WB,M2263,Restaurant,POS,2828.42,1,1.6,4,504.4,0,1.27,0
T10655002,2025-01-01 22:35:41,C144076,53,DL,M1908,Healthcare,Contactless,400.49,1,13.9,4,924.9,0,1.31,0
T10462503,2025-01-01 22:36:39,C129992,18,MH,M1617,Apparel,Online,3019.36,0,48.6,1,1397.9,0,0.55,0
T10147649,2025-01-01 22:37:33,C159345,20,UP,M2114,Travel,Contactless,1079.67,1,6.1,5,182.4,0,1.03,0
T10661713,2025-01-01 22:37:45,C126504,32,TG,M2904,Gift Cards,Contactless,875.34,1,24.3,1,204.0,0,0.61,0
T10841845,2025-01-01 22:38:01,C144441,62,TG,M3992,Electronics,POS,2443.91,1,3.6,3,237.7,0,0.23,0
T10032965,2025-01-01 22:39:32,C147183,20,UP,M1887,Online Services,Online,670.62,0,103.9,2,1190.8,0,1.68,0
T10058493,2025-01-01 22:39:36,C132612,21,GJ,M1207,Online Services,Contactless,1963.5,1,0.6,3,862.5,0,0.93,0
T10982808,2025-01-01 22:40:36,C122997,32,RJ,M1263,Healthcare,Online,254.91,0,5.8,2,519.8,0,0.47,0
T10087915,2025-01-01 22:43:10,C168986,21,TN,M1751,Entertainment,POS,345.0,1,0.1,3,254.4,0,0.68,0
T10935133,2025-01-01 22:44:10,C158446,49,MH,M2740,Fuel,POS,2585.69,1,8.5,2,634.5,0,1.6,0
T10945641,2025-01-01 22:44:42,C118350,67,TN,M4340,Apparel,POS,153.73,1,7.0,1,26.9,0,0.3,0
T10386460,2025-01-01 22:46:04,C127215,59,MH,M5139,Electronics,POS,708.97,1,4.7,3,28.8,0,1.24,0
T10465089,2025-01-01 22:47:14,C135039,52,KL,M5558,Electronics,Online,894.43,0,52.2,2,342.0,0,1.44,0
T10902287,2025-01-01 22:47:17,C127948,24,WB,M2429,Apparel,Contactless,1539.09,1,7.5,3,1233.8,0,1.05,0
T10414588,2025-01-01 22:47:23,C173678,49,GJ,M4782,Gift Cards,Contactless,1158.4,1,12.5,2,366.3,0,0.6,0
T10500417,2025-01-01 22:48:09,C157622,74,TG,M4885,Fuel,ATM,2000.0,1,52.8,2,297.1,0,0.85,0
T10256912,2025-01-01 22:48:57,C110909,40,RJ,M3216,Grocery,Online,1246.78,0,29.0,1,880.7,0,0.62,0
T10811339,2025-01-01 22:49:00,C127806,65,KL,M4331,Apparel,ATM,1000.0,1,10.9,5,636.2,0,1.43,0
T10067424,2025-01-01 22:49:25,C130157,42,KA,M2187,Grocery,POS,400.73,1,6.8,1,71.5,0,0.78,0
T10777496,2025-01-01 22:49:37,C143403,44,WB,M2204,Electronics,Online,770.92,0,106.9,1,1453.4,0,1.46,0
T10874369,2025-01-01 22:50:17,C122407,51,RJ,M3741,Electronics,Online,495.42,0,60.3,4,16.9,0,1.82,0
T10199501,2025-01-01 22:50:30,C146654,52,TG,M5685,Fuel,POS,2120.15,1,1.3,1,38.9,0,1.08,0
T10323679,2025-01-01 22:51:18,C168782,20,GJ,M1128,Fuel,Contactless,525.3,1,17.7,2,698.6,0,0.53,0
T10661123,2025-01-01 22:52:05,C169318,35,KA,M5008,Apparel,Online,415.65,0,17.7,2,1235.2,0,1.16,0
T10072755,2025-01-01 22:53:21,C150169,35,KA,M2327,Grocery,POS,2307.83,1,11.9,3,192.7,0,0.78,0
T10868371,2025-01-01 22:54:04,C121882,47,WB,M4557,Grocery,Online,2839.54,0,143.9,2,498.9,0,0.61,0
T10463333,2025-01-01 22:54:48,C151984,41,TG,M1514,Utilities,Contactless,658.7,1,16.2,2,1568.4,0,1.36,0
T10407289,2025-01-01 22:56:54,C171106,24,UP,M2545,Restaurant,Contactless,253.07,1,12.5,4,556.7,0,0.63,0
T10826326,2025-01-01 22:58:17,C117517,28,KL,M1397,Grocery,Contactless,1724.12,1,1.0,2,837.3,0,0.71,0
T10517678,2025-01-01 22:59:04,C154179,38,DL,M5911,Healthcare,POS,437.24,1,0.9,4,254.0,0,4.35,0
T10555954,2025-01-01 22:59:17,C146028,40,GJ,M5754,Electronics,POS,1136.23,1,5.8,4,305.0,0,1.3,0
T10497921,2025-01-01 23:01:04,C121382,32,WB,M5919,Utilities,POS,412.24,1,14.2,2,440.1,0,1.09,0
T10944720,2025-01-01 23:01:47,C180856,35,TN,M1309,Utilities,POS,140.29,1,2.8,1,328.6,0,1.82,0
T10589012,2025-01-01 23:04:38,C132690,33,TN,M1897,Restaurant,Online,731.24,0,8.8,2,152.2,0,2.29,0
T10567346,2025-01-01 23:04:47,C137766,49,RJ,M5635,Grocery,POS,1170.94,1,7.2,4,252.6,0,0.84,0
T10332324,2025-01-01 23:05:08,C174702,23,GJ,M5889,Jewelry,POS,3381.25,1,6.4,2,1019.2,0,2.51,0
T10159047,2025-01-01 23:06:43,C134983,56,DL,M1755,Gift Cards,Online,105.48,0,64.8,2,60.2,0,1.31,0
T10311668,2025-01-01 23:08:22,C151259,49,MH,M3135,Jewelry,POS,459.67,1,9.6,4,1807.5,0,1.02,0
T10764375,2025-01-01 23:08:40,C102609,18,KL,M1889,Online Services,Contactless,140.82,1,19.6,2,316.8,0,1.13,0
T10261549,2025-01-01 23:08:55,C176383,46,WB,M5883,Grocery,Online,469.27,0,25.8,3,1471.4,0,0.82,0
T10446959,2025-01-01 23:09:34,C167618,53,GJ,M1909,Utilities,Contactless,167.07,1,12.6,2,458.9,0,0.99,0
T10686930,2025-01-01 23:10:15,C116297,20,MH,M4890,Healthcare,Contactless,375.44,1,18.6,4,430.8,0,1.64,0
T10113257,2025-01-01 23:10:43,C123016,30,TN,M2904,Restaurant,Online,581.97,0,75.8,4,447.6,0,0.83,0
T10353252,2025-01-01 23:12:04,C167907,37,TG,M3783,Restaurant,POS,1193.46,1,14.0,3,1466.0,0,2.04,0
T10821021,2025-01-01 23:16:05,C123728,65,DL,M2198,Apparel,ATM,1000.0,1,4.5,2,364.7,0,0.85,0
T10417341,2025-01-01 23:18:12,C143803,54,KL,M5588,Entertainment,Contactless,363.65,1,8.5,3,269.0,0,0.27,0
T10545091,2025-01-01 23:19:08,C111919,57,WB,M5983,Restaurant,POS,337.5,1,9.2,2,584.2,0,1.5,0
T10303656,2025-01-01 23:19:18,C164262,45,KA,M5166,Grocery,POS,211.38,1,4.6,2,2562.5,0,0.49,0
T10636333,2025-01-01 23:20:40,C129051,41,TN,M2924,Grocery,Contactless,243.98,1,9.9,2,275.7,0,1.89,0
T10432148,2025-01-01 23:20:52,C180864,50,TN,M1662,Online Services,POS,4026.59,1,0.2,1,557.9,0,0.7,0
T10899114,2025-01-01 23:21:42,C140632,52,TG,M3102,Restaurant,POS,340.25,1,2.0,2,1175.1,0,1.59,0
T10720948,2025-01-01 23:22:32,C173553,28,DL,M5846,Restaurant,POS,196.93,1,3.3,2,113.8,0,2.03,0
T10336104,2025-01-01 23:22:51,C169867,27,KL,M5565,Jewelry,Online,428.71,0,33.4,6,215.2,0,1.47,0
T10136695,2025-01-01 23:24:59,C143572,39,RJ,M4047,Grocery,POS,244.56,1,5.6,1,97.8,0,0.8,0
T10284686,2025-01-01 23:25:38,C130399,44,KA,M2780,Fuel,Online,896.14,0,64.5,3,67.7,0,0.99,0
T10501744,2025-01-01 23:27:09,C168837,68,UP,M4127,Apparel,Contactless,551.47,1,8.9,4,610.9,0,1.02,0
T10367888,2025-01-01 23:31:07,C157721,59,DL,M2947,Restaurant,POS,1107.72,1,11.3,4,408.4,0,1.57,0
T10026227,2025-01-01 23:31:09,C105377,41,GJ,M3797,Travel,Online,2579.87,0,58.5,3,942.3,0,0.8,0
T10045604,2025-01-01 23:31:31,C167450,27,WB,M1718,Restaurant,POS,159.72,1,6.4,1,176.5,0,1.15,0
T10055924,2025-01-01 23:32:01,C127282,21,WB,M2791,Fuel,POS,827.86,1,4.2,4,1972.2,1,1.32,0
T10558809,2025-01-01 23:33:00,C154433,44,UP,M4939,Fuel,Online,1649.93,0,42.0,1,291.0,0,0.56,0
T10713595,2025-01-01 23:33:14,C119180,18,WB,M3695,Online Services,POS,1205.03,1,3.9,1,1653.4,0,0.23,0
T10030988,2025-01-01 23:33:27,C113017,40,KL,M3594,Entertainment,Contactless,6621.72,1,12.8,3,120.9,0,0.36,0
T10821506,2025-01-01 23:36:25,C158432,52,TN,M1976,Fuel,POS,458.44,1,5.2,1,1297.8,0,0.51,0
T10361371,2025-01-01 23:42:55,C122843,57,KL,M2998,Entertainment,POS,546.07,1,4.9,2,128.5,0,0.56,0
T10111058,2025-01-01 23:43:01,C157245,29,DL,M1994,Apparel,Contactless,1687.02,1,6.6,2,1136.4,0,1.11,0
T10122408,2025-01-01 23:44:50,C148015,35,TG,M4174,Entertainment,Contactless,86.25,1,4.9,2,82.1,0,1.87,0
T10948510,2025-01-01 23:45:23,C182823,18,TN,M1177,Grocery,Online,1234.1,0,43.0,2,47.2,0,0.53,0
T10870141,2025-01-01 23:45:53,C162330,49,DL,M3602,Apparel,Online,415.05,0,147.6,1,236.5,0,0.71,0
T10412615,2025-01-01 23:46:27,C115927,57,TG,M2496,Fuel,POS,786.43,1,8.3,6,176.4,0,1.96,0
T10035957,2025-01-01 23:47:06,C172900,48,GJ,M3360,Apparel,POS,591.49,1,4.7,2,1274.4,0,4.27,0
T10099812,2025-01-01 23:48:45,C173377,44,RJ,M3209,Apparel,Online,781.15,0,119.4,3,441.8,0,1.2,0
T10101462,2025-01-01 23:49:33,C150897,23,TN,M1601,Utilities,Online,120.99,0,82.2,2,207.6,0,0.3,0
T10255099,2025-01-01 23:49:34,C148551,49,RJ,M3659,Grocery,Online,175.53,0,6.8,1,1188.0,0,0.93,0
T10228806,2025-01-01 23:53:11,C124338,39,RJ,M5758,Restaurant,Contactless,804.54,1,1.8,2,704.2,0,1.65,0
T10032694,2025-01-01 23:54:14,C129645,19,TN,M5356,Fuel,Online,370.14,0,31.0,3,564.7,0,1.25,0
T10467602,2025-01-01 23:54:32,C118954,37,GJ,M2070,Healthcare,Contactless,1704.17,1,2.9,4,624.9,0,1.97,0
T10010129,2025-01-01 23:56:06,C176826,63,KA,M3611,Apparel,Online,402.98,0,68.5,2,301.7,0,1.26,0
T10902999,2025-01-01 23:58:23,C161011,28,TG,M5996,Grocery,ATM,20000.0,1,9.8,3,507.3,0,0.77,0
T10853391,2025-01-01 23:59:01,C173536,53,MH,M1764,Grocery,POS,265.75,1,2.1,5,546.7,0,2.42,0
T10010723,2025-01-01 23:59:34,C106438,30,TN,M4009,Electronics,Contactless,693.53,1,9.9,4,595.8,0,0.61,0
T10498348,2025-01-02 00:00:51,C102159,51,TN,M2461,Travel,Online,5343.91,0,74.6,2,241.6,0,0.45,0
T10197208,2025-01-02 00:01:46,C116906,46,KA,M1721,Healthcare,Contactless,2877.64,1,12.6,3,410.0,0,0.87,0
T10965312,2025-01-02 00:08:37,C164849,53,UP,M1668,Restaurant,POS,588.86,1,8.8,4,272.3,0,1.61,0
T10923603,2025-01-02 00:11:52,C170816,40,KA,M2288,Restaurant,POS,2573.21,1,2.9,1,821.2,0,0.96,0
T10098450,2025-01-02 00:13:25,C103142,26,MH,M2046,Apparel,POS,402.93,1,15.1,4,655.9,0,0.68,0
T10760939,2025-01-02 00:17:45,C174112,53,WB,M1738,Restaurant,Contactless,94.64,1,6.3,2,127.1,0,1.47,0
T10196959,2025-01-02 00:17:59,C147452,47,UP,M5892,Fuel,POS,1734.94,1,2.3,1,13.0,0,0.92,0
T10643682,2025-01-02 00:22:27,C112252,60,GJ,M4894,Utilities,Online,1449.08,0,135.8,4,1759.5,0,0.7,0
T10525109,2025-01-02 00:24:45,C115667,32,TG,M2675,Apparel,Contactless,1516.3,1,12.4,3,97.2,0,1.78,0
T10283059,2025-01-02 00:25:54,C161559,34,KL,M4040,Utilities,Online,1186.91,0,18.9,5,1172.3,0,1.17,0
T10536429,2025-01-02 00:28:18,C143350,47,MH,M5735,Electronics,Online,1306.18,0,56.5,2,110.1,0,0.52,0
T10149383,2025-01-02 00:30:48,C146273,62,WB,M2227,Fuel,Online,1276.04,0,53.8,4,343.4,0,1.73,0
T10979491,2025-01-02 00:30:56,C183255,43,TG,M2330,Fuel,Contactless,1219.36,1,14.7,2,805.4,0,1.14,0
T10338318,2025-01-02 00:31:14,C180360,45,TG,M5683,Utilities,Contactless,185.83,1,2.0,1,294.7,0,0.81,0
T10676214,2025-01-02 00:32:29,C153676,52,WB,M2224,Gift Cards,POS,559.45,1,22.9,3,289.6,0,0.61,0
T10729787,2025-01-02 00:34:29,C105516,53,TN,M4843,Gift Cards,Online,1202.4,0,56.3,2,89.0,0,0.36,0
T10647240,2025-01-02 00:35:06,C130894,69,KL,M5510,Utilities,POS,3522.39,1,11.6,5,840.6,0,0.97,0
T10679607,2025-01-02 00:36:13,C170494,53,MH,M1141,Grocery,Contactless,512.88,1,3.8,2,195.5,0,1.06,0
T10819758,2025-01-02 00:43:16,C124847,55,KL,M1671,Utilities,POS,393.86,1,6.3,2,593.3,0,0.74,0
T10037479,2025-01-02 00:43:55,C105090,46,UP,M3144,Grocery,POS,658.8,1,6.2,3,409.0,0,0.83,0
T10288650,2025-01-02 00:44:46,C107386,27,KA,M3543,Healthcare,Online,4515.5,0,76.1,4,814.5,0,1.27,0
T10463292,2025-01-02 00:46:38,C140180,32,DL,M2827,Fuel,Online,563.99,0,160.9,3,1180.9,0,0.56,0
T10185601,2025-01-02 00:49:33,C104483,33,UP,M5092,Restaurant,Contactless,700.74,1,3.5,4,1289.8,0,1.39,0
T10179422,2025-01-02 00:51:01,C150107,66,RJ,M2658,Fuel,Online,546.69,0,3.0,3,820.2,0,0.93,0
T10911995,2025-01-02 00:52:00,C158124,35,KA,M2997,Travel,ATM,11000.0,1,4.1,1,158.8,0,0.81,0
T10199600,2025-01-02 00:54:38,C153297,52,MH,M1869,Grocery,Online,1771.36,0,61.7,2,643.7,0,0.94,0
T10183875,2025-01-02 00:57:45,C137208,39,GJ,M3407,Apparel,Online,1054.35,0,115.6,2,176.5,0,1.86,0
T10327208,2025-01-02 01:08:24,C125102,41,KL,M1501,Grocery,Contactless,2971.22,1,10.2,4,751.3,0,0.79,0
T10165066,2025-01-02 01:08:31,C136607,34,GJ,M5356,Fuel,Online,3211.88,0,177.7,1,844.9,0,2.77,0
T10084175,2025-01-02 01:08:31,C149645,36,TN,M1758,Online Services,POS,553.61,1,1.2,2,274.2,0,1.52,0
T10439539,2025-01-02 01:12:36,C164624,38,WB,M5837,Jewelry,Online,770.4,0,22.4,1,894.1,0,1.92,0
T10394256,2025-01-02 01:14:21,C115594,18,WB,M2439,Restaurant,POS,526.55,1,17.6,3,559.9,0,3.06,0
T10638915,2025-01-02 01:15:09,C134281,33,UP,M5505,Fuel,POS,295.18,1,6.4,2,28.5,0,0.77,0
T10216255,2025-01-02 01:21:41,C166471,19,GJ,M4088,Entertainment,Contactless,297.57,1,6.1,4,221.1,0,1.15,0
T10197933,2025-01-02 01:27:39,C147510,40,RJ,M2068,Grocery,POS,1051.12,1,3.5,3,357.2,0,0.54,0
T10683733,2025-01-02 01:28:13,C173042,44,GJ,M1111,Entertainment,Online,239.7,0,26.7,5,780.5,0,1.44,0
T10244302,2025-01-02 01:31:04,C115361,42,UP,M4085,Jewelry,ATM,4400.0,1,3.4,3,229.0,0,0.34,0
T10896541,2025-01-02 01:31:28,C132040,45,TG,M5471,Healthcare,Online,665.87,0,78.3,2,199.6,1,0.73,0
T10401637,2025-01-02 01:31:58,C153914,25,MH,M1925,Jewelry,Online,943.27,0,44.9,3,428.6,0,0.31,0
T10877786,2025-01-02 01:35:29,C149242,62,TG,M4485,Entertainment,Contactless,3777.25,1,5.8,4,460.2,1,0.59,0
T10117936,2025-01-02 01:40:12,C132193,42,KL,M3619,Grocery,Contactless,99.88,1,1.4,3,877.7,0,1.19,0
T10099824,2025-01-02 01:45:57,C148803,20,GJ,M1543,Grocery,Online,394.24,0,14.1,4,1985.3,0,0.57,0
T10177220,2025-01-02 01:47:07,C140689,64,TG,M4485,Gift Cards,Online,170.74,0,22.7,2,711.5,1,0.37,0
T10256212,2025-01-02 01:47:26,C133476,63,KA,M3695,Entertainment,Contactless,339.5,1,4.4,1,1789.4,0,0.96,0
T10830510,2025-01-02 01:49:32,C101961,64,DL,M3813,Restaurant,POS,214.3,1,15.0,2,1021.9,0,1.21,0
T10567063,2025-01-02 01:49:56,C146422,40,TN,M4155,Grocery,POS,1958.71,1,12.7,2,220.8,0,0.45,0
T10993184,2025-01-02 01:51:38,C170034,26,GJ,M1910,Fuel,Online,598.52,0,44.3,1,462.6,1,0.31,0
T10551155,2025-01-02 01:55:36,C155873,58,RJ,M2747,Utilities,POS,1658.41,1,16.5,1,484.0,0,1.88,0
T10459878,2025-01-02 01:56:02,C133736,39,TN,M5054,Online Services,Online,859.74,0,41.1,3,42.8,1,1.89,0
T10406276,2025-01-02 01:59:02,C150764,46,KL,M4160,Online Services,Contactless,730.95,1,2.1,2,664.6,0,0.89,0
T10611339,2025-01-02 01:59:44,C181847,43,RJ,M3404,Restaurant,POS,512.63,1,22.7,3,133.5,0,0.44,0
T10274590,2025-01-02 02:01:02,C117151,36,MH,M2636,Entertainment,Online,1012.84,0,253.7,3,102.7,0,1.15,0
T10811799,2025-01-02 02:06:25,C167122,51,WB,M3153,Grocery,Online,63.92,0,37.7,1,109.4,0,1.05,0
T10762220,2025-01-02 02:07:15,C160767,44,TN,M5047,Apparel,POS,80.08,1,5.4,3,30.5,0,1.23,0
T10920704,2025-01-02 02:09:03,C174331,34,TG,M5376,Restaurant,POS,285.11,1,7.2,2,1545.9,0,0.62,0
T10185885,2025-01-02 02:10:48,C129911,25,KL,M5219,Grocery,POS,6596.9,1,14.8,2,801.5,0,2.35,0
T10628611,2025-01-02 02:11:47,C157670,43,UP,M4671,Travel,POS,1133.35,1,10.6,1,121.0,0,1.47,0
T10286524,2025-01-02 02:13:17,C130977,40,GJ,M1024,Entertainment,POS,593.85,1,4.4,4,200.9,0,0.26,0
T10304527,2025-01-02 02:16:00,C139419,41,KL,M5960,Entertainment,Contactless,832.34,1,2.8,1,1767.4,0,2.58,0
T10836373,2025-01-02 02:16:02,C120534,41,MH,M1626,Utilities,Online,831.82,0,48.0,3,1209.0,0,1.0,0
T10745286,2025-01-02 02:17:42,C142769,24,TG,M3705,Grocery,Online,408.35,0,39.3,1,2582.4,0,0.71,0
T10712278,2025-01-02 02:21:37,C156924,26,UP,M5484,Jewelry,POS,910.49,1,6.2,2,337.5,0,0.51,0
T10040807,2025-01-02 02:22:33,C119860,45,WB,M2986,Grocery,Online,221.2,0,83.5,2,437.4,0,1.43,0
T10402083,2025-01-02 02:22:45,C143485,42,MH,M2315,Grocery,Online,1211.05,0,81.0,4,265.3,0,0.97,0
T10660972,2025-01-02 02:22:54,C109988,49,MH,M2019,Travel,Online,2601.06,0,38.8,3,558.7,0,0.73,0
T10745678,2025-01-02 02:38:07,C113948,46,UP,M4808,Restaurant,POS,453.68,1,11.9,2,1067.0,0,0.82,0
T10208064,2025-01-02 02:38:53,C145691,47,KL,M5508,Fuel,POS,771.21,1,3.5,2,668.7,0,1.15,0
T10347146,2025-01-02 02:39:15,C119141,27,TN,M1083,Electronics,ATM,2200.0,1,5.7,4,1190.8,0,1.08,0
T10081509,2025-01-02 02:41:07,C134612,23,TG,M2767,Apparel,POS,352.18,1,7.3,2,21.8,0,1.01,0
T10900494,2025-01-02 02:44:31,C116126,33,TG,M5591,Restaurant,Contactless,347.74,1,4.5,2,619.4,0,1.61,0
T10819803,2025-01-02 02:48:29,C102923,46,KL,M2849,Restaurant,POS,386.78,1,11.6,2,943.1,0,1.23,0
T10813714,2025-01-02 02:49:23,C172374,57,DL,M5280,Entertainment,Online,199.61,0,105.8,1,395.3,1,0.8,0
T10875767,2025-01-02 02:53:10,C164407,42,MH,M4016,Fuel,Contactless,2570.34,1,3.0,2,136.8,0,1.28,0
T10519676,2025-01-02 02:53:34,C134042,56,MH,M2662,Utilities,POS,398.48,1,8.9,1,151.3,0,1.03,0
T10293902,2025-01-02 02:56:16,C111821,58,GJ,M2671,Travel,Contactless,393.1,1,3.0,3,708.8,0,1.2,0
T10493332,2025-01-02 02:57:37,C116938,47,RJ,M1419,Fuel,POS,1382.68,1,7.6,2,500.4,0,0.67,0
T10755631,2025-01-02 02:59:19,C104185,33,DL,M4758,Restaurant,POS,140.97,1,1.4,1,103.1,0,0.63,0
T10631500,2025-01-02 03:01:32,C149690,50,KL,M1892,Entertainment,POS,834.44,1,6.4,2,353.3,0,0.92,0
T10910353,2025-01-02 03:01:56,C128941,46,TN,M5192,Fuel,Online,1790.77,0,50.5,2,230.5,0,1.54,0
T10454102,2025-01-02 03:03:09,C177341,53,RJ,M5417,Utilities,Online,2351.43,0,21.1,3,311.5,1,0.71,0
T10414648,2025-01-02 03:05:44,C138202,38,DL,M5499,Restaurant,POS,827.16,1,1.3,5,358.2,0,0.54,0
T10547652,2025-01-02 03:06:31,C118627,20,TN,M4350,Electronics,Contactless,1905.11,1,7.5,2,366.1,0,2.4,0
T10506900,2025-01-02 03:09:40,C109097,23,KA,M5304,Grocery,Contactless,224.77,1,25.1,4,800.2,0,0.87,0
T10181058,2025-01-02 03:11:10,C112256,19,RJ,M1248,Grocery,POS,397.86,1,4.7,7,989.3,0,1.7,0
T10075892,2025-01-02 03:12:08,C181877,41,TN,M4929,Electronics,POS,1477.87,1,0.3,2,375.2,0,1.78,0
T10945325,2025-01-02 03:14:05,C134602,18,RJ,M4877,Fuel,POS,831.89,1,5.0,4,15.6,0,0.32,0
T10133879,2025-01-02 03:15:50,C122264,45,MH,M5912,Restaurant,Contactless,808.59,1,12.5,1,552.2,0,1.9,0
T10371474,2025-01-02 03:16:24,C156654,25,KL,M4974,Grocery,Contactless,3219.84,1,2.4,3,594.7,0,0.44,0
T10799098,2025-01-02 03:18:54,C174479,23,RJ,M3556,Grocery,Online,3331.15,0,59.7,3,14.7,0,0.61,0
T10108278,2025-01-02 03:20:50,C119636,51,WB,M2913,Grocery,Online,961.84,0,114.7,2,905.4,0,0.69,0
T10159684,2025-01-02 03:23:58,C170568,37,TG,M1760,Healthcare,ATM,20000.0,1,2.4,1,462.4,0,1.4,0
T10628443,2025-01-02 03:27:28,C119368,32,DL,M3378,Entertainment,POS,896.71,1,2.7,2,97.7,0,2.67,0
T10001297,2025-01-02 03:27:53,C156440,26,GJ,M3381,Jewelry,POS,6224.46,1,20.7,2,621.9,0,0.43,0
T10155238,2025-01-02 03:30:40,C141359,33,KL,M5262,Entertainment,POS,115.82,1,11.5,2,85.8,0,1.68,0
T10624748,2025-01-02 03:31:07,C105477,42,GJ,M5434,Entertainment,Contactless,1642.53,1,1.6,4,1397.0,0,1.07,0
T10069540,2025-01-02 03:31:11,C146695,47,RJ,M5368,Grocery,POS,712.71,1,6.9,1,73.2,0,0.45,0
T10247606,2025-01-02 03:35:49,C150633,37,KL,M5596,Online Services,Contactless,222.15,1,10.5,7,675.5,0,1.03,0
T10118880,2025-01-02 03:36:16,C144778,24,KL,M1524,Apparel,Contactless,1315.06,1,15.9,4,269.7,0,0.88,0
T10080062,2025-01-02 03:37:02,C172237,45,DL,M3728,Entertainment,Contactless,416.76,1,6.5,5,1335.3,0,0.25,0
T10211970,2025-01-02 03:43:12,C137366,43,RJ,M4307,Fuel,Online,224.95,0,229.4,6,671.2,0,0.62,0
T10558727,2025-01-02 03:43:13,C158505,52,GJ,M3135,Utilities,Online,1681.37,0,111.9,3,794.1,0,0.59,0
T10119167,2025-01-02 03:45:08,C119805,43,WB,M4340,Healthcare,Contactless,1348.35,1,2.8,4,303.8,0,0.55,0
T10543586,2025-01-02 03:46:55,C135943,62,RJ,M5891,Grocery,POS,181.67,1,15.8,2,580.3,0,0.56,0
T10584899,2025-01-02 03:47:04,C101747,67,MH,M2490,Entertainment,Online,747.62,0,127.3,4,357.0,0,0.71,0
T10841923,2025-01-02 03:49:29,C136762,47,KA,M1294,Utilities,Contactless,1140.16,1,17.0,2,560.1,0,0.46,0
T10615036,2025-01-02 03:50:09,C162927,18,TN,M2176,Restaurant,Contactless,1416.07,1,27.0,2,267.6,0,1.24,0
T10271256,2025-01-02 03:50:46,C133778,39,MH,M5785,Electronics,Online,1384.68,0,176.0,1,1350.1,0,0.7,0
T10977947,2025-01-02 03:51:35,C151957,35,KL,M3428,Utilities,Online,679.77,0,49.5,3,536.5,0,1.2,0
T10661646,2025-01-02 03:52:13,C121716,39,UP,M4537,Utilities,Online,615.31,0,13.8,3,1635.8,1,2.45,0
T10566312,2025-01-02 03:59:58,C124209,44,TG,M2159,Entertainment,Online,154.4,0,141.0,1,539.2,0,0.81,0
T10284704,2025-01-02 04:07:10,C100632,49,DL,M2683,Electronics,Online,1217.28,0,105.7,4,197.3,0,0.99,0
T10699311,2025-01-02 04:17:43,C100653,32,GJ,M3699,Restaurant,POS,13507.46,1,1.6,7,110.9,0,0.93,0
T10586738,2025-01-02 04:21:34,C165429,28,UP,M1049,Apparel,POS,898.5,1,5.9,1,66.4,0,1.1,0
T10271585,2025-01-02 04:22:41,C124981,36,KL,M2098,Online Services,Contactless,158.03,1,6.2,3,757.6,0,1.65,0
T10385255,2025-01-02 04:26:36,C149624,51,WB,M5002,Grocery,POS,288.16,1,0.9,6,259.0,0,0.99,0
T10897539,2025-01-02 04:27:55,C131561,45,UP,M3787,Grocery,Online,2506.35,0,43.6,2,518.7,0,1.36,0
T10173384,2025-01-02 04:32:31,C101673,38,TN,M3743,Apparel,Contactless,1985.64,1,7.6,6,734.9,0,0.39,0
T10615414,2025-01-02 04:33:57,C128776,44,WB,M3754,Utilities,POS,588.12,1,2.7,3,138.4,0,0.9,0
T10868602,2025-01-02 04:34:13,C141524,51,MH,M1102,Entertainment,Online,930.8,0,163.2,2,1166.4,0,0.89,0
T10650145,2025-01-02 04:35:09,C124108,51,GJ,M5391,Travel,POS,633.38,1,15.1,5,777.0,0,0.46,0
T10215834,2025-01-02 04:35:49,C112153,41,DL,M5347,Entertainment,ATM,1000.0,1,8.0,2,157.6,0,0.21,0
T10375540,2025-01-02 04:38:54,C142639,45,KL,M2194,Restaurant,ATM,1000.0,1,3.3,3,2108.8,0,0.85,0
T10011158,2025-01-02 04:41:21,C160222,26,TG,M5757,Entertainment,Online,1833.54,0,12.3,4,1891.0,0,0.7,0
T10775246,2025-01-02 04:45:19,C133578,27,TG,M5193,Travel,POS,785.6,1,3.4,2,109.1,0,2.01,0
T10009315,2025-01-02 04:47:00,C108947,44,UP,M3560,Apparel,POS,62.65,1,8.2,4,51.8,0,0.66,0
T10077478,2025-01-02 04:47:15,C113564,29,WB,M4810,Fuel,Online,494.87,0,159.8,1,82.8,0,0.78,0
T10901657,2025-01-02 04:49:11,C141777,38,KA,M1904,Fuel,POS,4042.97,1,12.8,3,215.2,0,0.61,0
T10036584,2025-01-02 04:49:27,C119853,43,UP,M5496,Apparel,Contactless,548.62,1,18.0,1,1267.5,0,1.37,0
T10213314,2025-01-02 04:51:43,C128087,18,WB,M5329,Grocery,ATM,20000.0,1,9.4,3,374.7,0,3.07,0
T10447166,2025-01-02 04:52:23,C104277,44,WB,M2665,Restaurant,Contactless,396.39,1,0.8,2,171.0,0,1.52,1
T10585082,2025-01-02 04:54:13,C157198,50,UP,M4322,Entertainment,Contactless,806.85,1,22.5,3,1602.0,0,0.57,0
T10264603,2025-01-02 04:57:23,C136075,40,TN,M3988,Apparel,Online,226.64,0,24.5,3,1128.2,1,1.11,0
T10587486,2025-01-02 04:57:33,C140922,56,KL,M3051,Fuel,Online,1275.42,0,183.4,3,1035.9,0,1.86,0
T10333883,2025-01-02 05:02:02,C162021,48,GJ,M1240,Online Services,Online,1035.92,0,37.4,6,775.7,0,0.91,0
T10366647,2025-01-02 05:02:33,C143087,37,KA,M4631,Entertainment,Contactless,743.33,1,18.1,3,939.8,0,1.24,0
T10474686,2025-01-02 05:04:47,C112987,46,WB,M4703,Online Services,POS,2506.65,1,6.4,3,1212.8,0,0.37,0
T10979236,2025-01-02 05:06:43,C116337,31,TN,M5797,Fuel,POS,2766.48,1,5.0,3,295.5,0,0.38,0
T10748410,2025-01-02 05:06:46,C103642,18,KL,M5082,Grocery,POS,455.67,1,8.4,3,1957.2,0,0.37,0
T10319024,2025-01-02 05:06:52,C156607,50,TG,M3209,Healthcare,Online,1237.21,0,128.2,4,1582.1,1,1.92,0
T10807058,2025-01-02 05:06:54,C146428,51,KA,M1199,Restaurant,Online,881.45,0,73.4,1,260.0,0,0.57,0
T10828049,2025-01-02 05:09:37,C118070,27,GJ,M1624,Healthcare,POS,462.68,1,8.4,3,254.5,0,1.94,0
T10156962,2025-01-02 05:12:31,C119183,59,UP,M1224,Healthcare,Online,1255.03,0,29.0,3,68.8,0,0.71,0
T10455579,2025-01-02 05:12:55,C158241,35,MH,M2471,Grocery,POS,780.74,1,18.8,4,234.5,0,0.8,0
T10292444,2025-01-02 05:15:36,C176891,71,WB,M2660,Apparel,POS,830.39,1,8.6,4,1086.7,0,0.94,0
T10676766,2025-01-02 05:15:54,C109438,49,DL,M5699,Grocery,POS,261.6,1,1.4,2,62.4,0,1.12,0
T10274235,2025-01-02 05:20:09,C134992,55,DL,M4813,Travel,Online,227.37,0,43.8,3,3.7,0,0.52,0
T10803796,2025-01-02 05:21:39,C181082,49,KA,M5663,Jewelry,POS,1286.21,1,2.5,2,307.8,0,1.26,0
T10859639,2025-01-02 05:23:50,C164566,35,RJ,M4008,Travel,ATM,22000.0,1,2.8,3,413.0,0,1.2,0
T10482245,2025-01-02 05:23:55,C172568,27,GJ,M2510,Restaurant,POS,507.71,1,5.7,4,1116.4,0,0.87,0
T10044484,2025-01-02 05:24:28,C153800,57,TG,M4727,Grocery,POS,190.39,1,3.2,2,543.8,0,1.0,0
T10635534,2025-01-02 05:24:33,C119882,46,TG,M2306,Electronics,Contactless,1493.84,1,3.8,2,354.7,0,0.95,0
T10320435,2025-01-02 05:25:31,C107265,41,WB,M5110,Utilities,Online,197.46,0,53.7,2,140.9,0,0.71,0
T10868860,2025-01-02 05:26:10,C115220,40,DL,M1667,Gift Cards,Contactless,242.79,1,7.0,6,1174.3,0,0.78,0
T10567640,2025-01-02 05:26:51,C177514,49,UP,M1768,Entertainment,POS,595.86,1,2.0,2,556.0,0,1.74,0
T10085416,2025-01-02 05:26:59,C102569,48,MH,M2720,Grocery,Online,103.8,0,28.1,1,2434.5,0,1.24,0
T10683698,2025-01-02 05:27:06,C130458,40,UP,M1933,Restaurant,Online,75.53,0,71.1,1,66.4,0,0.56,0
T10080074,2025-01-02 05:28:19,C128917,44,RJ,M5271,Travel,Online,2436.54,0,20.5,2,389.3,0,0.71,0
T10701032,2025-01-02 05:28:31,C144415,41,RJ,M4081,Healthcare,Contactless,2270.25,1,4.6,1,1758.6,0,1.21,0
T10198778,2025-01-02 05:29:35,C118927,54,MH,M3104,Apparel,POS,523.8,1,9.9,1,1028.6,0,1.65,0
T10670567,2025-01-02 05:29:59,C122584,37,MH,M1109,Grocery,POS,764.99,1,6.5,4,708.0,0,1.06,0
T10717673,2025-01-02 05:30:14,C138202,33,RJ,M5674,Entertainment,POS,2378.51,1,8.3,1,264.9,0,1.53,0
T10438841,2025-01-02 05:30:32,C140702,30,DL,M1452,Electronics,Contactless,649.35,1,5.1,2,1015.4,0,0.78,0
T10068463,2025-01-02 05:30:57,C164004,32,DL,M4214,Electronics,POS,1720.51,1,4.1,2,639.5,0,1.46,0
T10297595,2025-01-02 05:34:01,C156500,50,TN,M4307,Jewelry,POS,2760.32,1,1.9,5,513.8,0,1.05,0
T10440965,2025-01-02 05:34:41,C101681,32,UP,M4528,Restaurant,Contactless,807.49,1,2.7,2,466.1,0,0.71,0
T10662972,2025-01-02 05:35:17,C163874,40,UP,M5088,Restaurant,POS,453.83,1,4.6,2,878.1,0,0.41,0
T10781274,2025-01-02 05:35:47,C146069,45,GJ,M1839,Electronics,POS,33844.56,1,0.6,2,844.0,0,0.95,0
T10482151,2025-01-02 05:37:07,C100179,54,KL,M3054,Grocery,Online,50.25,0,69.7,3,782.5,0,0.81,0
T10119563,2025-01-02 05:37:41,C124342,54,TN,M4683,Apparel,ATM,2000.0,1,1.9,5,964.9,0,1.85,0
T10276709,2025-01-02 05:37:54,C118644,39,KL,M5051,Entertainment,Contactless,1218.27,1,0.7,3,287.3,0,1.04,0
T10367175,2025-01-02 05:42:04,C112289,62,TG,M3832,Travel,POS,8001.4,1,5.3,2,615.2,0,0.79,0
T10010038,2025-01-02 05:42:23,C179910,54,UP,M5714,Restaurant,POS,1635.17,1,17.2,4,404.1,0,1.77,0
T10604635,2025-01-02 05:43:12,C111633,18,MH,M2352,Apparel,Contactless,105.94,1,36.1,2,420.0,0,0.45,0
T10699112,2025-01-02 05:44:25,C173723,49,GJ,M4232,Grocery,POS,425.96,1,5.7,2,794.8,0,0.52,0
T10552215,2025-01-02 05:44:41,C100844,43,RJ,M5885,Healthcare,POS,558.36,1,1.0,2,979.5,0,0.47,0
T10678449,2025-01-02 05:49:23,C160563,43,DL,M4942,Apparel,POS,1450.14,1,11.2,1,485.0,0,0.52,0
T10231914,2025-01-02 05:49:51,C169738,39,RJ,M4225,Fuel,Contactless,1302.96,1,6.0,4,90.1,0,0.51,0
T10766235,2025-01-02 05:50:08,C111315,59,RJ,M2237,Gift Cards,POS,1006.35,1,4.4,4,46.5,0,0.75,0
T10930852,2025-01-02 05:51:51,C152057,52,UP,M4684,Electronics,POS,5715.73,1,1.4,3,486.0,0,0.79,0
T10245409,2025-01-02 05:54:00,C162173,63,DL,M3749,Grocery,ATM,2000.0,1,7.7,1,285.1,0,0.75,0
T10645337,2025-01-02 05:55:41,C178219,54,MH,M5786,Electronics,POS,182.75,1,2.1,2,1785.9,0,2.68,0
T10627577,2025-01-02 05:57:16,C108402,43,DL,M5674,Grocery,POS,1413.1,1,4.6,3,389.1,0,0.64,0
T10760348,2025-01-02 05:57:30,C129373,51,TG,M1703,Fuel,Online,283.59,0,61.6,1,42.8,0,0.79,0
T10514419,2025-01-02 05:58:54,C108275,41,KL,M3984,Fuel,Online,4593.33,0,236.1,4,43.6,0,1.54,0
T10409425,2025-01-02 05:59:27,C121650,39,RJ,M2575,Grocery,ATM,10000.0,1,16.8,2,459.5,0,0.84,0
T10352066,2025-01-02 05:59:31,C161244,49,GJ,M2954,Restaurant,ATM,10000.0,1,6.1,1,254.8,0,0.99,0
T10525697,2025-01-02 06:00:44,C122412,48,GJ,M3259,Utilities,POS,2546.14,1,2.1,4,339.3,0,0.99,0
T10574471,2025-01-02 06:02:34,C141696,32,TG,M1655,Restaurant,Contactless,1580.95,1,6.9,2,579.9,0,0.74,0
T10425368,2025-01-02 06:02:58,C128503,34,WB,M3812,Grocery,POS,1362.55,1,19.4,5,59.4,1,0.76,0
T10504169,2025-01-02 06:03:13,C145412,51,MH,M1267,Grocery,POS,3742.22,1,19.3,4,275.4,0,1.4,0
T10292890,2025-01-02 06:03:22,C142968,58,DL,M4988,Healthcare,Contactless,791.59,1,1.9,3,1713.8,0,0.79,0
T10337700,2025-01-02 06:03:36,C162464,35,WB,M3290,Restaurant,POS,333.6,1,2.0,3,96.1,0,2.2,0
T10650334,2025-01-02 06:03:40,C106618,61,UP,M1192,Travel,Contactless,1502.58,1,22.6,3,921.2,0,2.2,0
T10833164,2025-01-02 06:04:52,C130605,38,GJ,M3832,Electronics,Contactless,2633.82,1,4.2,5,296.0,0,0.66,0
T10667380,2025-01-02 06:05:06,C113384,28,GJ,M2274,Entertainment,Online,1163.33,0,18.2,2,132.8,0,1.06,0
T10816822,2025-01-02 06:06:10,C175385,64,KL,M5366,Utilities,ATM,2000.0,1,14.0,1,138.8,0,0.32,0
T10430727,2025-01-02 06:06:38,C138926,42,WB,M1220,Fuel,Online,237.72,0,7.8,3,627.7,0,1.02,0
T10922476,2025-01-02 06:06:40,C167441,37,WB,M1096,Travel,Online,1865.23,0,37.0,1,79.0,0,0.92,0
T10625812,2025-01-02 06:06:49,C104364,21,TG,M3470,Travel,POS,1684.63,1,8.3,2,312.6,0,0.69,0
T10486592,2025-01-02 06:10:46,C111455,44,DL,M4441,Grocery,Online,1572.9,0,55.0,3,110.9,0,0.58,0
T10578697,2025-01-02 06:12:02,C183029,44,KL,M4744,Utilities,Online,289.73,0,45.2,5,2429.1,1,0.86,0
T10021198,2025-01-02 06:13:07,C120953,46,MH,M1231,Grocery,Online,2508.79,0,89.8,5,2380.9,0,1.65,0
T10373624,2025-01-02 06:13:09,C157234,45,MH,M1081,Restaurant,Contactless,178.85,1,4.8,3,657.3,0,0.61,0
T10102275,2025-01-02 06:13:18,C167802,43,GJ,M5930,Restaurant,POS,1969.0,1,8.2,2,251.6,0,0.47,0
T10611353,2025-01-02 06:14:33,C117110,46,TN,M4702,Grocery,POS,750.52,1,8.5,2,328.4,0,0.67,0
T10337625,2025-01-02 06:14:36,C163630,42,RJ,M5309,Entertainment,POS,1538.61,1,6.3,4,1093.6,0,1.95,0
T10360190,2025-01-02 06:16:40,C176183,61,WB,M5812,Fuel,Online,191.21,0,36.7,3,2474.3,0,0.69,0
T10923029,2025-01-02 06:17:02,C157648,30,TN,M2821,Fuel,ATM,10000.0,1,3.2,1,1759.9,0,1.27,0
T10216320,2025-01-02 06:17:23,C153016,60,DL,M3719,Apparel,POS,1838.38,1,11.9,2,96.9,0,2.56,0
T10698893,2025-01-02 06:17:50,C144781,19,UP,M2739,Online Services,Online,2143.92,0,46.3,2,536.2,0,1.41,0
T10453539,2025-01-02 06:17:53,C178733,42,TG,M2088,Entertainment,Online,2382.74,0,40.0,2,114.2,0,0.72,0
T10957578,2025-01-02 06:19:11,C105112,46,TG,M3572,Grocery,ATM,2000.0,1,7.1,7,130.8,0,0.63,0
T10821562,2025-01-02 06:20:36,C166725,29,RJ,M4301,Entertainment,Online,57.26,0,43.7,2,2300.7,0,1.98,0
T10896294,2025-01-02 06:20:43,C155693,58,RJ,M4203,Entertainment,Online,1172.22,0,50.2,3,381.9,0,2.38,0
T10557675,2025-01-02 06:21:17,C142473,18,KL,M2048,Healthcare,Online,655.04,0,44.9,2,1204.7,0,1.24,0
T10251057,2025-01-02 06:21:20,C106788,20,KA,M2106,Grocery,POS,133.12,1,1.3,2,135.2,0,1.47,0
T10865073,2025-01-02 06:21:33,C148529,50,RJ,M5907,Online Services,Contactless,1694.84,1,11.0,1,333.0,0,0.98,0
T10467177,2025-01-02 06:21:37,C100683,45,KL,M4440,Grocery,Online,1087.37,0,46.7,2,337.2,0,0.71,0
T10586160,2025-01-02 06:21:38,C150569,35,MH,M3583,Grocery,POS,688.9,1,5.0,1,145.1,0,1.12,0
T10815029,2025-01-02 06:23:30,C107022,30,DL,M1231,Restaurant,POS,905.79,1,9.9,1,323.7,0,1.67,0
T10210739,2025-01-02 06:23:59,C147022,56,KL,M4787,Healthcare,POS,4051.2,1,21.8,3,1084.3,0,0.86,0
T10429650,2025-01-02 06:24:13,C138112,42,UP,M3493,Electronics,Online,1338.94,0,76.6,2,621.0,0,0.71,0
T10812112,2025-01-02 06:24:54,C152949,44,DL,M4692,Utilities,POS,634.6,1,1.0,2,111.7,0,0.99,0
T10306854,2025-01-02 06:27:57,C158497,31,KA,M3103,Healthcare,POS,168.01,1,10.2,2,97.3,0,0.83,0
T10451315,2025-01-02 06:31:35,C132822,77,DL,M4874,Grocery,POS,523.06,1,7.7,2,235.4,0,2.16,0
T10953893,2025-01-02 06:32:52,C133334,27,GJ,M1864,Apparel,POS,2074.91,1,4.3,5,349.1,0,0.86,0
T10320609,2025-01-02 06:32:55,C164114,60,WB,M1919,Grocery,Online,510.13,0,44.7,1,472.9,0,0.32,0
T10876067,2025-01-02 06:32:56,C125271,18,MH,M5765,Travel,POS,2920.7,1,15.1,3,2965.5,0,0.48,0
T10486019,2025-01-02 06:34:18,C132708,21,TN,M1620,Fuel,Online,603.96,0,84.8,2,692.2,0,0.99,0
T10607091,2025-01-02 06:34:33,C162159,33,MH,M4902,Grocery,Online,2985.46,0,39.5,4,1309.2,0,0.81,0
T10527238,2025-01-02 06:34:52,C107309,34,MH,M2651,Healthcare,Contactless,567.29,1,1.7,2,81.5,0,0.94,0
T10147233,2025-01-02 06:35:18,C125069,31,TN,M1590,Utilities,POS,2357.21,1,8.5,3,1248.3,0,0.73,0
T10956751,2025-01-02 06:35:30,C137063,44,TN,M5125,Grocery,Contactless,587.81,1,14.2,3,116.9,0,0.56,0
T10947226,2025-01-02 06:35:32,C137400,36,DL,M4651,Healthcare,Online,521.67,0,47.1,3,1415.1,0,0.49,0
T10413554,2025-01-02 06:36:37,C140011,27,GJ,M3807,Grocery,Contactless,200.96,1,19.7,3,503.4,0,1.55,0
T10513412,2025-01-02 06:38:37,C107756,33,KA,M2196,Online Services,POS,270.0,1,0.4,3,168.1,0,2.28,0
T10198407,2025-01-02 06:39:47,C177910,34,KA,M5939,Entertainment,Contactless,1665.75,1,26.0,1,3.8,0,1.64,0
T10449326,2025-01-02 06:40:05,C137270,54,KL,M5886,Restaurant,Contactless,1984.13,1,1.6,5,589.8,0,0.97,0
T10528594,2025-01-02 06:40:06,C151311,32,UP,M3591,Grocery,Contactless,777.01,1,12.6,5,402.7,0,1.64,0
T10941524,2025-01-02 06:40:10,C144190,40,RJ,M1882,Utilities,POS,1427.22,1,16.2,1,1757.4,0,0.93,0
T10992232,2025-01-02 06:40:22,C174800,36,TG,M3673,Utilities,POS,706.13,1,0.4,2,1105.5,0,0.88,0
T10021158,2025-01-02 06:40:55,C161535,40,KL,M4602,Entertainment,Contactless,249.65,1,6.0,1,22.2,0,1.17,0
T10259836,2025-01-02 06:41:41,C171655,45,WB,M1996,Grocery,Contactless,568.77,1,2.6,3,34.4,0,0.61,0
T10362769,2025-01-02 06:41:43,C100963,32,WB,M2190,Electronics,POS,11611.51,1,10.4,3,1038.5,0,0.51,0
T10972056,2025-01-02 06:41:54,C176458,57,KL,M2550,Fuel,Online,2459.18,0,43.1,5,191.3,0,0.84,0
T10968177,2025-01-02 06:42:34,C118595,28,TN,M4072,Grocery,Contactless,1083.65,1,21.7,1,217.5,0,0.77,0
T10243861,2025-01-02 06:43:56,C139658,20,TN,M5749,Fuel,POS,460.68,1,4.9,1,423.8,0,0.98,0
T10923718,2025-01-02 06:44:25,C123691,32,GJ,M3319,Grocery,ATM,20000.0,1,5.9,2,35.2,0,1.48,0
T10492434,2025-01-02 06:45:01,C130986,41,GJ,M5318,Entertainment,POS,1393.43,1,4.7,1,170.9,0,1.13,0
T10194180,2025-01-02 06:47:27,C133926,51,TN,M3445,Online Services,ATM,1000.0,1,0.5,2,1023.3,0,1.31,0
T10998689,2025-01-02 06:47:54,C136762,42,TN,M2947,Fuel,POS,262.6,1,1.4,4,228.2,0,0.74,0
T10840924,2025-01-02 06:52:40,C104050,19,WB,M2015,Restaurant,Contactless,862.53,1,0.2,1,426.3,0,0.62,0
T10601197,2025-01-02 06:52:53,C138317,18,TN,M4426,Grocery,Online,2237.06,0,28.7,1,673.9,0,0.94,0
T10230897,2025-01-02 06:53:02,C100030,41,KL,M5673,Fuel,Online,1649.24,0,41.7,3,953.1,0,1.25,0
T10197375,2025-01-02 06:53:10,C121238,75,TG,M5559,Restaurant,POS,3396.94,1,7.7,1,11.9,0,0.65,0
T10459952,2025-01-02 06:53:29,C125331,21,KA,M1159,Fuel,Contactless,307.01,1,3.7,1,525.1,0,1.21,0
T10234825,2025-01-02 06:53:42,C107842,31,KA,M1104,Electronics,Online,1710.02,0,55.0,4,1042.2,0,0.7,0
T10957546,2025-01-02 06:53:42,C180704,38,DL,M2127,Electronics,Online,768.46,0,18.7,5,784.0,0,1.32,0
T10953338,2025-01-02 06:54:02,C117082,40,RJ,M5207,Online Services,Contactless,1093.74,1,9.5,2,338.3,0,0.69,0
T10756101,2025-01-02 06:56:17,C125172,38,DL,M4819,Electronics,Contactless,613.62,1,5.4,6,615.7,0,0.36,0
T10669470,2025-01-02 06:56:21,C116253,46,WB,M2707,Grocery,Online,2879.02,0,95.7,2,41.8,0,0.78,0
T10806774,2025-01-02 06:56:48,C113955,43,DL,M3178,Entertainment,POS,95.36,1,6.5,1,441.7,0,0.3,0
T10357387,2025-01-02 06:59:05,C174109,65,KL,M1044,Electronics,Contactless,5402.3,1,2.5,6,623.4,0,0.56,0
T10963623,2025-01-02 07:00:10,C154196,34,TG,M3839,Entertainment,POS,194.11,1,18.3,4,843.1,0,0.75,0
T10691231,2025-01-02 07:00:17,C127992,39,KL,M2088,Entertainment,Contactless,191.5,1,13.7,3,4.0,0,1.2,0
T10334865,2025-01-02 07:01:06,C102158,48,KL,M4080,Healthcare,Online,21.61,0,16.6,2,110.9,0,1.3,0
T10943533,2025-01-02 07:01:21,C154964,70,KL,M5091,Entertainment,Contactless,149.5,1,4.1,1,630.7,0,0.76,0
T10749024,2025-01-02 07:01:58,C149363,20,TG,M3886,Utilities,Contactless,4400.25,1,1.3,5,32.4,0,0.97,0
T10460159,2025-01-02 07:03:40,C155805,21,WB,M3451,Grocery,Contactless,2137.92,1,5.2,4,327.8,0,0.51,0
T10507844,2025-01-02 07:04:20,C102953,62,UP,M4254,Fuel,Online,259.22,0,78.9,3,203.2,0,2.5,0
T10129152,2025-01-02 07:04:35,C140197,33,MH,M5242,Apparel,Contactless,622.34,1,10.2,1,133.6,0,1.14,0
T10999437,2025-01-02 07:04:48,C168223,67,KL,M4963,Restaurant,POS,604.85,1,12.6,4,422.1,0,1.4,0
T10056867,2025-01-02 07:05:01,C155182,18,RJ,M2624,Gift Cards,Contactless,472.61,1,2.7,2,18.3,0,0.82,0
T10257597,2025-01-02 07:05:06,C167250,58,DL,M4003,Apparel,Contactless,198.65,1,13.6,5,790.5,0,1.01,0
T10445400,2025-01-02 07:05:58,C151676,53,GJ,M4657,Grocery,Contactless,660.96,1,5.9,2,194.3,0,0.37,0
T10367793,2025-01-02 07:07:11,C106037,29,TN,M2485,Grocery,POS,804.46,1,20.6,4,3.1,0,0.81,0
T10476111,2025-01-02 07:07:14,C172099,28,RJ,M1657,Apparel,POS,314.52,1,9.7,1,16.8,0,0.92,0
T10319135,2025-01-02 07:07:25,C155618,33,KA,M5909,Fuel,POS,307.44,1,7.8,2,1014.6,0,0.89,0
T10190904,2025-01-02 07:07:45,C135386,48,UP,M5184,Grocery,POS,624.59,1,5.5,3,354.2,0,1.04,0
T10909115,2025-01-02 07:08:03,C119847,56,KL,M4976,Fuel,Contactless,271.77,1,1.8,2,1457.8,0,0.5,0
T10140194,2025-01-02 07:09:13,C148965,39,MH,M5135,Grocery,POS,5448.26,1,9.4,4,1164.0,0,1.1,0
T10132725,2025-01-02 07:09:38,C144634,44,UP,M4936,Restaurant,Online,7489.7,0,188.0,2,303.9,0,2.17,0
T10739683,2025-01-02 07:09:38,C137632,38,RJ,M3369,Utilities,POS,1651.33,1,9.4,3,1333.2,0,0.35,0
T10079128,2025-01-02 07:09:41,C133989,42,MH,M2809,Healthcare,POS,6218.33,1,4.2,3,735.1,0,0.47,0
T10579682,2025-01-02 07:09:45,C118964,32,KA,M3329,Restaurant,POS,623.57,1,7.9,2,949.7,0,1.67,0
T10293735,2025-01-02 07:10:06,C146992,56,KL,M4654,Online Services,POS,427.52,1,1.1,2,1042.2,0,1.29,0
T10465224,2025-01-02 07:10:07,C167668,32,MH,M5795,Healthcare,Contactless,364.04,1,0.7,1,563.0,0,1.36,0
T10738034,2025-01-02 07:10:13,C124170,63,KL,M4712,Online Services,Contactless,220.3,1,2.6,2,904.4,0,2.76,0
T10551273,2025-01-02 07:10:46,C108407,54,TN,M1416,Fuel,POS,299.24,1,2.6,3,2704.4,0,1.87,0
T10036312,2025-01-02 07:13:10,C106238,28,GJ,M3114,Online Services,POS,101.54,1,1.4,3,801.4,0,0.47,0
T10869165,2025-01-02 07:13:29,C156691,24,MH,M4702,Jewelry,POS,1617.55,1,20.6,2,57.8,0,0.52,0
T10227754,2025-01-02 07:13:50,C168156,47,MH,M3305,Electronics,Contactless,2178.29,1,14.8,1,1565.7,0,0.85,0
T10493012,2025-01-02 07:13:52,C125901,29,RJ,M5016,Restaurant,POS,260.25,1,36.4,1,1128.5,0,1.0,0
T10000771,2025-01-02 07:14:27,C182218,45,KL,M4642,Grocery,Contactless,802.43,1,1.1,2,374.1,0,1.03,0
T10256824,2025-01-02 07:14:29,C108668,40,RJ,M2743,Restaurant,Contactless,585.74,1,3.5,3,370.4,0,0.93,0
T10601253,2025-01-02 07:15:57,C125328,28,WB,M5558,Utilities,POS,1906.9,1,2.1,3,673.8,0,1.33,0
T10093281,2025-01-02 07:16:07,C116282,54,DL,M2822,Online Services,Online,789.19,0,15.0,3,411.2,0,0.66,0
T10680791,2025-01-02 07:16:24,C144772,54,KA,M1837,Fuel,Online,873.36,0,47.5,1,34.6,0,0.42,0
T10402073,2025-01-02 07:16:36,C158752,34,TN,M1957,Restaurant,Contactless,1025.21,1,0.7,4,37.0,0,0.92,0
T10314982,2025-01-02 07:17:24,C124053,34,WB,M3289,Restaurant,POS,3055.0,1,3.5,2,56.5,0,2.58,0
T10708891,2025-01-02 07:18:02,C172298,72,TG,M3475,Fuel,POS,1228.83,1,13.8,3,2089.1,0,0.68,0
T10315838,2025-01-02 07:18:41,C126532,40,DL,M2405,Healthcare,Contactless,511.53,1,12.2,2,205.0,0,0.82,0
T10747964,2025-01-02 07:19:44,C103364,41,GJ,M3669,Fuel,Contactless,787.21,1,2.6,2,176.2,0,1.43,0
T10756645,2025-01-02 07:20:27,C112520,53,TG,M2306,Fuel,POS,790.45,1,4.3,2,8.9,0,0.69,0
T10305000,2025-01-02 07:21:16,C145392,52,MH,M4579,Travel,Online,5448.7,0,39.5,2,390.1,0,1.25,0
T10929601,2025-01-02 07:21:27,C177672,54,KA,M1263,Fuel,Online,924.7,0,66.5,3,742.5,0,0.78,0
T10823970,2025-01-02 07:21:55,C105738,58,KL,M4118,Healthcare,Online,726.25,0,14.8,3,647.6,0,1.93,0
T10433403,2025-01-02 07:22:33,C105585,42,TN,M5158,Electronics,POS,422.09,1,8.4,2,769.1,0,1.01,0
T10657314,2025-01-02 07:22:54,C179566,43,MH,M5332,Jewelry,POS,1798.79,1,3.9,3,1114.8,0,1.59,0
T10707944,2025-01-02 07:22:55,C142420,18,KL,M2564,Gift Cards,Online,408.82,0,56.5,2,156.8,1,1.37,0
T10719054,2025-01-02 07:22:57,C133518,62,MH,M2188,Grocery,Online,327.93,0,77.1,2,296.7,0,0.52,0
T10774648,2025-01-02 07:23:40,C105300,28,WB,M1863,Fuel,POS,1034.64,1,0.1,3,251.0,0,1.03,0
T10537111,2025-01-02 07:23:49,C162219,34,TN,M2182,Restaurant,ATM,1000.0,1,2.1,2,459.6,0,1.38,0
T10863027,2025-01-02 07:25:01,C176110,20,DL,M1959,Restaurant,Online,811.16,0,19.5,2,40.9,0,0.67,0
T10135137,2025-01-02 07:25:06,C147179,39,MH,M5421,Restaurant,Contactless,591.78,1,3.6,6,207.4,0,1.43,0
T10420339,2025-01-02 07:25:21,C173330,34,GJ,M2364,Grocery,POS,2526.59,1,9.0,1,975.8,0,1.18,0
T10558188,2025-01-02 07:25:36,C138348,23,GJ,M1728,Apparel,Contactless,2011.1,1,4.1,3,608.1,0,1.18,0
T10224346,2025-01-02 07:26:14,C180202,28,TG,M1227,Online Services,POS,439.6,1,2.6,2,168.0,0,2.33,0
T10344029,2025-01-02 07:26:16,C117192,67,TG,M3169,Restaurant,Online,636.48,0,234.5,1,68.4,0,1.45,0
T10458400,2025-01-02 07:26:29,C100049,41,DL,M5390,Online Services,Online,4521.88,0,24.5,4,1457.5,0,1.28,0
T10186869,2025-01-02 07:26:56,C158949,37,DL,M3654,Utilities,Online,937.78,0,34.0,1,440.8,0,0.89,0
T10034467,2025-01-02 07:26:58,C162101,41,GJ,M5059,Online Services,Online,8580.26,0,44.1,1,560.9,0,1.31,0
T10183999,2025-01-02 07:27:07,C104780,38,MH,M1014,Entertainment,Contactless,4450.75,1,3.1,4,456.3,0,1.4,0
T10637610,2025-01-02 07:27:08,C107082,36,KA,M2138,Online Services,Online,971.87,0,72.4,1,441.1,0,0.3,0
T10374856,2025-01-02 07:27:34,C102192,54,DL,M2972,Restaurant,Online,8736.74,0,137.7,4,370.5,0,1.47,0
T10395254,2025-01-02 07:28:05,C167634,53,RJ,M5994,Fuel,Online,457.15,0,35.0,3,83.4,0,2.68,0
T10887080,2025-01-02 07:28:12,C164729,63,TG,M4935,Restaurant,Online,785.55,0,119.0,3,553.2,0,0.86,0
T10821992,2025-01-02 07:28:12,C100075,23,TN,M5923,Utilities,Online,75.66,0,40.1,2,2475.8,0,2.2,0
T10221223,2025-01-02 07:29:23,C170446,45,WB,M5840,Restaurant,Contactless,3772.07,1,24.5,1,975.9,0,1.31,0
T10071422,2025-01-02 07:29:31,C172834,84,MH,M4861,Utilities,Online,249.6,0,177.4,5,375.1,0,1.68,0
T10522356,2025-01-02 07:30:17,C139621,34,KA,M3281,Restaurant,Online,243.4,0,20.4,2,601.2,0,1.66,0
T10029081,2025-01-02 07:30:20,C165973,32,UP,M1230,Apparel,POS,1113.18,1,45.8,3,801.0,0,0.84,0
T10834675,2025-01-02 07:30:23,C144425,41,WB,M1129,Apparel,Online,249.36,0,19.5,5,2.3,0,1.32,0
T10548131,2025-01-02 07:30:33,C145454,47,WB,M2945,Online Services,Online,1629.14,0,15.0,2,706.6,0,0.91,0
T10431395,2025-01-02 07:30:37,C182702,73,TG,M4055,Restaurant,POS,105.07,1,6.4,1,414.3,0,1.79,0
T10479530,2025-01-02 07:31:19,C143050,21,GJ,M3633,Apparel,Contactless,7726.09,1,2.3,1,403.2,0,1.41,0
T10164413,2025-01-02 07:32:21,C168267,26,WB,M4145,Fuel,POS,726.65,1,2.4,1,1008.1,0,0.45,0
T10632878,2025-01-02 07:32:37,C109877,39,WB,M3245,Online Services,POS,743.86,1,17.5,3,744.9,0,1.0,0
T10950492,2025-01-02 07:33:14,C107987,39,TG,M3030,Electronics,Online,934.74,0,219.6,1,124.6,0,0.92,0
T10696282,2025-01-02 07:33:19,C172951,31,TN,M3512,Jewelry,POS,2138.16,1,4.5,3,202.3,0,1.11,0
T10747099,2025-01-02 07:33:50,C110192,36,WB,M3914,Grocery,Online,1324.11,0,44.6,2,215.1,0,1.37,0
T10799625,2025-01-02 07:34:00,C110493,35,TG,M4172,Apparel,POS,339.88,1,5.1,2,278.1,0,2.64,0
T10743323,2025-01-02 07:34:18,C131239,36,TG,M5561,Utilities,POS,136.28,1,11.0,3,459.7,0,1.21,0
T10982011,2025-01-02 07:34:53,C107173,23,UP,M1423,Grocery,Online,4928.63,0,88.7,4,635.5,0,0.46,0
T10253102,2025-01-02 07:35:09,C101490,45,KL,M4789,Fuel,POS,708.94,1,1.4,1,201.3,0,1.92,0
T10800438,2025-01-02 07:35:21,C134718,32,RJ,M4255,Restaurant,POS,646.81,1,0.3,4,7.0,0,0.63,0
T10111671,2025-01-02 07:35:26,C110597,33,TN,M5625,Grocery,Contactless,146.8,1,11.1,6,105.0,0,0.8,0
T10312576,2025-01-02 07:35:33,C125922,48,TN,M1947,Fuel,Online,139.25,0,101.2,5,588.0,0,1.37,0
T10044272,2025-01-02 07:35:34,C150100,32,WB,M4347,Online Services,POS,6268.51,1,6.4,4,95.5,0,0.33,0
T10305738,2025-01-02 07:36:53,C131820,53,MH,M4787,Grocery,Online,1620.3,0,91.6,4,1371.0,0,1.73,0
T10554511,2025-01-02 07:37:50,C124789,26,DL,M5450,Healthcare,POS,226.08,1,10.1,1,118.1,0,0.87,0
T10588096,2025-01-02 07:37:53,C167351,29,KA,M5470,Fuel,POS,983.94,1,5.1,5,725.9,0,0.77,0
T10524598,2025-01-02 07:38:12,C167482,29,KL,M3636,Healthcare,Online,599.04,0,32.4,1,17.1,0,0.59,0
T10099123,2025-01-02 07:38:17,C128521,22,GJ,M4653,Utilities,Contactless,916.1,1,17.4,1,645.0,0,1.12,0
T10224283,2025-01-02 07:38:43,C157845,18,GJ,M5739,Travel,POS,1599.62,1,25.6,3,50.2,0,0.99,0
T10014544,2025-01-02 07:38:47,C128758,30,TG,M5370,Travel,ATM,44000.0,1,2.0,2,260.3,0,0.86,0
T10623210,2025-01-02 07:39:06,C160356,37,RJ,M5293,Healthcare,POS,1596.97,1,11.6,2,273.8,0,0.41,0
T10332314,2025-01-02 07:39:31,C158357,34,TG,M3833,Jewelry,Contactless,1036.84,1,4.3,1,238.6,0,2.07,0
T10684746,2025-01-02 07:39:33,C126603,28,RJ,M5243,Electronics,POS,3391.63,1,4.4,2,719.4,0,0.62,0
T10651727,2025-01-02 07:40:55,C101406,32,MH,M1953,Online Services,Online,195.03,0,53.6,2,213.7,0,1.41,0
T10235486,2025-01-02 07:41:01,C136156,55,KL,M4541,Fuel,POS,1084.18,1,18.4,5,2915.6,0,4.8,0
T10271024,2025-01-02 07:41:30,C103450,38,TN,M2967,Entertainment,Online,336.61,0,22.0,4,241.2,0,0.53,0
T10504184,2025-01-02 07:41:48,C168399,56,UP,M2316,Travel,Contactless,1575.31,1,5.7,2,417.5,0,0.88,0
T10238544,2025-01-02 07:41:51,C113574,53,MH,M1980,Entertainment,POS,2877.84,1,10.6,1,282.1,0,1.2,0
T10950898,2025-01-02 07:41:56,C140974,56,WB,M2230,Restaurant,Online,1174.59,0,79.7,2,579.6,0,1.38,0
T10177915,2025-01-02 07:43:29,C153853,18,GJ,M2504,Grocery,POS,355.59,1,22.1,3,67.9,0,0.85,0
T10902212,2025-01-02 07:43:43,C176625,25,TN,M1319,Apparel,ATM,1000.0,1,16.8,2,147.2,0,1.17,0
T10709315,2025-01-02 07:45:08,C161468,27,GJ,M1380,Utilities,Online,2523.33,0,21.2,2,1373.1,0,1.06,0
T10168444,2025-01-02 07:49:33,C140696,24,MH,M1670,Online Services,Online,930.93,0,108.6,2,637.6,0,1.46,0
T10549902,2025-01-02 07:50:21,C104410,50,TN,M1909,Electronics,Contactless,996.93,1,20.1,2,253.4,0,1.02,0
T10529801,2025-01-02 07:50:33,C124315,57,WB,M1300,Jewelry,Online,4142.25,0,81.2,1,523.1,0,1.64,0
T10957389,2025-01-02 07:51:14,C171569,33,GJ,M2754,Apparel,POS,849.34,1,10.3,3,756.1,0,0.51,0
T10405387,2025-01-02 07:51:31,C121244,53,TN,M4969,Apparel,POS,2270.7,1,5.3,3,94.8,0,0.35,0
T10116536,2025-01-02 07:51:36,C125936,44,WB,M3794,Fuel,Online,878.67,0,128.9,3,296.2,0,1.4,0
T10708759,2025-01-02 07:51:54,C180339,56,KL,M3060,Restaurant,Contactless,3039.21,1,1.7,2,792.9,0,0.74,0
T10620744,2025-01-02 07:52:04,C166437,28,TG,M2137,Restaurant,POS,240.65,1,3.5,3,133.6,0,1.2,0
T10317762,2025-01-02 07:52:40,C164178,58,TG,M3996,Restaurant,Contactless,888.58,1,4.4,1,345.8,0,2.18,0
T10073146,2025-01-02 07:53:46,C150640,59,UP,M2589,Fuel,POS,449.85,1,4.8,3,72.3,0,0.58,0
T10911788,2025-01-02 07:54:51,C175120,28,RJ,M1080,Apparel,Online,425.12,0,29.5,3,571.2,1,0.63,0
T10729447,2025-01-02 07:56:06,C111032,18,DL,M4979,Utilities,Contactless,1590.73,1,12.7,3,36.6,0,3.23,0
T10081543,2025-01-02 07:56:16,C125938,29,WB,M2290,Apparel,Contactless,470.0,1,7.9,5,38.9,0,0.63,0
T10557708,2025-01-02 07:56:17,C163025,31,KA,M4354,Grocery,POS,273.44,1,8.0,1,621.6,0,0.67,0
T10634651,2025-01-02 07:56:33,C157089,24,TG,M2050,Healthcare,Online,110.05,0,162.5,5,1171.5,0,1.81,0
T10490560,2025-01-02 07:56:59,C135958,49,DL,M4201,Fuel,Contactless,700.06,1,2.4,2,37.8,0,1.71,0
T10428494,2025-01-02 07:57:03,C163370,57,UP,M4088,Fuel,Contactless,1085.25,1,31.9,2,85.5,0,0.47,0
T10597714,2025-01-02 07:57:32,C150886,39,WB,M1332,Travel,POS,1477.81,1,17.4,3,142.7,0,0.45,0
T10327222,2025-01-02 07:57:57,C115821,50,KL,M3701,Grocery,Online,521.32,0,47.1,3,41.5,0,0.71,0
T10267351,2025-01-02 07:59:02,C179973,36,RJ,M3293,Grocery,Contactless,182.17,1,2.6,1,102.1,0,0.9,0
T10303651,2025-01-02 07:59:06,C135975,48,DL,M3523,Apparel,POS,961.75,1,9.2,2,78.5,0,1.06,0
T10978517,2025-01-02 07:59:07,C179311,21,RJ,M4369,Entertainment,Contactless,729.25,1,2.0,2,187.0,0,0.96,0
T10889979,2025-01-02 07:59:25,C114273,39,MH,M1438,Fuel,Contactless,224.88,1,13.1,2,1165.6,0,0.7,0
T10108831,2025-01-02 08:00:24,C182322,47,KL,M3075,Grocery,POS,260.16,1,1.2,3,537.8,0,0.39,0
T10929997,2025-01-02 08:00:55,C129883,42,UP,M2239,Healthcare,POS,1574.05,1,6.6,2,758.8,0,1.65,0
T10326659,2025-01-02 08:01:20,C120260,33,DL,M4153,Grocery,Online,2185.22,0,25.8,2,483.5,0,1.58,0
T10055814,2025-01-02 08:01:31,C130415,54,MH,M2137,Apparel,POS,374.12,1,5.3,3,469.0,0,0.3,0
T10772345,2025-01-02 08:02:14,C177962,43,WB,M4520,Grocery,POS,2823.98,1,0.7,4,432.5,0,1.48,0
T10264165,2025-01-02 08:03:11,C150010,50,GJ,M2421,Utilities,Contactless,688.75,1,16.7,3,574.1,0,0.62,0
T10282102,2025-01-02 08:03:43,C159003,33,DL,M3562,Gift Cards,ATM,10000.0,1,1.2,1,622.7,0,1.73,0
T10329176,2025-01-02 08:05:11,C105482,34,RJ,M3243,Electronics,Online,239.03,0,52.7,4,834.2,0,0.36,0
T10972500,2025-01-02 08:05:15,C104193,56,MH,M3630,Apparel,Online,1194.0,0,27.7,1,347.9,0,2.25,0
T10887859,2025-01-02 08:06:06,C164866,34,WB,M2389,Apparel,Online,1431.05,0,71.1,3,528.5,0,0.88,0
T10633161,2025-01-02 08:06:49,C116807,45,TN,M4691,Utilities,POS,327.7,1,6.8,6,528.3,0,0.95,0
T10770765,2025-01-02 08:06:50,C103629,26,WB,M3565,Grocery,Contactless,3337.33,1,7.4,2,153.5,0,0.84,0
T10419437,2025-01-02 08:06:57,C112329,47,WB,M5227,Online Services,ATM,2000.0,1,15.4,5,787.3,0,0.33,0
T10685870,2025-01-02 08:07:01,C136259,51,TG,M5569,Grocery,POS,1440.93,1,8.6,3,8.3,0,0.45,0
T10368143,2025-01-02 08:07:17,C103060,38,DL,M1166,Restaurant,Online,101.51,0,87.6,4,895.4,0,1.1,0
T10838430,2025-01-02 08:07:42,C167374,39,DL,M1309,Jewelry,Contactless,1246.41,1,0.9,2,88.0,0,1.27,0
T10010397,2025-01-02 08:08:06,C162775,34,TG,M4884,Entertainment,POS,388.6,1,6.3,1,138.3,0,1.72,0
T10486414,2025-01-02 08:08:44,C180457,41,MH,M2609,Utilities,Online,64.21,0,19.5,2,944.4,0,1.0,0
T10741797,2025-01-02 08:08:56,C140351,44,TG,M5205,Restaurant,POS,2163.31,1,14.0,4,538.3,0,0.72,0
T10364585,2025-01-02 08:09:20,C142622,18,MH,M3056,Utilities,ATM,10000.0,1,30.3,4,1964.0,0,1.61,0
T10524444,2025-01-02 08:10:34,C153755,37,KL,M4849,Gift Cards,POS,560.65,1,1.5,3,269.9,0,0.63,0
T10717872,2025-01-02 08:10:38,C138147,43,KL,M2510,Restaurant,Contactless,410.53,1,5.6,2,267.2,0,1.6,0
T10583826,2025-01-02 08:11:09,C103565,29,WB,M5607,Grocery,Online,148.75,0,61.0,1,26.9,0,1.14,0
T10029489,2025-01-02 08:11:53,C178210,23,WB,M4938,Grocery,Online,1890.05,0,67.5,1,363.3,0,1.94,0
T10559394,2025-01-02 08:11:58,C100537,53,RJ,M4527,Apparel,POS,1934.33,1,3.8,4,482.3,0,1.95,0
T10735328,2025-01-02 08:12:28,C127585,57,RJ,M1945,Grocery,POS,1843.66,1,9.2,4,1306.6,0,0.85,0
T10972707,2025-01-02 08:13:15,C164956,43,MH,M4816,Restaurant,Online,384.55,0,1.8,5,634.2,0,1.17,0
T10809597,2025-01-02 08:13:21,C140536,32,GJ,M4534,Healthcare,POS,1358.87,1,22.5,1,172.8,0,1.93,0
T10130872,2025-01-02 08:13:47,C118382,37,KA,M3625,Online Services,Contactless,1016.61,1,10.9,3,1053.5,0,0.91,0
T10009014,2025-01-02 08:14:01,C171681,47,TG,M3784,Utilities,Contactless,915.68,1,12.4,3,883.0,0,1.53,0
T10659730,2025-01-02 08:15:00,C116544,52,TN,M5418,Grocery,Contactless,260.97,1,0.3,2,1220.6,0,1.07,0
T10204174,2025-01-02 08:16:27,C173082,50,WB,M3630,Grocery,POS,290.32,1,8.8,2,326.2,0,0.78,0
T10389915,2025-01-02 08:17:04,C101980,51,RJ,M1657,Restaurant,ATM,10000.0,1,9.3,4,742.6,0,2.25,0
T10856949,2025-01-02 08:18:13,C105258,45,WB,M1909,Grocery,POS,3704.7,1,1.9,2,264.3,0,2.21,0
T10627700,2025-01-02 08:19:12,C148507,36,KL,M5261,Grocery,ATM,1000.0,1,2.3,1,1346.1,0,1.4,0
T10554237,2025-01-02 08:19:22,C106225,32,DL,M4588,Electronics,Online,1164.22,0,174.6,4,494.9,0,0.69,1
T10813489,2025-01-02 08:19:56,C108990,56,KA,M4807,Entertainment,ATM,5000.0,1,1.6,3,596.8,0,0.69,0
T10426853,2025-01-02 08:20:10,C141622,29,GJ,M3938,Restaurant,Contactless,1575.85,1,11.4,7,396.5,0,1.44,0
T10543993,2025-01-02 08:20:14,C167946,50,TN,M4072,Utilities,POS,676.54,1,19.2,2,538.7,0,1.05,0
T10169126,2025-01-02 08:21:19,C103833,18,TN,M3430,Healthcare,Contactless,145.6,1,7.3,1,120.3,0,1.9,0
T10745879,2025-01-02 08:21:25,C172433,61,KL,M1719,Gift Cards,POS,802.86,1,1.8,3,687.7,0,0.75,0
T10314029,2025-01-02 08:21:43,C130957,29,WB,M1520,Restaurant,ATM,5000.0,1,3.3,1,297.0,0,2.69,0
T10039934,2025-01-02 08:21:49,C137763,49,KL,M3512,Travel,POS,4314.33,1,11.6,4,759.2,0,0.37,0
T10220574,2025-01-02 08:22:28,C130348,33,WB,M4522,Online Services,POS,129.51,1,7.4,5,199.1,0,1.71,0
T10828282,2025-01-02 08:22:31,C159763,38,UP,M2582,Grocery,Online,1481.12,0,22.3,3,438.9,0,0.39,0
T10344375,2025-01-02 08:22:41,C132241,77,KL,M1036,Grocery,POS,392.61,1,16.1,4,149.5,0,0.88,0
T10027841,2025-01-02 08:22:45,C162955,38,TN,M1901,Grocery,Online,2862.8,0,29.2,1,381.1,1,2.06,0
T10054603,2025-01-02 08:22:49,C145253,35,WB,M5909,Restaurant,Contactless,493.78,1,4.9,7,1201.4,0,1.01,0
T10502366,2025-01-02 08:23:10,C137594,29,RJ,M4416,Electronics,POS,3989.61,1,1.8,2,546.3,0,0.5,0
T10561212,2025-01-02 08:23:11,C108541,62,GJ,M1867,Entertainment,POS,453.58,1,8.5,4,641.6,0,2.72,0
T10732901,2025-01-02 08:23:40,C135555,39,GJ,M3672,Entertainment,POS,1552.64,1,3.3,1,446.3,0,1.58,0
T10927642,2025-01-02 08:23:46,C152754,35,RJ,M1116,Utilities,Online,1548.22,0,58.2,2,1419.9,0,0.97,0
T10751520,2025-01-02 08:23:47,C130464,44,RJ,M3641,Gift Cards,POS,707.13,1,5.5,4,894.9,0,2.45,0
T10330856,2025-01-02 08:24:02,C166809,49,TN,M1887,Utilities,ATM,2000.0,1,6.2,3,677.2,0,0.75,0
T10979345,2025-01-02 08:24:32,C134760,39,UP,M4441,Electronics,POS,1779.43,1,4.7,5,33.2,0,0.71,0
T10586150,2025-01-02 08:25:02,C150520,29,MH,M1623,Utilities,POS,3336.07,1,22.4,7,533.5,0,1.13,0
T10030066,2025-01-02 08:25:06,C183114,45,WB,M4331,Healthcare,POS,724.81,1,6.6,1,69.6,0,0.41,0
T10398456,2025-01-02 08:26:36,C116396,51,DL,M2298,Grocery,POS,864.21,1,3.0,4,787.1,0,0.27,0
T10683875,2025-01-02 08:26:40,C135819,40,UP,M1366,Gift Cards,Contactless,913.9,1,3.3,2,65.0,0,0.5,0
T10250901,2025-01-02 08:26:56,C109005,51,MH,M3014,Fuel,POS,1422.48,1,9.1,6,1319.8,0,0.56,0
T10685199,2025-01-02 08:26:58,C108781,53,RJ,M4394,Online Services,POS,399.85,1,1.6,2,25.0,0,1.54,0
T10037942,2025-01-02 08:27:41,C160785,52,TN,M4038,Grocery,POS,515.83,1,12.0,2,241.8,0,0.96,0
T10966335,2025-01-02 08:28:10,C133347,51,GJ,M3265,Online Services,POS,2726.69,1,32.9,1,2111.0,0,1.47,0
T10046345,2025-01-02 08:28:30,C152634,36,KA,M5759,Online Services,Online,1326.61,0,233.7,3,703.9,0,3.07,0
T10671970,2025-01-02 08:28:41,C110451,48,MH,M2427,Apparel,POS,889.96,1,3.6,4,204.4,0,0.68,0
T10633926,2025-01-02 08:29:10,C180358,27,WB,M4609,Utilities,Contactless,1116.81,1,11.7,1,542.9,0,0.54,0
T10282436,2025-01-02 08:29:14,C121231,56,UP,M1448,Healthcare,Contactless,1816.95,1,12.3,4,144.1,0,1.37,0
T10021826,2025-01-02 08:29:16,C179395,33,WB,M4236,Apparel,POS,204.77,1,8.1,1,943.5,0,0.56,0
T10223993,2025-01-02 08:30:04,C156896,45,KA,M5058,Grocery,POS,652.09,1,11.5,2,37.2,0,0.89,0
T10027617,2025-01-02 08:30:13,C150756,31,KA,M5722,Grocery,Online,1751.93,0,16.2,2,2791.2,0,1.26,0
T10722639,2025-01-02 08:30:46,C181821,31,MH,M3185,Electronics,POS,625.79,1,4.6,3,644.7,0,1.37,0
T10600630,2025-01-02 08:30:54,C114441,62,KA,M2071,Healthcare,ATM,2000.0,1,5.7,4,246.1,0,1.23,0
T10012664,2025-01-02 08:31:10,C122353,44,MH,M1743,Grocery,POS,1055.25,1,3.6,4,1674.8,0,0.82,0
T10294482,2025-01-02 08:31:41,C165445,32,TG,M3160,Healthcare,POS,994.75,1,13.0,1,569.0,0,0.64,0
T10157002,2025-01-02 08:31:53,C161401,27,GJ,M2978,Grocery,POS,356.82,1,5.0,2,618.8,0,0.16,0
T10096434,2025-01-02 08:32:14,C162791,60,TG,M4349,Grocery,Contactless,188.36,1,21.0,2,1357.1,0,0.9,0
T10135768,2025-01-02 08:32:21,C135676,34,TN,M2928,Grocery,POS,1123.62,1,4.4,4,599.7,0,0.61,0
T10052254,2025-01-02 08:34:22,C125844,47,MH,M1185,Grocery,Online,1332.65,0,42.7,2,1328.4,0,3.35,0
T10239659,2025-01-02 08:34:35,C159400,37,UP,M3143,Fuel,Online,472.02,0,41.1,2,651.7,0,1.46,0
T10273597,2025-01-02 08:34:41,C122797,24,GJ,M5900,Apparel,Online,2452.4,0,46.0,3,1052.9,0,0.93,0
T10725138,2025-01-02 08:35:58,C150981,35,KL,M5207,Grocery,POS,305.31,1,16.1,2,93.1,0,0.72,0
T10481339,2025-01-02 08:35:59,C181271,44,MH,M1711,Online Services,Online,470.07,0,32.2,2,441.4,0,1.13,0
T10647546,2025-01-02 08:36:25,C155669,41,TG,M3557,Restaurant,Contactless,1271.61,1,19.4,2,92.5,0,0.85,0
T10537356,2025-01-02 08:36:42,C116907,66,MH,M5715,Restaurant,Online,782.15,0,6.3,3,263.4,0,0.66,0
T10941597,2025-01-02 08:37:46,C132462,29,TG,M5883,Travel,ATM,11000.0,1,4.3,2,292.3,0,0.62,0
T10765034,2025-01-02 08:37:54,C135769,44,DL,M1961,Restaurant,Online,161.09,0,44.3,3,1357.5,1,1.01,0
T10205857,2025-01-02 08:38:37,C183207,41,TN,M3561,Electronics,Online,179.34,0,70.6,2,165.2,0,0.83,0
T10349884,2025-01-02 08:38:39,C108184,31,KA,M2344,Grocery,Online,4773.66,0,52.7,1,1179.9,0,0.94,0
T10583588,2025-01-02 08:38:57,C127834,52,KL,M1146,Electronics,POS,2781.83,1,8.9,3,1503.5,0,0.29,0
T10014479,2025-01-02 08:39:02,C170540,31,WB,M5209,Grocery,Contactless,1478.21,1,9.7,4,66.0,0,0.54,0
T10796590,2025-01-02 08:39:14,C129232,37,RJ,M5879,Entertainment,POS,161.26,1,4.7,3,459.9,0,1.21,0
T10211684,2025-01-02 08:39:52,C104623,32,WB,M5205,Entertainment,Online,431.24,0,11.6,3,362.3,0,2.19,0
T10943082,2025-01-02 08:40:01,C111314,46,KL,M4257,Fuel,Contactless,1060.67,1,17.3,1,1382.2,0,0.35,0
T10665033,2025-01-02 08:40:23,C149200,46,UP,M5786,Electronics,Online,1967.24,0,49.7,3,2528.1,0,1.18,0
T10033013,2025-01-02 08:41:03,C123546,34,WB,M2195,Grocery,POS,862.62,1,7.3,4,98.3,0,2.09,0
T10038070,2025-01-02 08:41:33,C169961,48,WB,M5871,Online Services,Contactless,1994.4,1,27.0,3,250.2,0,1.51,0
T10469636,2025-01-02 08:41:35,C178045,51,KA,M2024,Healthcare,Contactless,90.65,1,2.3,2,992.1,1,0.75,0
T10988578,2025-01-02 08:41:46,C123053,36,WB,M1347,Grocery,Online,4490.46,0,23.1,2,1180.5,0,0.26,0
T10378729,2025-01-02 08:41:59,C183045,51,TN,M3327,Grocery,Contactless,523.1,1,5.9,3,1321.3,0,0.86,0
T10632626,2025-01-02 08:42:35,C177572,33,WB,M1308,Online Services,ATM,10000.0,1,2.5,3,438.1,0,1.7,0
T10436157,2025-01-02 08:42:36,C121795,48,TG,M1638,Electronics,Contactless,5076.61,1,9.2,1,547.3,0,0.64,0
T10659151,2025-01-02 08:42:49,C118470,29,KA,M2220,Apparel,POS,1799.49,1,9.2,1,910.1,0,0.66,0
T10027433,2025-01-02 08:42:59,C153449,75,RJ,M4087,Entertainment,POS,3799.21,1,10.6,1,140.2,0,0.3,0
T10340840,2025-01-02 08:43:05,C163593,54,WB,M1248,Electronics,POS,969.72,1,3.6,3,1826.8,0,0.48,0
T10033459,2025-01-02 08:43:25,C167992,52,RJ,M5420,Utilities,Online,3250.12,0,34.0,1,55.6,0,0.71,0
T10983891,2025-01-02 08:44:49,C109967,68,DL,M4756,Apparel,POS,331.45,1,1.7,4,25.6,0,1.44,0
T10665075,2025-01-02 08:44:57,C141232,52,DL,M1617,Travel,Online,9919.21,0,153.2,2,57.6,1,0.47,0
T10434945,2025-01-02 08:45:23,C111737,22,UP,M1105,Grocery,Online,471.51,0,51.6,1,1313.1,0,0.68,0
T10649363,2025-01-02 08:45:46,C176090,36,KA,M2706,Apparel,Contactless,743.78,1,8.6,1,80.4,0,0.92,0
T10857848,2025-01-02 08:45:52,C121303,29,DL,M5312,Fuel,Online,741.67,0,46.6,3,115.1,0,0.89,0
T10058263,2025-01-02 08:46:23,C112116,53,RJ,M5441,Restaurant,POS,503.98,1,7.9,2,226.5,0,0.74,0
T10367437,2025-01-02 08:46:27,C133165,48,RJ,M5597,Jewelry,ATM,2200.0,1,3.9,2,268.8,0,2.13,0
T10786681,2025-01-02 08:46:33,C138787,35,KA,M1677,Apparel,POS,39.29,1,15.9,3,305.3,0,0.51,0
T10184548,2025-01-02 08:47:14,C101829,53,UP,M4117,Fuel,POS,4076.58,1,1.4,3,1798.4,0,1.54,0
T10552123,2025-01-02 08:47:42,C179501,32,RJ,M5917,Restaurant,Online,463.19,0,73.6,1,499.3,0,0.63,0
T10489545,2025-01-02 08:48:22,C148136,48,GJ,M1220,Gift Cards,Online,1173.62,0,149.0,5,192.4,0,1.42,0
T10037864,2025-01-02 08:48:34,C110036,40,KL,M3345,Grocery,Contactless,280.9,1,0.4,2,666.3,0,0.86,0
T10153206,2025-01-02 08:48:37,C120615,31,WB,M2134,Online Services,POS,396.33,1,1.5,3,520.2,0,1.81,0
T10301659,2025-01-02 08:48:48,C145777,44,DL,M4401,Online Services,Online,7250.85,0,111.5,1,226.4,0,0.42,0
T10775795,2025-01-02 08:49:16,C152055,48,WB,M5901,Entertainment,POS,405.18,1,7.7,2,213.9,0,1.56,0
T10038086,2025-01-02 08:49:19,C110558,25,MH,M1417,Travel,Online,1692.28,0,104.4,5,550.7,0,0.84,0
T10440765,2025-01-02 08:50:39,C141256,30,UP,M5210,Restaurant,Online,953.21,0,125.4,2,594.1,0,1.66,0
T10558320,2025-01-02 08:51:48,C177003,73,KL,M1072,Fuel,Contactless,1075.42,1,4.0,5,39.7,0,0.48,0
T10582954,2025-01-02 08:52:25,C111683,58,TG,M1680,Grocery,Online,1927.42,0,34.6,4,812.0,0,0.47,0
T10363008,2025-01-02 08:52:39,C131496,40,DL,M1192,Entertainment,Contactless,264.41,1,9.9,1,46.6,0,0.64,0
T10988785,2025-01-02 08:52:49,C120707,27,TG,M4102,Gift Cards,POS,279.16,1,29.4,3,1054.6,0,1.28,0
T10577897,2025-01-02 08:53:10,C142405,37,KL,M1083,Grocery,POS,893.59,1,6.4,3,601.4,0,0.72,0
T10193164,2025-01-02 08:53:12,C158320,27,RJ,M4686,Grocery,POS,1435.8,1,17.3,3,473.6,0,0.91,0
T10344969,2025-01-02 08:53:33,C181270,32,DL,M4817,Grocery,POS,480.5,1,5.7,2,108.2,0,0.37,0
T10405628,2025-01-02 08:54:21,C143530,41,TN,M1792,Grocery,Contactless,21593.68,1,9.4,3,1411.2,0,2.31,0
T10247147,2025-01-02 08:54:48,C164074,29,MH,M1093,Travel,Online,16362.87,0,33.4,6,322.1,1,0.57,0
T10801918,2025-01-02 08:54:54,C129982,29,UP,M5999,Grocery,Contactless,1535.73,1,3.1,2,275.9,0,1.49,0
T10910635,2025-01-02 08:54:56,C172150,39,DL,M1968,Utilities,POS,308.16,1,2.8,3,343.3,0,1.27,0
T10283047,2025-01-02 08:55:02,C105103,44,WB,M3322,Grocery,Online,572.24,0,86.8,1,1019.3,0,1.28,0
T10698041,2025-01-02 08:55:17,C129623,46,GJ,M1238,Grocery,Online,426.75,0,7.1,1,536.9,0,0.77,0
T10693005,2025-01-02 08:56:26,C175180,67,GJ,M3857,Travel,POS,664.22,1,15.2,1,80.8,0,0.74,0
T10337786,2025-01-02 08:56:46,C158085,20,KA,M4437,Restaurant,Contactless,2931.04,1,3.2,1,1396.8,0,0.87,0
T10067389,2025-01-02 08:56:54,C144448,18,RJ,M4165,Travel,Contactless,2785.24,1,2.7,2,374.3,0,0.33,0
T10592234,2025-01-02 08:57:10,C178716,45,GJ,M4796,Fuel,POS,776.38,1,6.1,4,20.0,0,0.43,0
T10022632,2025-01-02 08:57:28,C111513,55,UP,M3568,Fuel,Contactless,1151.0,1,9.3,1,965.9,0,2.64,0
T10377464,2025-01-02 08:57:52,C165410,31,GJ,M2018,Restaurant,Contactless,43.59,1,3.0,3,582.7,0,0.93,0
T10629126,2025-01-02 08:58:18,C160079,32,TG,M3779,Apparel,Contactless,1059.07,1,4.1,2,2782.0,0,1.55,0
T10116736,2025-01-02 08:58:51,C154788,35,DL,M1346,Utilities,Online,1520.43,0,8.2,3,391.1,1,1.05,0
T10937267,2025-01-02 08:58:56,C177728,34,WB,M2439,Fuel,ATM,10000.0,1,1.9,1,726.4,0,0.97,0
T10324912,2025-01-02 09:00:01,C125082,24,WB,M3085,Utilities,Online,2277.82,0,58.9,4,753.1,0,1.81,0
T10087618,2025-01-02 09:00:05,C180041,33,TG,M4784,Grocery,Contactless,937.65,1,14.8,5,818.0,0,2.57,1
T10530993,2025-01-02 09:00:42,C140975,52,UP,M2790,Restaurant,Contactless,450.83,1,5.0,4,897.9,0,0.39,0
T10173665,2025-01-02 09:00:47,C110269,49,MH,M3843,Entertainment,POS,291.71,1,5.2,2,548.8,1,0.76,0
T10233096,2025-01-02 09:01:13,C126250,51,TN,M2726,Apparel,POS,1307.77,1,8.3,3,17.4,0,2.89,0
T10495773,2025-01-02 09:01:55,C101525,18,KA,M5892,Restaurant,ATM,2000.0,1,3.0,2,100.3,0,7.91,0
T10500318,2025-01-02 09:01:59,C118259,60,MH,M1435,Restaurant,POS,687.51,1,2.0,5,165.0,0,1.19,0
T10720585,2025-01-02 09:03:18,C165156,24,RJ,M2770,Apparel,POS,58.75,1,0.3,1,714.2,1,0.39,0
T10044104,2025-01-02 09:03:36,C131431,41,WB,M5244,Utilities,Online,1037.97,0,79.9,1,2060.6,0,1.05,0
T10298210,2025-01-02 09:03:55,C116965,26,TG,M4131,Entertainment,Online,926.98,0,98.9,3,888.8,0,2.72,0
T10587969,2025-01-02 09:04:28,C153817,65,KA,M3600,Grocery,Online,655.89,0,27.0,5,533.0,0,0.72,0
T10554024,2025-01-02 09:04:29,C110827,25,RJ,M4583,Fuel,POS,12681.5,1,2.8,1,1480.0,0,1.52,0
T10913222,2025-01-02 09:05:11,C154238,36,TG,M4968,Grocery,POS,451.69,1,15.0,1,501.5,0,0.78,0
T10238618,2025-01-02 09:05:57,C157334,38,MH,M5103,Electronics,Online,573.08,0,15.9,3,1203.8,0,1.0,0
T10085845,2025-01-02 09:06:33,C145176,29,TG,M4515,Fuel,Online,249.42,0,10.4,3,49.2,0,2.31,0
T10070192,2025-01-02 09:06:41,C118394,37,KA,M5704,Restaurant,Online,1056.59,0,18.3,1,205.6,0,2.04,0
T10056387,2025-01-02 09:06:51,C140634,49,TG,M2989,Online Services,POS,1834.1,1,7.7,2,276.1,0,1.62,0
T10718610,2025-01-02 09:06:56,C113533,39,TG,M4012,Grocery,Online,89.46,0,69.0,2,93.0,0,0.98,0
T10077409,2025-01-02 09:06:57,C108458,41,DL,M1561,Grocery,Contactless,169.53,1,1.8,2,479.5,0,0.57,0
T10811487,2025-01-02 09:07:44,C115742,30,MH,M3360,Grocery,Online,718.65,0,43.9,2,1100.0,0,2.78,0
T10675584,2025-01-02 09:08:32,C161424,38,KL,M4183,Online Services,POS,4898.64,1,0.3,1,220.7,0,0.8,0
T10614452,2025-01-02 09:08:33,C139651,32,DL,M4927,Apparel,POS,519.13,1,2.4,1,118.5,0,1.05,0
T10046868,2025-01-02 09:08:38,C158030,50,GJ,M5069,Travel,POS,2643.74,1,4.9,5,57.1,0,1.8,0
T10030353,2025-01-02 09:09:34,C122388,47,KA,M2868,Travel,POS,212.19,1,3.0,3,1308.0,0,1.55,1
T10746037,2025-01-02 09:09:41,C136344,54,WB,M2858,Restaurant,Contactless,414.24,1,20.0,3,926.9,0,1.04,0
T10435957,2025-01-02 09:10:20,C139115,40,KA,M1200,Restaurant,Online,1156.64,0,13.5,1,96.6,0,1.18,0
T10114228,2025-01-02 09:11:08,C163137,56,TG,M5899,Apparel,ATM,5000.0,1,9.7,1,203.8,0,0.83,0
T10259332,2025-01-02 09:11:34,C136507,35,DL,M3273,Restaurant,ATM,20000.0,1,1.2,2,47.3,0,2.37,0
T10679154,2025-01-02 09:12:26,C134749,46,GJ,M5062,Entertainment,Online,138.59,0,40.0,2,2500.9,0,2.43,0
T10267300,2025-01-02 09:12:32,C177676,45,WB,M5260,Grocery,POS,1263.36,1,4.9,3,81.7,0,2.63,0
T10276329,2025-01-02 09:12:42,C107904,29,MH,M4364,Utilities,Online,698.97,0,61.2,4,297.8,0,1.36,0
T10346418,2025-01-02 09:13:19,C109168,46,KA,M3478,Electronics,Online,1529.66,0,162.3,2,261.9,0,1.5,0
T10299979,2025-01-02 09:13:59,C150240,20,GJ,M2911,Travel,Online,868.54,0,18.2,2,647.8,0,0.37,0
T10042504,2025-01-02 09:14:20,C146549,21,TN,M2325,Restaurant,ATM,10000.0,1,10.5,2,1061.6,0,0.65,0
T10264836,2025-01-02 09:15:09,C114575,51,WB,M3465,Entertainment,POS,344.77,1,8.9,3,1710.8,0,0.85,0
T10984800,2025-01-02 09:15:56,C129370,46,TN,M3734,Utilities,Contactless,560.78,1,4.7,2,2131.2,0,1.4,0
T10522346,2025-01-02 09:16:34,C134597,57,MH,M1202,Healthcare,Online,1065.17,0,27.8,3,612.8,0,1.21,0
T10987862,2025-01-02 09:16:42,C110353,53,RJ,M5289,Grocery,Online,949.89,0,16.2,4,363.4,0,0.92,0
T10462397,2025-01-02 09:17:03,C178914,54,KL,M3505,Grocery,Online,549.36,0,72.7,3,636.6,0,1.19,0
T10403274,2025-01-02 09:18:07,C175056,41,MH,M3520,Apparel,Contactless,698.06,1,2.9,4,45.2,0,0.45,0
T10061440,2025-01-02 09:18:34,C128796,37,DL,M2061,Online Services,Contactless,376.86,1,21.1,6,1188.5,0,1.86,0
T10035674,2025-01-02 09:19:22,C148016,30,TN,M1230,Utilities,POS,1231.66,1,5.0,2,193.9,0,1.85,0
T10918594,2025-01-02 09:19:36,C179884,43,KL,M5910,Restaurant,Online,841.46,0,48.4,2,80.5,1,2.6,0
T10637262,2025-01-02 09:19:37,C117868,42,KA,M1022,Apparel,Online,2850.15,0,13.4,4,139.4,1,0.48,0
T10045384,2025-01-02 09:20:02,C114215,60,UP,M2190,Grocery,Contactless,3552.51,1,10.1,5,458.7,0,0.38,0
T10585319,2025-01-02 09:20:11,C135994,44,KA,M5911,Fuel,POS,736.66,1,1.8,2,276.9,0,1.51,0
T10612618,2025-01-02 09:20:50,C166331,56,RJ,M1551,Jewelry,Online,5515.64,0,26.9,3,695.5,0,0.7,0
T10841429,2025-01-02 09:21:00,C142591,56,DL,M2427,Fuel,POS,1035.71,1,10.1,4,450.9,0,0.72,0
T10172091,2025-01-02 09:22:04,C115122,36,GJ,M3891,Travel,POS,684.4,1,5.0,2,28.2,0,1.13,0
T10603037,2025-01-02 09:22:44,C140167,45,GJ,M4435,Healthcare,Online,442.0,0,47.3,2,289.7,0,2.35,0
T10788335,2025-01-02 09:23:05,C117114,23,DL,M3237,Travel,Contactless,6094.07,1,6.0,3,524.6,0,0.99,0
T10473357,2025-01-02 09:23:06,C133652,46,GJ,M2241,Healthcare,ATM,20000.0,1,8.4,1,148.6,0,0.98,0
T10272001,2025-01-02 09:23:55,C112710,53,MH,M1107,Grocery,Online,619.94,0,41.4,3,171.9,0,1.25,0
T10313985,2025-01-02 09:25:25,C109697,52,UP,M3820,Restaurant,ATM,5000.0,1,1.9,1,728.6,0,2.44,0
T10875812,2025-01-02 09:25:36,C180023,43,TN,M3482,Restaurant,Online,79.96,0,46.8,3,679.7,0,1.33,0
T10781447,2025-01-02 09:26:33,C120011,32,TG,M1343,Entertainment,POS,770.07,1,21.8,1,550.4,0,0.67,0
T10772586,2025-01-02 09:26:53,C161285,41,DL,M3929,Electronics,Online,3166.44,0,29.5,4,993.9,0,0.66,0
T10383906,2025-01-02 09:26:58,C176865,33,WB,M5572,Grocery,Contactless,1315.96,1,4.9,3,45.2,0,0.63,0
T10459514,2025-01-02 09:27:19,C137052,41,KA,M5124,Grocery,POS,152.63,1,2.7,2,300.5,0,2.11,0
T10504675,2025-01-02 09:28:35,C110728,35,MH,M1472,Apparel,POS,1179.78,1,3.7,2,816.3,0,1.31,0
T10220917,2025-01-02 09:28:40,C181332,44,MH,M3063,Apparel,Online,621.7,0,60.7,2,1449.4,0,1.45,0
T10211163,2025-01-02 09:29:29,C123066,39,GJ,M4980,Entertainment,POS,7985.68,1,1.3,2,478.7,1,0.44,0
T10833448,2025-01-02 09:29:32,C141765,41,WB,M5410,Restaurant,Online,307.85,0,126.9,3,185.3,0,0.94,0
T10593751,2025-01-02 09:29:38,C170317,58,TN,M4293,Restaurant,Online,4019.51,0,111.3,3,103.1,0,0.85,0
T10142172,2025-01-02 09:30:06,C113588,18,TG,M1480,Fuel,Online,745.56,0,222.0,2,374.1,0,0.77,0
T10211702,2025-01-02 09:30:06,C150927,18,KL,M3298,Restaurant,Contactless,351.65,1,10.2,2,402.5,0,0.4,0
T10680101,2025-01-02 09:30:11,C160199,32,MH,M2660,Apparel,Online,2576.39,0,64.2,1,2658.7,1,1.77,0
T10911816,2025-01-02 09:30:12,C144498,53,TG,M5203,Utilities,Online,3575.58,0,28.6,1,136.7,0,0.94,0
T10217243,2025-01-02 09:30:45,C161507,23,KA,M2753,Fuel,POS,897.24,1,4.1,5,1157.1,0,1.47,0
T10834928,2025-01-02 09:31:04,C145576,36,WB,M4940,Apparel,POS,752.44,1,14.7,1,263.8,0,1.52,0
T10665245,2025-01-02 09:31:06,C167111,41,WB,M1182,Grocery,Online,412.56,0,29.3,2,161.8,0,1.12,0
T10786819,2025-01-02 09:31:20,C172420,35,GJ,M5421,Apparel,Contactless,410.94,1,5.0,2,1300.8,0,0.65,0
T10602173,2025-01-02 09:32:23,C103717,58,WB,M2777,Grocery,ATM,20000.0,1,5.4,2,514.2,0,1.04,0
T10415757,2025-01-02 09:33:04,C165063,39,RJ,M4053,Restaurant,Contactless,781.13,1,0.1,3,790.7,0,0.87,0
T10520423,2025-01-02 09:33:16,C119580,53,TN,M3950,Grocery,POS,256.36,1,1.4,3,394.2,0,0.8,0
T10661083,2025-01-02 09:33:40,C161949,49,MH,M5912,Grocery,POS,288.96,1,7.3,3,83.4,0,1.26,0
T10411352,2025-01-02 09:33:51,C114228,49,KA,M2500,Apparel,Online,160.71,0,10.4,2,56.6,0,1.33,0
T10359052,2025-01-02 09:33:54,C135948,31,DL,M3558,Utilities,POS,306.44,1,0.8,1,1710.2,0,1.0,0
T10374325,2025-01-02 09:34:29,C173181,25,TG,M4538,Grocery,Online,844.75,0,135.8,2,395.0,0,1.06,0
T10042622,2025-01-02 09:34:37,C100415,40,DL,M5886,Fuel,ATM,10000.0,1,3.9,2,486.4,0,0.67,0
T10331088,2025-01-02 09:35:41,C151942,41,UP,M3003,Jewelry,POS,326.72,1,6.5,5,943.3,1,0.27,0
T10671924,2025-01-02 09:35:44,C110530,49,WB,M1704,Restaurant,POS,333.59,1,32.2,5,265.3,0,0.25,0
T10404577,2025-01-02 09:36:08,C147506,49,WB,M2097,Grocery,POS,1748.2,1,3.1,2,118.4,0,1.36,0
T10946826,2025-01-02 09:36:26,C121687,30,MH,M5319,Fuel,POS,896.59,1,2.0,4,725.3,0,0.75,0
T10493436,2025-01-02 09:36:46,C177731,31,GJ,M3785,Grocery,Online,422.29,0,58.8,4,1464.6,0,0.71,0
T10705013,2025-01-02 09:37:17,C158610,47,GJ,M2702,Grocery,Contactless,1770.58,1,7.5,2,496.9,0,0.82,0
T10816647,2025-01-02 09:37:23,C145555,50,GJ,M4474,Utilities,Online,661.71,0,25.5,3,290.8,0,1.24,0
T10290616,2025-01-02 09:37:26,C105268,42,DL,M1023,Utilities,Online,1093.87,0,76.2,1,768.7,0,3.08,0
T10538100,2025-01-02 09:37:30,C120792,18,TN,M4222,Gift Cards,Online,673.5,0,26.7,2,749.9,0,0.58,0
T10269384,2025-01-02 09:37:37,C128891,28,UP,M2196,Restaurant,Online,1195.96,0,115.8,2,895.7,0,2.02,0
T10025518,2025-01-02 09:37:39,C151187,63,TN,M3490,Restaurant,ATM,5000.0,1,20.6,2,469.9,0,1.95,0
T10462607,2025-01-02 09:38:21,C170082,30,GJ,M5992,Entertainment,ATM,20000.0,1,2.4,5,664.7,0,2.19,0
T10984006,2025-01-02 09:38:24,C133869,50,MH,M4401,Restaurant,Online,631.67,0,107.6,2,262.5,0,0.91,0
T10663770,2025-01-02 09:39:25,C171919,75,KA,M5542,Gift Cards,POS,208.06,1,10.2,3,454.6,0,5.19,0
T10200482,2025-01-02 09:40:19,C171867,41,MH,M3304,Fuel,POS,776.16,1,5.8,2,825.9,0,1.34,0
T10446099,2025-01-02 09:40:25,C154451,44,MH,M5725,Apparel,Online,874.7,0,112.2,2,572.2,0,0.74,0
T10411120,2025-01-02 09:40:46,C156983,43,WB,M4369,Gift Cards,Contactless,137.24,1,0.5,3,1908.9,0,1.23,0
T10696196,2025-01-02 09:40:50,C134581,32,GJ,M1806,Utilities,POS,88.54,1,18.0,2,170.1,0,0.73,0
T10495001,2025-01-02 09:41:11,C158247,40,KA,M3944,Online Services,Online,163.08,0,44.2,1,922.9,0,1.04,0
T10146532,2025-01-02 09:42:01,C116460,51,WB,M5231,Restaurant,POS,1035.95,1,37.7,4,393.8,0,1.02,0
T10693380,2025-01-02 09:42:07,C132743,36,TG,M4172,Electronics,POS,2495.15,1,8.7,1,2135.2,0,1.12,0
T10592672,2025-01-02 09:42:12,C147590,35,DL,M1964,Apparel,Contactless,1484.35,1,15.9,1,592.6,0,1.06,0
T10069061,2025-01-02 09:42:33,C125510,48,WB,M3969,Apparel,Online,358.87,0,69.8,6,665.9,0,1.86,0
T10126124,2025-01-02 09:42:34,C134521,46,KA,M3771,Utilities,Contactless,636.62,1,4.7,3,1539.4,0,2.47,0
T10862064,2025-01-02 09:43:34,C132097,21,KA,M4681,Grocery,POS,86.09,1,3.4,2,1890.3,0,1.93,0
T10704380,2025-01-02 09:44:06,C123875,45,GJ,M1949,Travel,Contactless,1454.55,1,7.0,3,1254.8,0,1.62,0
T10589384,2025-01-02 09:44:10,C152718,38,GJ,M3966,Restaurant,ATM,5000.0,1,7.6,1,89.4,0,0.64,0
T10307865,2025-01-02 09:44:51,C124483,48,RJ,M2584,Entertainment,Contactless,788.91,1,2.7,1,1668.4,0,1.07,0
T10489510,2025-01-02 09:45:21,C149938,38,RJ,M3831,Grocery,Contactless,2422.43,1,5.0,3,734.3,0,1.08,0
T10645059,2025-01-02 09:46:02,C146853,23,TG,M5664,Entertainment,Contactless,614.27,1,7.0,1,1168.7,0,0.58,0
T10604933,2025-01-02 09:46:32,C172681,43,TG,M3695,Fuel,Contactless,274.53,1,2.0,2,700.1,0,0.28,0
T10110966,2025-01-02 09:46:39,C134337,53,KA,M5193,Fuel,Online,492.59,0,37.3,2,207.8,0,1.22,0
T10030399,2025-01-02 09:47:59,C149153,38,MH,M2152,Fuel,Contactless,902.22,1,9.4,3,273.6,0,0.77,0
T10552080,2025-01-02 09:48:34,C136411,18,MH,M2085,Grocery,Online,1450.07,0,32.3,2,441.0,0,1.1,0
T10253491,2025-01-02 09:49:11,C159219,49,TN,M5179,Apparel,POS,3092.61,1,5.0,1,1676.8,0,0.98,0
T10007559,2025-01-02 09:49:49,C180152,67,MH,M4277,Utilities,Contactless,7575.55,1,7.7,2,276.2,0,0.7,0
T10779604,2025-01-02 09:50:09,C120266,63,TN,M5913,Restaurant,Online,649.34,0,101.9,1,220.4,1,0.62,0
T10730287,2025-01-02 09:50:15,C182548,53,TG,M3490,Restaurant,Contactless,292.15,1,10.1,2,724.7,1,1.72,0
T10787665,2025-01-02 09:51:35,C134253,27,MH,M1687,Restaurant,Online,234.26,0,2.0,4,172.3,0,2.61,0
T10781552,2025-01-02 09:52:51,C113852,32,MH,M1089,Electronics,POS,3308.18,1,4.0,3,197.1,1,0.51,0
T10460135,2025-01-02 09:52:59,C159332,42,KA,M4816,Grocery,Online,1700.06,0,38.7,2,124.0,0,0.77,0
T10928339,2025-01-02 09:53:05,C117918,49,MH,M2429,Travel,Online,505.19,0,42.6,1,1352.9,0,3.5,0
T10569475,2025-01-02 09:53:09,C120206,59,DL,M5176,Fuel,Online,1457.42,0,21.9,1,1734.6,0,2.64,0
T10272280,2025-01-02 09:53:29,C141083,18,MH,M3836,Gift Cards,Contactless,1391.93,1,1.6,4,470.8,0,1.18,0
T10093351,2025-01-02 09:53:44,C162945,50,KA,M4464,Fuel,POS,423.95,1,16.9,1,158.5,0,0.65,0
T10175746,2025-01-02 09:54:07,C146027,53,RJ,M1016,Online Services,Online,774.27,0,41.0,5,272.7,0,1.93,0
T10875670,2025-01-02 09:54:29,C120336,48,TG,M5354,Grocery,Contactless,1264.56,1,3.8,2,1155.5,0,1.19,0
T10075019,2025-01-02 09:54:36,C169779,32,DL,M3070,Online Services,ATM,5000.0,1,1.4,1,1436.1,0,0.72,0
T10504258,2025-01-02 09:54:54,C135058,40,UP,M2242,Healthcare,Online,84.82,0,56.8,4,470.8,0,0.4,0
T10719001,2025-01-02 09:54:56,C180630,53,TG,M4599,Restaurant,Online,3193.32,0,139.8,2,713.0,0,2.06,0
T10441679,2025-01-02 09:55:28,C128573,50,GJ,M5024,Restaurant,Contactless,893.0,1,7.9,3,1434.3,0,1.2,0
T10219843,2025-01-02 09:56:06,C141161,50,WB,M4336,Fuel,Contactless,561.57,1,23.6,2,354.6,0,2.2,0
T10366011,2025-01-02 09:56:34,C178399,40,DL,M3167,Restaurant,Online,403.54,0,93.0,2,703.0,0,0.8,0
T10873735,2025-01-02 09:56:44,C148865,25,RJ,M4054,Utilities,Online,3383.45,0,94.4,2,102.5,0,1.38,0
T10663916,2025-01-02 09:56:53,C116781,34,KA,M5784,Restaurant,POS,540.95,1,6.4,3,47.9,0,0.49,0
T10250550,2025-01-02 09:57:13,C139405,52,UP,M5867,Travel,POS,2968.22,1,8.3,2,109.2,0,1.65,0
T10417318,2025-01-02 09:57:58,C180728,56,RJ,M5581,Utilities,POS,757.72,1,9.7,1,734.3,0,1.25,0
T10156735,2025-01-02 09:58:09,C156856,41,MH,M4115,Apparel,Contactless,271.7,1,1.2,2,446.8,0,0.37,0
T10535004,2025-01-02 09:58:22,C183326,53,RJ,M1147,Healthcare,Contactless,1221.21,1,1.0,1,609.2,0,0.53,0
T10111343,2025-01-02 09:58:33,C108599,57,DL,M2460,Fuel,POS,663.37,1,2.8,5,280.1,0,1.03,0
T10191993,2025-01-02 10:00:22,C138477,54,KA,M1939,Online Services,ATM,10000.0,1,15.4,2,649.2,0,0.39,0
T10411678,2025-01-02 10:00:22,C177502,56,TG,M5702,Utilities,Online,1371.65,0,178.7,3,599.3,0,0.84,0
T10208557,2025-01-02 10:00:41,C146654,45,KL,M3789,Grocery,Online,388.24,0,13.9,2,249.8,0,0.52,0
T10015760,2025-01-02 10:01:01,C110553,42,UP,M5562,Grocery,POS,1505.11,1,5.5,2,520.4,0,0.71,0
T10500194,2025-01-02 10:01:27,C110980,20,TN,M2463,Grocery,POS,360.85,1,14.4,1,729.8,0,0.83,0
T10111447,2025-01-02 10:01:44,C143615,43,RJ,M3499,Grocery,Online,277.29,0,21.7,1,233.8,0,1.68,0
T10010041,2025-01-02 10:01:48,C176622,45,RJ,M5267,Fuel,Online,212.12,0,176.0,3,819.8,1,0.55,0
T10601361,2025-01-02 10:01:49,C178399,42,TN,M3718,Apparel,POS,220.96,1,3.0,1,199.7,0,0.87,0
T10546037,2025-01-02 10:02:40,C139549,40,RJ,M3351,Travel,POS,4069.01,1,0.6,4,83.5,0,0.69,0
T10512134,2025-01-02 10:02:55,C126359,31,TG,M3618,Restaurant,Contactless,1367.43,1,13.6,1,698.5,0,1.96,0
T10243831,2025-01-02 10:04:53,C154646,45,TG,M5970,Travel,Online,2736.25,0,45.3,1,1428.7,1,0.74,0
T10090007,2025-01-02 10:04:54,C112547,42,RJ,M5963,Utilities,POS,425.9,1,16.2,2,530.2,0,0.87,0
T10813593,2025-01-02 10:04:54,C180539,46,RJ,M2868,Healthcare,POS,285.24,1,6.7,2,550.1,0,0.97,0
T10148423,2025-01-02 10:05:14,C120611,39,UP,M1125,Online Services,ATM,2000.0,1,3.7,2,474.0,0,2.13,0
T10248951,2025-01-02 10:05:22,C121661,40,RJ,M1846,Grocery,Online,1506.76,0,104.2,2,172.6,0,0.48,0
T10476248,2025-01-02 10:05:24,C118573,57,MH,M4688,Restaurant,Online,386.04,0,10.9,1,1077.0,0,0.54,0
T10366530,2025-01-02 10:06:00,C144090,46,KA,M2806,Healthcare,Contactless,3840.93,1,4.8,5,214.6,0,1.14,0
T10359711,2025-01-02 10:06:33,C122345,36,TN,M1770,Fuel,Online,499.12,0,49.6,2,522.2,0,1.34,0
T10050628,2025-01-02 10:06:35,C152633,22,TG,M3785,Electronics,Contactless,409.64,1,11.1,4,274.1,0,1.1,0
T10042123,2025-01-02 10:06:48,C137445,55,KL,M1778,Entertainment,Online,3028.11,0,80.3,4,2040.8,0,1.08,0
T10229988,2025-01-02 10:06:53,C115732,47,MH,M3999,Grocery,Online,209.67,0,75.9,3,477.1,0,0.56,0
T10254578,2025-01-02 10:07:08,C151609,44,GJ,M4138,Fuel,POS,458.83,1,2.5,6,270.7,0,0.62,0
T10705752,2025-01-02 10:07:12,C161652,41,RJ,M4314,Grocery,Contactless,593.25,1,4.8,3,175.7,0,0.54,0
T10650382,2025-01-02 10:07:16,C147309,18,TG,M2150,Utilities,POS,6981.69,1,12.2,1,38.6,0,0.56,0
T10170535,2025-01-02 10:07:24,C111553,18,RJ,M2400,Utilities,POS,471.51,1,3.7,2,165.6,0,1.12,0
T10651605,2025-01-02 10:07:38,C104900,72,KL,M4823,Apparel,Contactless,559.29,1,7.6,1,402.2,0,0.52,0
T10814194,2025-01-02 10:08:11,C104630,45,RJ,M1643,Entertainment,Online,4645.74,0,11.1,2,338.5,0,1.07,0
T10230806,2025-01-02 10:09:27,C117045,45,TN,M3203,Utilities,Contactless,181.98,1,2.4,1,1421.9,0,1.18,0
T10625217,2025-01-02 10:09:43,C121838,33,KL,M2759,Grocery,Online,739.12,0,60.3,3,57.9,0,1.47,0
T10484110,2025-01-02 10:09:44,C174558,42,KA,M4830,Grocery,POS,867.67,1,7.0,3,1050.8,0,1.02,0
T10000162,2025-01-02 10:09:52,C134098,26,KL,M3395,Travel,ATM,11000.0,1,8.2,3,207.9,0,0.7,0
T10680593,2025-01-02 10:10:46,C155127,26,DL,M5718,Grocery,Online,1037.8,0,183.2,4,1039.1,1,0.61,0
T10045422,2025-01-02 10:10:54,C110840,49,GJ,M1793,Apparel,Online,514.24,0,34.1,5,175.3,0,0.49,0
T10654327,2025-01-02 10:11:29,C173483,49,TG,M2653,Fuel,Online,2298.38,0,52.1,4,2162.5,0,1.47,0
T10511660,2025-01-02 10:11:29,C154536,45,UP,M5914,Electronics,POS,650.43,1,5.3,2,915.1,0,0.47,0
T10995259,2025-01-02 10:11:45,C121933,36,MH,M5552,Restaurant,Online,894.76,0,56.0,3,52.7,0,1.35,0
T10897740,2025-01-02 10:12:10,C135523,18,TN,M4456,Online Services,Online,2388.98,0,46.8,2,563.9,0,0.84,0
T10036087,2025-01-02 10:13:19,C122627,37,UP,M4770,Healthcare,Online,1440.3,0,79.8,2,1418.8,0,1.25,0
T10134561,2025-01-02 10:13:21,C160968,37,DL,M1577,Utilities,Contactless,299.3,1,2.1,2,298.9,0,0.72,0
T10097414,2025-01-02 10:13:30,C178968,26,GJ,M1928,Electronics,POS,544.3,1,10.8,3,157.2,0,1.13,0
T10205148,2025-01-02 10:13:33,C122603,26,DL,M1399,Entertainment,Contactless,196.09,1,32.3,2,1182.5,0,0.53,0
T10339446,2025-01-02 10:14:36,C177614,39,TG,M1927,Fuel,POS,480.24,1,6.1,3,1250.5,0,0.85,0
T10874498,2025-01-02 10:14:44,C125376,18,KA,M1224,Jewelry,POS,145.66,1,1.0,3,128.6,0,2.07,0
T10359657,2025-01-02 10:15:10,C112857,37,KA,M2155,Apparel,POS,5066.27,1,10.8,4,425.1,0,2.23,0
T10455587,2025-01-02 10:15:11,C169731,58,DL,M3202,Restaurant,POS,1004.37,1,1.4,4,167.7,0,0.45,0
T10115380,2025-01-02 10:15:23,C181702,41,KA,M1622,Fuel,Contactless,1309.85,1,7.2,1,539.5,0,1.77,0
T10123036,2025-01-02 10:15:37,C118858,45,UP,M4117,Grocery,Contactless,463.41,1,1.0,1,171.3,0,1.22,0
T10904917,2025-01-02 10:15:38,C115769,55,TG,M2153,Utilities,Online,1594.38,0,17.3,3,185.1,0,1.5,0
T10082798,2025-01-02 10:15:55,C100112,37,KL,M3103,Entertainment,Contactless,2619.5,1,12.9,3,1024.1,0,1.0,0
T10752087,2025-01-02 10:16:03,C148785,18,UP,M4963,Grocery,POS,957.91,1,5.5,3,962.4,0,1.21,0
T10695611,2025-01-02 10:16:19,C121503,44,TG,M1922,Utilities,POS,2023.48,1,10.7,1,32.6,0,0.74,0
T10437449,2025-01-02 10:16:35,C165471,44,UP,M3288,Apparel,Online,911.1,0,177.0,3,1166.3,0,1.52,0
T10278192,2025-01-02 10:16:45,C153143,39,TN,M4715,Utilities,Contactless,482.27,1,10.8,2,631.9,0,0.73,0
T10614550,2025-01-02 10:16:52,C155510,62,WB,M5421,Online Services,Online,896.49,0,30.4,2,68.5,0,1.61,0
T10222896,2025-01-02 10:17:10,C149409,58,RJ,M2457,Grocery,ATM,20000.0,1,5.5,3,1255.0,0,1.68,0
T10262193,2025-01-02 10:17:27,C166442,31,KA,M1952,Online Services,Online,170.11,0,1.9,1,662.8,0,0.75,0
T10165675,2025-01-02 10:17:28,C129403,18,TN,M1113,Restaurant,Online,983.44,0,23.8,2,759.1,0,2.04,0
T10572993,2025-01-02 10:18:05,C152186,53,UP,M1954,Healthcare,ATM,10000.0,1,7.3,2,754.6,0,0.62,0
T10013195,2025-01-02 10:18:32,C122281,25,MH,M4048,Entertainment,ATM,20000.0,1,0.2,2,209.9,0,0.95,0
T10530365,2025-01-02 10:19:10,C144319,53,KA,M5701,Grocery,Online,1842.65,0,44.2,6,211.1,0,0.58,0
T10813696,2025-01-02 10:20:21,C160712,45,DL,M4210,Fuel,Online,1586.03,0,44.0,4,491.3,0,1.18,0
T10346017,2025-01-02 10:20:45,C173154,32,TN,M3106,Online Services,POS,1865.76,1,8.2,3,232.4,0,0.78,0
T10377433,2025-01-02 10:21:06,C123061,46,KL,M3603,Travel,POS,3111.39,1,4.0,3,134.6,0,1.43,0
T10366249,2025-01-02 10:21:15,C161415,51,GJ,M3311,Restaurant,Online,2013.19,0,38.3,4,1304.6,1,0.35,0
T10499234,2025-01-02 10:22:12,C105902,46,DL,M2132,Jewelry,POS,4624.36,1,5.2,2,586.4,0,1.23,0
T10740157,2025-01-02 10:22:20,C180140,37,DL,M3167,Apparel,POS,176.07,1,4.9,3,1737.8,0,1.09,0
T10726793,2025-01-02 10:22:28,C165471,18,WB,M2973,Grocery,ATM,20000.0,1,4.1,3,138.0,0,1.83,0
T10332978,2025-01-02 10:22:46,C107022,39,TG,M2126,Gift Cards,Online,2261.87,0,13.0,2,1136.9,0,0.36,0
T10037663,2025-01-02 10:22:59,C165968,20,RJ,M2828,Travel,Contactless,5564.61,1,15.8,1,356.8,0,1.23,0
T10153013,2025-01-02 10:23:38,C103401,27,GJ,M3879,Online Services,ATM,1000.0,1,2.1,3,17.2,0,1.21,0
T10413199,2025-01-02 10:23:47,C172507,56,TG,M3745,Grocery,POS,404.89,1,11.9,4,4547.5,0,1.12,0
T10043303,2025-01-02 10:23:49,C141120,22,GJ,M2731,Restaurant,POS,506.59,1,4.0,2,4.2,0,0.62,0
T10354973,2025-01-02 10:24:02,C139923,23,MH,M3332,Restaurant,ATM,20000.0,1,25.9,1,334.8,0,0.8,0
T10644557,2025-01-02 10:24:24,C100024,46,DL,M4379,Grocery,POS,388.24,1,6.2,4,443.4,0,2.25,0
T10397005,2025-01-02 10:24:50,C149144,26,KL,M4356,Grocery,Online,445.09,0,17.8,1,1392.2,0,1.27,0
T10568552,2025-01-02 10:25:27,C138567,18,TG,M4612,Grocery,POS,4772.73,1,15.1,3,1361.7,0,1.31,0
T10065269,2025-01-02 10:26:18,C141654,46,GJ,M4232,Restaurant,Online,2461.08,0,21.6,1,566.0,1,0.49,0
T10169808,2025-01-02 10:26:33,C164026,50,RJ,M5725,Fuel,ATM,1000.0,1,7.9,5,283.9,0,0.81,0
T10425106,2025-01-02 10:27:01,C160811,41,DL,M5870,Utilities,Online,2721.34,0,91.4,3,50.2,0,0.74,0
T10389813,2025-01-02 10:27:51,C176208,26,TN,M5908,Restaurant,POS,286.43,1,13.8,3,83.0,0,1.49,0
T10686428,2025-01-02 10:28:59,C150455,54,KL,M3293,Restaurant,Contactless,87.47,1,2.5,1,148.3,0,0.74,0
T10318376,2025-01-02 10:29:11,C144872,38,UP,M1512,Apparel,Online,228.05,0,102.9,3,3336.4,0,1.71,0
T10541049,2025-01-02 10:29:29,C166341,44,DL,M3615,Apparel,Contactless,790.47,1,12.6,3,18.3,0,0.95,0
T10836696,2025-01-02 10:29:39,C155990,22,TN,M3918,Restaurant,Contactless,443.71,1,13.5,6,517.6,0,1.28,0
T10331559,2025-01-02 10:29:59,C169486,52,RJ,M1586,Travel,POS,13910.38,1,7.3,5,923.4,0,0.99,0
T10696745,2025-01-02 10:30:09,C165000,25,MH,M5511,Apparel,Online,1624.74,0,136.7,2,695.5,0,0.31,0
T10736834,2025-01-02 10:30:47,C106133,40,KL,M1911,Electronics,POS,4785.84,1,4.6,2,1060.5,0,0.8,0
T10682752,2025-01-02 10:31:00,C161458,37,UP,M2596,Apparel,Contactless,146.76,1,9.0,1,308.3,0,1.24,0
T10773155,2025-01-02 10:31:09,C131355,25,TN,M1971,Restaurant,Online,2039.1,0,174.4,1,573.6,0,0.63,0
T10175230,2025-01-02 10:31:10,C170971,72,KA,M3748,Electronics,Online,330.09,0,40.1,3,83.6,0,2.23,0
T10542586,2025-01-02 10:33:10,C105973,55,MH,M4334,Apparel,Online,3708.27,0,29.8,1,1589.1,0,0.46,0
T10925992,2025-01-02 10:33:25,C122966,23,MH,M1957,Grocery,POS,447.56,1,6.9,2,32.7,0,0.38,0
T10708802,2025-01-02 10:34:11,C179120,61,WB,M1903,Grocery,Contactless,109.45,1,10.0,2,357.9,0,0.82,0
T10607737,2025-01-02 10:34:12,C141475,38,MH,M3783,Apparel,POS,1659.45,1,3.3,4,659.1,0,1.47,0
T10517695,2025-01-02 10:34:16,C150657,51,GJ,M5827,Travel,POS,6330.52,1,10.3,1,137.9,0,0.85,0
T10828786,2025-01-02 10:34:23,C132792,45,KL,M1672,Restaurant,POS,444.83,1,1.2,1,1373.5,0,1.91,0
T10212827,2025-01-02 10:34:32,C139961,22,GJ,M3945,Fuel,POS,486.28,1,1.6,3,620.0,0,3.97,0
T10343605,2025-01-02 10:34:36,C167589,28,TG,M1659,Restaurant,POS,880.71,1,7.7,1,428.7,0,1.04,0
T10564765,2025-01-02 10:35:10,C131274,32,UP,M2802,Fuel,POS,504.65,1,0.8,4,502.5,0,3.99,0
T10241843,2025-01-02 10:35:12,C131156,24,KA,M5598,Electronics,Contactless,1426.83,1,11.4,3,118.5,0,0.95,0
T10420395,2025-01-02 10:35:27,C150201,27,KA,M1125,Travel,Contactless,354.53,1,0.8,4,851.1,0,0.57,0
T10768888,2025-01-02 10:35:41,C107962,23,RJ,M5911,Utilities,POS,1671.86,1,12.4,4,738.5,0,1.14,0
T10625757,2025-01-02 10:37:23,C125759,66,MH,M5476,Grocery,Contactless,569.32,1,16.6,4,120.8,0,0.9,0
T10315162,2025-01-02 10:37:31,C136819,52,TN,M3621,Grocery,Online,3944.81,0,51.7,3,509.9,0,0.27,0
T10510462,2025-01-02 10:37:50,C179838,43,TN,M5760,Healthcare,Online,297.65,0,35.2,4,829.5,0,0.66,0
T10770827,2025-01-02 10:38:48,C133526,56,RJ,M4994,Electronics,Contactless,1113.77,1,10.2,4,639.5,0,1.4,0
T10737316,2025-01-02 10:39:24,C128181,25,TN,M4734,Grocery,Online,1093.17,0,137.5,2,579.3,0,1.02,0
T10290617,2025-01-02 10:39:28,C143701,46,TN,M3931,Restaurant,Contactless,3060.78,1,28.1,1,3.5,0,0.64,0
T10054985,2025-01-02 10:39:36,C181908,42,RJ,M3925,Entertainment,Contactless,1142.07,1,4.1,3,1820.6,0,1.0,0
T10288691,2025-01-02 10:39:40,C143255,50,RJ,M1855,Restaurant,Online,98.04,0,60.4,2,2147.7,0,1.5,0
T10473039,2025-01-02 10:39:44,C173788,43,KA,M5679,Gift Cards,Online,542.22,0,76.5,2,2340.3,0,0.84,0
T10091695,2025-01-02 10:40:54,C127273,34,MH,M2865,Entertainment,Contactless,482.89,1,31.9,3,80.0,0,0.85,0
T10210804,2025-01-02 10:41:00,C138741,43,RJ,M1661,Grocery,Online,1728.43,0,87.9,3,671.4,0,1.16,0
T10393387,2025-01-02 10:41:06,C169220,42,MH,M1746,Electronics,POS,6208.42,1,14.0,3,791.0,0,1.08,0
T10034977,2025-01-02 10:41:34,C146811,36,KA,M5810,Fuel,Online,1528.7,0,74.6,2,285.5,0,0.74,0
T10116665,2025-01-02 10:41:40,C138486,59,TN,M5095,Grocery,POS,631.23,1,6.8,3,55.0,0,1.19,0
T10061296,2025-01-02 10:42:26,C165693,33,UP,M5853,Electronics,POS,4816.64,1,1.0,1,158.5,0,2.68,0
T10481712,2025-01-02 10:43:29,C156614,24,DL,M4608,Utilities,Online,351.07,0,254.5,1,192.4,0,0.38,0
T10030254,2025-01-02 10:43:45,C160862,41,DL,M2833,Apparel,Contactless,1284.88,1,5.6,2,32.0,0,1.83,0
T10843513,2025-01-02 10:44:11,C170273,48,GJ,M1207,Entertainment,Contactless,55.34,1,7.6,3,194.1,0,2.47,0
T10498800,2025-01-02 10:44:21,C165624,34,KA,M1955,Electronics,Contactless,524.94,1,12.4,2,864.9,0,0.53,0
T10333935,2025-01-02 10:44:28,C140162,32,DL,M3514,Fuel,POS,682.51,1,6.2,2,342.6,0,1.6,0
T10770058,2025-01-02 10:45:40,C126351,38,WB,M5107,Electronics,Online,1799.42,0,43.9,4,1121.9,0,1.03,0
T10043254,2025-01-02 10:45:51,C180161,41,UP,M2660,Online Services,Contactless,3806.13,1,8.1,4,470.6,0,1.45,0
T10900404,2025-01-02 10:46:37,C141557,69,WB,M1951,Travel,Online,1837.04,0,21.4,1,337.6,0,0.71,0
T10323347,2025-01-02 10:47:12,C174904,57,TN,M1680,Travel,POS,512.18,1,21.7,5,2709.0,0,0.46,0
T10440159,2025-01-02 10:47:18,C141466,49,MH,M4756,Entertainment,POS,193.72,1,5.5,1,321.1,0,0.68,0
T10895253,2025-01-02 10:48:33,C181368,28,KL,M1822,Restaurant,ATM,20000.0,1,5.6,1,410.3,0,1.27,0
T10878108,2025-01-02 10:49:17,C139879,43,KA,M2433,Healthcare,Contactless,256.32,1,15.1,3,170.6,1,1.87,0
T10623880,2025-01-02 10:49:34,C151862,62,UP,M1911,Grocery,Online,1364.06,0,74.6,4,378.1,0,0.91,0
T10014097,2025-01-02 10:49:43,C142500,36,MH,M4874,Online Services,Contactless,511.66,1,6.7,2,180.3,0,1.0,0
T10334787,2025-01-02 10:49:58,C139606,49,UP,M5470,Fuel,ATM,1000.0,1,25.4,2,2607.1,0,2.86,0
T10510036,2025-01-02 10:50:31,C105868,58,MH,M1933,Restaurant,Contactless,538.11,1,4.4,3,1747.6,0,0.56,0
T10088127,2025-01-02 10:50:56,C147685,55,WB,M1353,Utilities,Online,1035.53,0,30.2,5,223.9,0,1.43,0
T10977886,2025-01-02 10:52:28,C109168,20,KA,M1652,Online Services,POS,112.24,1,2.1,1,1161.7,0,1.9,0
T10465083,2025-01-02 10:52:44,C174280,31,KA,M3327,Travel,Online,1860.78,0,75.9,3,322.2,0,1.42,0
T10528834,2025-01-02 10:53:52,C141229,32,UP,M5455,Grocery,Online,698.68,0,186.8,2,437.5,0,0.57,0
T10043084,2025-01-02 10:53:58,C157015,38,KA,M3369,Fuel,POS,1133.95,1,1.2,1,386.6,0,0.62,0
T10886106,2025-01-02 10:54:00,C180194,67,MH,M5423,Apparel,Contactless,3168.39,1,3.6,1,115.8,0,0.36,0
T10710838,2025-01-02 10:54:05,C123433,48,WB,M1213,Healthcare,Contactless,1080.58,1,2.9,3,61.9,0,0.63,0
T10878049,2025-01-02 10:54:27,C113759,37,TG,M4321,Restaurant,ATM,1000.0,1,21.8,2,156.5,0,0.87,0
T10214560,2025-01-02 10:54:28,C114792,27,RJ,M2361,Healthcare,Online,2374.28,0,109.1,2,230.0,0,2.32,0
T10274476,2025-01-02 10:55:06,C148053,57,RJ,M1644,Fuel,POS,7469.41,1,13.3,2,372.4,0,1.02,0
T10698712,2025-01-02 10:55:35,C168961,35,KA,M3564,Apparel,POS,602.61,1,1.4,2,115.6,0,0.51,0
T10672154,2025-01-02 10:56:03,C182401,44,RJ,M3276,Fuel,Contactless,3398.86,1,1.6,2,20.2,0,2.04,0
T10314571,2025-01-02 10:56:33,C150613,53,GJ,M5213,Restaurant,Contactless,423.15,1,9.3,3,461.6,0,0.96,0
T10461550,2025-01-02 10:56:52,C179802,41,RJ,M1693,Online Services,Online,2778.7,0,46.9,3,675.2,0,1.26,0
T10603571,2025-01-02 10:57:53,C180825,18,UP,M2039,Fuel,Contactless,3056.64,1,1.0,4,151.1,0,0.54,0
T10118511,2025-01-02 10:57:58,C165844,38,DL,M3876,Grocery,Contactless,1815.34,1,7.0,3,1299.4,0,0.64,0
T10567368,2025-01-02 10:58:18,C177422,44,GJ,M2313,Apparel,POS,668.52,1,3.8,3,391.7,0,1.37,0
T10120387,2025-01-02 10:58:23,C107507,30,KL,M5338,Grocery,Online,995.66,0,68.1,1,1172.8,0,1.0,0
T10027258,2025-01-02 10:58:28,C144385,18,KL,M4649,Travel,Online,1509.93,0,42.3,4,158.2,0,1.39,0
T10166871,2025-01-02 10:58:48,C173569,19,KA,M3623,Healthcare,POS,1014.28,1,2.6,2,430.2,0,1.17,0
T10570486,2025-01-02 10:59:19,C166806,47,MH,M4397,Restaurant,Contactless,1127.43,1,4.8,3,74.9,0,0.69,0
T10170884,2025-01-02 10:59:26,C140223,44,GJ,M3655,Healthcare,POS,298.49,1,9.5,2,117.6,0,0.91,0
T10240569,2025-01-02 11:00:11,C174922,21,KL,M1827,Grocery,POS,3996.39,1,6.8,3,366.0,0,1.27,0
T10174425,2025-01-02 11:00:45,C129991,40,TN,M3754,Grocery,POS,500.73,1,2.1,2,304.6,0,0.84,0
T10579653,2025-01-02 11:00:58,C161492,38,GJ,M1325,Electronics,POS,5353.88,1,18.5,1,494.9,0,1.87,0
T10078409,2025-01-02 11:01:01,C119848,39,MH,M4385,Healthcare,POS,1626.52,1,1.0,1,789.9,0,0.2,0
T10615236,2025-01-02 11:01:19,C126904,18,UP,M2630,Grocery,Contactless,483.19,1,4.0,2,153.6,0,0.85,0
T10505558,2025-01-02 11:01:21,C113613,45,TN,M4585,Utilities,Contactless,3664.44,1,3.9,1,87.6,0,0.43,0
T10148857,2025-01-02 11:01:32,C167132,23,RJ,M3673,Utilities,Online,306.22,0,148.1,2,499.0,0,0.55,0
T10577414,2025-01-02 11:01:52,C114872,25,TG,M2319,Restaurant,POS,1263.42,1,8.6,2,81.2,0,0.94,0
T10583203,2025-01-02 11:03:04,C164251,38,KL,M1894,Fuel,POS,315.68,1,7.3,4,247.9,0,2.57,0
T10066799,2025-01-02 11:03:13,C125296,36,WB,M1148,Online Services,Online,462.57,0,15.1,2,408.9,0,1.17,0
T10994675,2025-01-02 11:03:32,C110287,27,TG,M1730,Travel,ATM,4400.0,1,8.4,3,893.5,0,0.64,0
T10095690,2025-01-02 11:03:42,C153089,50,WB,M3172,Restaurant,Contactless,769.14,1,14.3,2,62.6,0,0.92,0
T10695398,2025-01-02 11:04:28,C176537,72,DL,M3797,Fuel,Online,2423.38,0,58.4,2,803.0,0,0.8,0
T10086886,2025-01-02 11:04:31,C179764,33,WB,M5036,Grocery,POS,531.7,1,9.3,1,525.9,0,1.06,0
T10129331,2025-01-02 11:04:43,C139024,48,TN,M2295,Grocery,POS,326.93,1,18.7,2,360.5,0,0.93,0
T10414085,2025-01-02 11:05:17,C133134,25,GJ,M3847,Apparel,Contactless,550.57,1,0.5,3,79.5,0,0.7,0
T10052514,2025-01-02 11:05:21,C101295,32,TG,M2629,Restaurant,Contactless,175.68,1,23.4,4,680.5,0,1.4,0
T10955542,2025-01-02 11:05:32,C145556,56,GJ,M4018,Restaurant,ATM,2000.0,1,15.0,1,356.1,0,1.26,0
T10068307,2025-01-02 11:06:39,C176212,40,KL,M1428,Grocery,Online,347.62,0,52.1,2,387.4,0,0.78,0
T10066112,2025-01-02 11:06:48,C178308,38,TN,M4998,Fuel,Contactless,3828.0,1,2.2,2,174.1,0,0.54,0
T10033472,2025-01-02 11:07:08,C178952,38,KA,M2152,Apparel,Contactless,439.58,1,2.1,3,344.0,0,2.18,0
T10263330,2025-01-02 11:07:22,C134787,28,TN,M2211,Gift Cards,Online,501.06,0,50.5,1,1439.6,0,0.47,0
T10075250,2025-01-02 11:07:36,C119845,54,DL,M3221,Entertainment,Online,382.1,0,31.2,2,197.2,0,0.94,0
T10434156,2025-01-02 11:08:01,C179769,32,GJ,M2273,Entertainment,Online,1028.29,0,156.8,3,453.2,0,1.43,0
T10053315,2025-01-02 11:08:18,C174432,24,TG,M3406,Online Services,Online,965.77,0,29.6,3,588.7,0,1.67,0
T10819192,2025-01-02 11:08:49,C119029,30,TG,M1609,Gift Cards,Online,425.47,0,7.3,1,206.2,0,0.98,0
T10197654,2025-01-02 11:09:01,C180894,45,GJ,M5234,Utilities,POS,222.56,1,15.6,1,127.5,0,1.67,0
T10550958,2025-01-02 11:09:33,C171446,47,KA,M3016,Apparel,POS,943.05,1,6.0,4,334.7,0,0.7,0
T10496356,2025-01-02 11:10:27,C173020,33,WB,M5024,Healthcare,ATM,10000.0,1,12.5,1,377.6,0,1.38,0
T10962815,2025-01-02 11:10:38,C165183,18,KA,M3501,Utilities,Online,992.21,0,71.0,3,2344.4,0,0.6,0
T10647132,2025-01-02 11:10:56,C178066,37,TN,M4468,Healthcare,POS,637.85,1,2.6,2,517.5,0,0.63,0
T10511525,2025-01-02 11:11:46,C115141,53,RJ,M3516,Entertainment,Contactless,697.32,1,2.6,1,382.3,0,0.69,0
T10880803,2025-01-02 11:11:53,C117814,29,KL,M1467,Entertainment,Online,713.25,0,78.5,3,563.1,0,0.73,0
T10118905,2025-01-02 11:12:31,C137741,35,KA,M3652,Grocery,Contactless,31.65,1,7.2,3,664.5,0,0.79,0
T10440326,2025-01-02 11:12:34,C140276,46,MH,M4737,Grocery,POS,3891.13,1,7.3,2,484.1,0,1.31,0
T10931878,2025-01-02 11:13:04,C173456,56,WB,M5193,Grocery,Contactless,1205.15,1,4.7,2,587.9,0,0.81,0
T10355019,2025-01-02 11:13:17,C169476,35,GJ,M1777,Healthcare,Online,11083.54,0,9.9,3,2094.0,0,0.49,0
T10202923,2025-01-02 11:13:29,C139366,47,GJ,M3705,Restaurant,Online,694.42,0,21.6,2,950.0,0,0.96,0
T10543436,2025-01-02 11:13:55,C105764,60,TN,M5969,Travel,Contactless,829.82,1,7.0,3,209.5,0,0.57,0
T10569540,2025-01-02 11:14:02,C163085,37,GJ,M5570,Restaurant,Online,171.12,0,58.4,3,124.6,0,2.07,0
T10735355,2025-01-02 11:14:42,C107302,22,TN,M1619,Grocery,POS,4235.11,1,26.7,3,367.9,0,1.07,0
T10258654,2025-01-02 11:14:56,C116780,28,RJ,M2566,Restaurant,ATM,1000.0,1,7.6,3,21.7,0,0.99,0
T10406073,2025-01-02 11:15:13,C168448,40,GJ,M2623,Apparel,Contactless,1171.74,1,9.3,3,975.7,0,1.02,0
T10889645,2025-01-02 11:15:48,C115182,36,TG,M3036,Fuel,POS,1146.54,1,5.9,1,529.1,0,0.51,0
T10553182,2025-01-02 11:16:49,C145025,36,GJ,M5505,Grocery,Contactless,898.46,1,8.1,2,857.0,0,0.54,0
T10166212,2025-01-02 11:17:01,C146736,59,TG,M3486,Grocery,Contactless,570.78,1,21.9,6,177.0,0,1.24,0
T10174710,2025-01-02 11:17:15,C146980,51,DL,M4165,Utilities,POS,684.65,1,6.4,2,272.9,0,0.72,0
T10770038,2025-01-02 11:17:19,C165007,43,GJ,M3272,Restaurant,Contactless,79.53,1,5.4,2,297.9,0,0.79,0
T10581043,2025-01-02 11:17:22,C158587,35,TG,M1481,Grocery,Online,740.78,0,210.9,3,728.1,0,1.24,0
T10226273,2025-01-02 11:17:31,C102288,41,UP,M1997,Grocery,Online,1144.05,0,42.6,3,955.0,0,0.85,0
T10657663,2025-01-02 11:17:31,C125921,30,GJ,M1058,Restaurant,Online,306.27,0,86.5,4,258.9,0,0.94,0
T10613764,2025-01-02 11:18:00,C101699,65,WB,M3057,Utilities,ATM,2000.0,1,7.1,5,211.4,0,0.73,0
T10713025,2025-01-02 11:18:28,C120455,48,GJ,M2063,Online Services,Online,3261.11,0,201.7,1,716.8,0,0.77,0
T10213437,2025-01-02 11:19:04,C101856,24,TG,M5276,Grocery,ATM,20000.0,1,10.6,1,252.3,0,0.65,0
T10921667,2025-01-02 11:19:07,C156407,19,MH,M3162,Fuel,POS,506.1,1,29.5,2,42.2,1,1.61,0
T10453082,2025-01-02 11:19:18,C150215,36,TN,M1824,Online Services,ATM,10000.0,1,2.3,2,295.1,0,1.12,0
T10535240,2025-01-02 11:21:15,C134477,48,MH,M5309,Grocery,POS,412.03,1,8.9,2,312.5,0,1.28,0
T10934553,2025-01-02 11:21:18,C103031,40,MH,M1643,Fuel,POS,3268.88,1,3.3,2,3187.5,0,2.94,0
T10321792,2025-01-02 11:21:34,C150260,41,GJ,M2328,Restaurant,ATM,5000.0,1,0.1,3,206.6,0,0.77,0
T10240276,2025-01-02 11:21:55,C178295,69,MH,M3276,Electronics,POS,725.23,1,8.9,3,929.7,0,0.67,0
T10534432,2025-01-02 11:23:03,C116864,26,MH,M1349,Fuel,Contactless,627.37,1,16.8,1,438.9,0,1.01,0
T10665529,2025-01-02 11:23:03,C115500,28,GJ,M4541,Restaurant,POS,635.32,1,6.2,2,73.5,0,3.06,0
T10406960,2025-01-02 11:23:16,C149166,28,UP,M1377,Restaurant,Online,195.42,0,31.1,1,1013.2,0,1.31,0
T10625409,2025-01-02 11:23:21,C157378,46,KA,M5867,Utilities,Online,287.98,0,12.4,3,77.5,0,0.62,0
T10939954,2025-01-02 11:23:56,C129257,57,GJ,M1330,Grocery,POS,1663.22,1,15.2,2,722.8,0,1.02,0
T10924731,2025-01-02 11:24:33,C118618,34,TN,M3807,Restaurant,Online,1083.0,0,120.1,1,1226.9,0,0.74,0
T10052979,2025-01-02 11:24:54,C160752,42,WB,M5089,Grocery,Online,4149.47,0,1.7,4,803.2,0,2.48,0
T10958782,2025-01-02 11:25:39,C107680,52,KL,M5176,Restaurant,Online,922.37,0,89.7,1,808.0,0,0.81,0
T10679027,2025-01-02 11:26:30,C165403,28,TG,M3867,Grocery,Online,1297.3,0,51.2,4,1468.4,0,0.78,0
T10562264,2025-01-02 11:26:57,C156670,37,RJ,M2368,Travel,Online,2100.52,0,149.4,1,499.5,0,0.72,0
T10055343,2025-01-02 11:27:13,C160166,19,KL,M5506,Travel,POS,155.03,1,6.2,2,524.7,0,0.49,0
T10473480,2025-01-02 11:27:13,C129790,36,RJ,M1627,Restaurant,Contactless,778.9,1,7.1,2,1139.7,0,0.47,0
T10585735,2025-01-02 11:27:41,C146452,25,UP,M5488,Entertainment,Online,1087.54,0,20.9,2,16.2,0,1.76,0
T10271979,2025-01-02 11:27:53,C178345,51,WB,M3135,Grocery,POS,637.3,1,19.9,4,113.9,0,1.11,0
T10508984,2025-01-02 11:28:23,C148619,50,MH,M4828,Utilities,POS,448.48,1,2.7,3,347.5,0,1.23,0
T10267846,2025-01-02 11:28:45,C116097,31,WB,M3349,Utilities,POS,3768.88,1,12.2,3,690.7,0,3.08,0
T10516285,2025-01-02 11:29:39,C109733,55,GJ,M1427,Grocery,POS,400.59,1,16.3,4,275.4,0,0.84,0
T10786194,2025-01-02 11:29:52,C125920,37,WB,M5278,Grocery,Contactless,6340.82,1,15.3,3,470.2,0,0.72,0
T10428716,2025-01-02 11:30:29,C180530,66,KL,M4299,Entertainment,Contactless,505.66,1,20.9,2,42.7,0,1.05,0
T10844801,2025-01-02 11:30:38,C146910,47,KL,M4958,Grocery,ATM,20000.0,1,8.4,3,845.7,0,0.82,0
T10408673,2025-01-02 11:31:50,C146165,48,MH,M4316,Fuel,Online,767.69,0,80.6,4,614.1,0,0.66,0
T10258089,2025-01-02 11:31:51,C140225,47,DL,M5034,Entertainment,Online,477.22,0,73.1,3,127.1,0,1.32,0
T10566945,2025-01-02 11:32:00,C145692,22,TN,M1302,Fuel,POS,3396.29,1,4.9,4,1073.0,0,0.87,0
T10448278,2025-01-02 11:32:57,C119538,48,TG,M2143,Fuel,POS,2105.68,1,13.7,1,1163.9,0,1.3,0
T10303922,2025-01-02 11:33:35,C142836,56,UP,M5058,Travel,Contactless,6850.67,1,3.9,2,663.4,0,0.85,0
T10366794,2025-01-02 11:33:41,C182378,45,TN,M5199,Healthcare,POS,913.29,1,10.5,1,740.9,0,0.5,0
T10638340,2025-01-02 11:34:00,C107992,18,TN,M2863,Fuel,Contactless,108.05,1,20.7,4,263.8,0,0.6,0
T10947673,2025-01-02 11:34:16,C170829,37,MH,M3532,Utilities,Contactless,1638.57,1,5.5,3,2172.3,0,0.69,0
T10399024,2025-01-02 11:34:30,C128520,32,MH,M5501,Electronics,POS,2798.8,1,7.4,4,495.9,0,0.95,0
T10860531,2025-01-02 11:34:31,C158375,27,GJ,M1912,Restaurant,Contactless,1201.08,1,10.0,2,564.7,0,1.33,0
T10512762,2025-01-02 11:34:51,C171913,49,RJ,M3268,Grocery,Online,517.19,0,38.1,2,656.5,0,0.83,0
T10604214,2025-01-02 11:34:57,C104638,37,WB,M5315,Apparel,POS,194.34,1,5.1,1,326.0,0,1.38,0
T10446835,2025-01-02 11:35:08,C119450,39,MH,M4700,Gift Cards,POS,354.35,1,3.2,2,1196.4,0,1.17,0
T10036925,2025-01-02 11:36:08,C125101,18,WB,M5210,Utilities,Online,565.74,0,30.2,2,81.6,0,0.65,0
T10743811,2025-01-02 11:36:23,C119226,35,RJ,M1414,Entertainment,Online,145.4,0,49.3,5,275.5,0,0.49,0
T10956948,2025-01-02 11:36:40,C135421,20,TN,M4311,Apparel,Contactless,2331.37,1,0.8,3,166.4,0,1.59,0
T10913953,2025-01-02 11:36:54,C105444,38,KA,M3331,Fuel,Contactless,6968.29,1,0.8,1,87.9,0,1.58,0
T10646292,2025-01-02 11:37:01,C182630,24,WB,M1575,Fuel,ATM,2000.0,1,10.7,2,947.5,0,1.77,0
T10258157,2025-01-02 11:37:56,C110364,57,GJ,M1115,Grocery,POS,258.73,1,7.7,1,230.5,0,0.34,0
T10674968,2025-01-02 11:38:18,C152424,63,UP,M4289,Restaurant,POS,2053.39,1,2.2,4,696.5,0,0.55,0
T10029006,2025-01-02 11:38:23,C175899,42,MH,M3074,Grocery,POS,2417.57,1,10.9,1,151.0,0,0.55,0
T10832921,2025-01-02 11:39:18,C141303,39,KL,M2413,Utilities,Online,376.49,0,44.2,1,522.1,0,0.84,0
T10939962,2025-01-02 11:39:33,C130152,18,DL,M5287,Travel,Online,363.77,0,9.9,2,152.6,1,1.02,0
T10011618,2025-01-02 11:39:41,C128130,52,RJ,M3979,Utilities,POS,1203.84,1,1.9,4,175.0,0,0.83,0
T10032046,2025-01-02 11:40:02,C120696,18,WB,M2042,Healthcare,Online,581.0,0,64.7,1,378.1,0,0.59,0
T10243971,2025-01-02 11:40:15,C127163,58,KA,M5801,Restaurant,Online,1766.39,0,12.5,2,1938.3,0,0.65,0
T10136491,2025-01-02 11:40:16,C117840,27,UP,M3841,Apparel,Contactless,1109.51,1,25.8,3,393.2,0,2.4,0
T10616298,2025-01-02 11:40:50,C135207,28,MH,M4386,Restaurant,Online,1161.02,0,85.8,3,2300.9,0,1.01,0
T10618032,2025-01-02 11:41:35,C155889,49,UP,M3841,Restaurant,Contactless,494.48,1,10.7,2,614.3,0,0.48,0
T10144109,2025-01-02 11:42:05,C136413,47,WB,M4813,Online Services,POS,921.08,1,6.8,2,974.3,0,1.38,0
T10260326,2025-01-02 11:42:24,C149470,32,DL,M5235,Grocery,Online,126.92,0,138.9,2,177.9,0,0.42,0
T10530151,2025-01-02 11:42:39,C115229,47,RJ,M2977,Online Services,POS,917.67,1,19.3,2,884.5,0,0.58,0
T10008272,2025-01-02 11:43:04,C110406,38,KL,M4361,Entertainment,ATM,20000.0,1,11.5,2,1097.9,0,0.78,0
T10938332,2025-01-02 11:43:44,C181274,67,TG,M4546,Travel,Contactless,2801.72,1,5.7,6,1953.2,0,0.59,0
T10496865,2025-01-02 11:44:24,C148618,41,DL,M5790,Grocery,POS,1212.79,1,9.0,1,566.4,0,0.8,0
T10250941,2025-01-02 11:44:27,C142556,59,GJ,M5401,Travel,Contactless,6507.69,1,3.5,3,461.6,0,0.76,0
T10588298,2025-01-02 11:44:43,C106750,18,GJ,M2884,Restaurant,Contactless,267.56,1,7.5,3,294.8,0,0.42,0
T10600659,2025-01-02 11:45:10,C136200,43,TG,M2710,Travel,Online,5766.02,0,17.5,1,250.2,0,0.89,0
T10485018,2025-01-02 11:45:15,C150966,19,TG,M4592,Utilities,Contactless,1812.13,1,2.9,6,52.7,0,0.92,0
T10862630,2025-01-02 11:45:27,C123351,40,KA,M5274,Grocery,Contactless,1549.31,1,7.7,4,1790.5,0,1.41,0
T10729488,2025-01-02 11:46:13,C118608,47,TN,M2755,Grocery,ATM,1000.0,1,2.7,3,62.3,0,0.68,0
T10300226,2025-01-02 11:46:46,C182831,33,KL,M5163,Fuel,POS,106.98,1,5.5,1,169.4,0,0.93,0
T10283011,2025-01-02 11:47:23,C134943,54,KL,M4641,Utilities,Online,1113.28,0,21.3,3,1343.8,0,1.28,0
T10336652,2025-01-02 11:47:44,C121414,51,RJ,M3198,Utilities,POS,1129.78,1,1.7,4,638.6,0,0.73,0
T10059460,2025-01-02 11:47:56,C154203,30,TN,M3999,Grocery,Online,900.98,0,26.4,3,589.1,0,1.36,0
T10074582,2025-01-02 11:48:01,C131987,34,KA,M5225,Restaurant,POS,162.21,1,7.2,3,465.6,0,3.69,0
T10592708,2025-01-02 11:48:58,C118946,35,GJ,M3063,Healthcare,Contactless,126.78,1,10.5,2,450.2,0,1.02,0
T10412150,2025-01-02 11:48:58,C110716,22,DL,M5549,Restaurant,Contactless,970.53,1,5.2,3,702.9,0,0.42,0
T10146933,2025-01-02 11:49:10,C166805,38,GJ,M2907,Entertainment,Contactless,1231.5,1,3.1,2,750.4,0,1.59,0
T10385624,2025-01-02 11:50:16,C141327,47,KL,M2701,Online Services,Online,5431.53,0,100.0,4,2.6,0,2.39,0
T10177766,2025-01-02 11:50:41,C170884,56,TG,M4067,Restaurant,Online,503.86,0,27.3,2,2180.4,0,0.56,0
T10344174,2025-01-02 11:50:45,C128485,46,DL,M4640,Entertainment,Contactless,336.96,1,0.2,3,461.7,0,0.71,0
T10554505,2025-01-02 11:50:57,C178610,26,KA,M5842,Restaurant,ATM,5000.0,1,28.6,5,1785.1,0,1.17,0
T10134043,2025-01-02 11:51:05,C166440,41,TN,M4922,Entertainment,Online,1641.13,0,55.8,2,526.1,0,1.01,0
T10052353,2025-01-02 11:51:12,C131154,38,DL,M4374,Electronics,POS,748.95,1,8.7,2,18.3,0,1.25,0
T10691634,2025-01-02 11:51:13,C169870,53,RJ,M4502,Grocery,POS,193.09,1,18.6,3,902.7,0,0.91,0
T10606684,2025-01-02 11:51:17,C145918,62,UP,M2577,Healthcare,POS,466.86,1,3.5,4,151.3,0,1.34,0
T10599990,2025-01-02 11:52:01,C163886,31,WB,M4102,Entertainment,Online,305.9,0,35.9,4,127.7,0,0.63,0
T10758436,2025-01-02 11:52:17,C169622,46,MH,M3491,Apparel,Online,1102.68,0,86.2,4,515.9,0,0.82,0
T10078520,2025-01-02 11:52:36,C106662,50,UP,M2584,Entertainment,Online,9064.91,0,11.7,5,345.7,0,0.52,0
T10498784,2025-01-02 11:53:13,C142506,50,TN,M4701,Entertainment,POS,719.24,1,5.5,2,249.2,0,1.77,0
T10313851,2025-01-02 11:54:06,C123145,34,GJ,M1604,Fuel,POS,1302.2,1,5.6,1,902.6,0,2.07,0
T10316223,2025-01-02 11:54:12,C156111,55,TG,M4718,Restaurant,Online,634.74,0,31.9,2,36.9,0,0.66,0
T10350108,2025-01-02 11:54:37,C103983,27,WB,M4842,Grocery,ATM,1000.0,1,6.7,2,219.8,0,3.21,0
T10587306,2025-01-02 11:54:39,C147561,64,KL,M1422,Grocery,Contactless,649.32,1,6.7,1,155.6,0,1.19,0
T10364833,2025-01-02 11:55:23,C172004,42,WB,M3231,Restaurant,Contactless,6372.65,1,5.6,2,94.2,0,2.28,0
T10502191,2025-01-02 11:55:27,C161000,68,KA,M4112,Restaurant,POS,407.37,1,17.8,3,1456.1,0,0.89,0
T10299368,2025-01-02 11:56:05,C164987,62,TG,M1652,Fuel,POS,1072.28,1,6.6,4,2035.2,0,1.19,0
T10200749,2025-01-02 11:56:16,C144470,32,TG,M1576,Entertainment,Online,2555.97,0,10.9,2,2.3,0,1.29,0
T10633398,2025-01-02 11:56:20,C105798,39,TN,M5575,Healthcare,ATM,5000.0,1,4.7,3,889.7,0,1.13,0
T10258225,2025-01-02 11:56:39,C167090,51,RJ,M5059,Apparel,Online,409.26,0,41.1,4,196.9,0,2.63,0
T10478679,2025-01-02 11:57:11,C164634,35,UP,M4384,Entertainment,Online,212.26,0,54.9,2,61.5,1,0.66,0
T10768733,2025-01-02 11:57:25,C175286,22,KA,M5701,Electronics,Contactless,6034.58,1,7.4,4,1167.7,0,1.79,0
T10031397,2025-01-02 11:58:07,C151625,60,KL,M5281,Electronics,POS,473.42,1,6.2,1,790.8,0,1.08,0
T10790979,2025-01-02 11:58:21,C105455,19,UP,M2327,Grocery,Contactless,787.92,1,15.2,3,968.7,0,0.98,0
T10459129,2025-01-02 11:58:49,C112593,27,WB,M2740,Restaurant,Contactless,2820.94,1,0.3,2,1280.1,0,0.32,0
T10980866,2025-01-02 11:59:04,C181117,21,MH,M2182,Grocery,Contactless,2528.84,1,7.2,5,285.5,0,0.8,0
T10743869,2025-01-02 11:59:26,C164849,56,WB,M1816,Restaurant,POS,95.57,1,2.3,2,879.7,0,1.02,0
T10498476,2025-01-02 12:00:09,C107446,18,TG,M4599,Healthcare,POS,1535.89,1,6.7,2,841.2,0,0.65,0
T10098653,2025-01-02 12:00:23,C116993,44,RJ,M5863,Restaurant,ATM,10000.0,1,10.3,2,1488.0,0,0.86,0
T10524776,2025-01-02 12:00:39,C177881,54,MH,M2979,Grocery,Contactless,4855.87,1,8.4,2,1312.8,0,0.97,0
T10043034,2025-01-02 12:00:40,C133541,43,GJ,M1126,Fuel,Online,187.68,0,24.7,4,107.2,0,1.34,0
T10136869,2025-01-02 12:00:49,C182238,54,MH,M4181,Online Services,ATM,1000.0,1,7.7,5,131.3,0,0.37,0
T10740453,2025-01-02 12:00:54,C177291,48,RJ,M4306,Restaurant,Online,3274.27,0,103.8,3,1810.1,0,1.17,0
T10334221,2025-01-02 12:01:09,C139510,42,UP,M1805,Grocery,Online,479.99,0,7.2,3,1060.0,0,1.08,0
T10465405,2025-01-02 12:01:20,C135967,52,MH,M1920,Apparel,POS,195.87,1,3.1,2,275.1,0,0.2,0
T10757026,2025-01-02 12:01:42,C100829,43,WB,M4950,Online Services,Contactless,272.86,1,0.3,3,49.3,0,0.45,0
T10052877,2025-01-02 12:02:08,C145324,25,KA,M5817,Healthcare,Online,799.18,0,93.3,3,432.7,0,2.24,0
T10522948,2025-01-02 12:02:10,C159863,56,RJ,M5110,Apparel,ATM,20000.0,1,17.1,2,925.5,0,1.36,0
T10176924,2025-01-02 12:02:21,C176788,48,UP,M5850,Grocery,POS,316.35,1,23.4,3,236.6,0,0.79,0
T10772843,2025-01-02 12:02:29,C158864,56,GJ,M4659,Entertainment,POS,4878.95,1,11.9,4,1139.1,0,1.19,0
T10338879,2025-01-02 12:02:39,C174303,71,MH,M2750,Electronics,POS,841.13,1,10.2,1,135.1,0,0.89,0
T10351266,2025-01-02 12:02:45,C118500,19,MH,M1328,Utilities,Contactless,237.51,1,13.8,1,445.2,0,0.99,0
T10677135,2025-01-02 12:02:48,C167137,23,KL,M5263,Electronics,ATM,11000.0,1,4.8,3,546.0,0,1.17,0
T10932156,2025-01-02 12:03:04,C164680,41,KL,M2470,Restaurant,POS,199.3,1,8.4,1,12.2,0,0.37,0
T10243375,2025-01-02 12:03:13,C123159,35,TN,M2203,Entertainment,POS,851.4,1,2.0,3,760.8,0,1.28,0
T10731676,2025-01-02 12:03:53,C180139,55,MH,M4453,Utilities,POS,9604.29,1,6.6,3,514.2,0,1.37,0
T10796661,2025-01-02 12:04:25,C125959,44,TN,M5165,Apparel,Online,259.76,0,67.5,3,29.9,0,0.63,0
T10710925,2025-01-02 12:05:01,C127045,29,GJ,M1851,Healthcare,Online,2089.5,0,52.9,2,246.1,0,0.39,0
T10494032,2025-01-02 12:05:05,C170488,54,UP,M3257,Gift Cards,Contactless,307.23,1,7.1,5,1961.0,0,1.55,0
T10715521,2025-01-02 12:05:12,C156120,29,UP,M4944,Restaurant,Online,2549.34,0,60.0,1,1206.6,1,0.8,0
T10488517,2025-01-02 12:05:19,C167794,41,TN,M1716,Apparel,Online,675.66,0,16.0,3,949.2,0,0.52,0
T10282252,2025-01-02 12:06:26,C142244,54,TN,M1776,Online Services,Online,1922.61,0,68.0,5,211.2,0,0.46,0
T10274522,2025-01-02 12:06:51,C117324,50,DL,M2131,Apparel,Online,169.75,0,24.9,3,1015.1,0,1.55,0
T10544951,2025-01-02 12:06:55,C134054,38,MH,M4421,Grocery,POS,1300.9,1,6.9,1,8.3,0,1.07,0
T10889206,2025-01-02 12:07:33,C177558,31,KL,M3736,Jewelry,POS,706.22,1,20.6,2,78.8,0,1.14,0
T10283985,2025-01-02 12:07:37,C125258,36,KA,M1873,Grocery,Contactless,1826.18,1,19.7,5,427.1,0,0.73,0
T10006641,2025-01-02 12:08:18,C101038,51,KA,M5603,Restaurant,Contactless,814.27,1,2.2,5,1193.0,0,0.65,0
T10325022,2025-01-02 12:08:28,C107412,60,TG,M4415,Fuel,Online,554.75,0,63.0,1,27.7,0,0.85,0
T10817415,2025-01-02 12:09:27,C148244,28,UP,M4358,Entertainment,POS,951.65,1,10.7,4,759.7,0,0.48,0
T10612212,2025-01-02 12:09:30,C123510,53,RJ,M1794,Gift Cards,POS,444.8,1,4.3,1,962.6,0,1.15,0
T10049744,2025-01-02 12:09:45,C161638,31,TN,M1159,Entertainment,Contactless,946.04,1,8.2,4,1509.9,0,2.17,0
T10149449,2025-01-02 12:10:03,C169502,18,TG,M1728,Restaurant,Online,778.88,0,121.3,4,872.9,0,0.62,0
T10238897,2025-01-02 12:10:11,C110475,46,RJ,M2815,Restaurant,Contactless,3925.32,1,24.1,2,453.5,0,0.63,0
T10082786,2025-01-02 12:10:14,C138701,30,TN,M1293,Fuel,POS,1528.19,1,20.3,1,2182.4,0,1.1,0
T10988585,2025-01-02 12:10:15,C178149,49,DL,M5247,Entertainment,ATM,2000.0,1,1.7,2,147.6,0,1.3,0
T10651146,2025-01-02 12:10:39,C132554,42,KA,M3721,Apparel,POS,1554.99,1,3.4,3,654.1,0,0.5,0
T10524113,2025-01-02 12:12:57,C132215,55,TG,M3211,Fuel,ATM,20000.0,1,4.1,2,526.4,0,1.3,0
T10324266,2025-01-02 12:13:09,C159949,33,WB,M4214,Grocery,Contactless,364.33,1,14.8,4,2645.7,0,1.29,0
T10545126,2025-01-02 12:13:17,C159567,37,KA,M5162,Apparel,POS,10475.44,1,7.6,1,2699.9,0,1.06,0
T10480570,2025-01-02 12:13:52,C148488,33,KA,M5776,Grocery,POS,755.23,1,8.4,2,277.5,0,0.87,0
T10068037,2025-01-02 12:14:35,C147225,25,MH,M5674,Grocery,Contactless,174.46,1,2.1,2,88.1,0,1.15,0
T10984062,2025-01-02 12:14:38,C116618,48,TG,M5095,Online Services,POS,758.32,1,2.0,2,1439.7,0,0.6,0
T10298717,2025-01-02 12:15:01,C120205,27,DL,M5851,Grocery,Online,1660.84,0,1.2,3,421.3,0,0.62,0
T10542119,2025-01-02 12:15:24,C120978,31,KA,M5331,Utilities,POS,244.75,1,5.5,5,592.5,0,1.33,0
T10590517,2025-01-02 12:15:25,C156835,47,DL,M4425,Grocery,POS,315.59,1,3.2,3,39.2,0,0.22,0
T10753803,2025-01-02 12:15:45,C171052,39,MH,M3601,Restaurant,Online,451.19,0,244.5,5,185.9,0,3.17,1
T10180043,2025-01-02 12:16:02,C155963,22,TG,M2786,Travel,POS,1353.99,1,4.0,4,1732.2,0,0.52,0
T10689642,2025-01-02 12:16:46,C145929,37,DL,M1030,Entertainment,POS,3622.16,1,0.7,3,1240.7,0,0.39,0
T10220858,2025-01-02 12:16:47,C159550,61,KA,M4641,Grocery,POS,985.2,1,43.6,4,549.1,0,0.76,0
T10363123,2025-01-02 12:16:50,C139160,40,TN,M4757,Travel,Contactless,4874.83,1,22.3,4,2014.6,0,1.13,0
T10279611,2025-01-02 12:17:46,C139580,35,KL,M5469,Apparel,Online,733.41,0,0.1,1,92.9,0,0.92,0
T10181157,2025-01-02 12:17:47,C151534,49,WB,M1862,Healthcare,Online,704.45,0,145.9,2,2068.7,0,0.73,0
T10674085,2025-01-02 12:18:00,C131504,60,KA,M1559,Entertainment,POS,840.26,1,3.8,3,986.6,0,2.15,0
T10636562,2025-01-02 12:18:45,C119449,39,DL,M4003,Online Services,Contactless,299.65,1,23.8,3,262.3,0,1.17,0
T10979537,2025-01-02 12:18:54,C163644,46,RJ,M2067,Restaurant,Online,1303.44,0,37.0,5,170.0,0,0.75,0
T10102095,2025-01-02 12:19:16,C136326,33,UP,M4716,Apparel,POS,2700.32,1,4.8,2,141.3,0,0.98,0
T10489542,2025-01-02 12:20:14,C132599,47,KL,M4845,Restaurant,ATM,20000.0,1,11.1,2,402.0,0,0.82,0
T10511940,2025-01-02 12:20:16,C138757,27,GJ,M4684,Grocery,POS,1322.26,1,4.5,1,1312.1,0,0.29,0
T10744144,2025-01-02 12:20:30,C161094,37,RJ,M3253,Fuel,POS,417.42,1,7.6,1,23.1,0,1.6,0
T10938221,2025-01-02 12:20:41,C125908,51,KA,M5622,Jewelry,Online,105.58,0,29.7,2,100.7,0,0.87,0
T10090070,2025-01-02 12:20:46,C153512,43,TN,M1219,Fuel,ATM,20000.0,1,15.2,3,247.3,0,0.39,0
T10422152,2025-01-02 12:21:18,C144439,43,WB,M2398,Travel,POS,4660.11,1,6.0,2,1733.6,0,0.91,0
T10081186,2025-01-02 12:22:20,C115079,48,KA,M4958,Grocery,Contactless,1404.89,1,5.5,3,1469.9,0,2.49,0
T10192287,2025-01-02 12:23:01,C146228,41,DL,M3443,Restaurant,Contactless,486.8,1,2.9,3,966.7,0,1.33,0
T10659231,2025-01-02 12:23:03,C111403,36,UP,M1413,Restaurant,Online,580.34,0,44.1,4,738.6,0,0.41,0
T10957382,2025-01-02 12:23:32,C132636,28,WB,M1437,Grocery,POS,682.72,1,9.2,4,491.1,0,1.45,0
T10819836,2025-01-02 12:24:24,C108779,23,GJ,M2299,Online Services,Online,9512.28,0,109.9,2,1085.7,0,1.01,0
T10937797,2025-01-02 12:24:33,C139337,19,UP,M3969,Grocery,POS,313.52,1,1.5,2,1886.6,0,0.95,0
T10368400,2025-01-02 12:24:51,C160322,27,TG,M5936,Entertainment,Online,391.03,0,104.9,1,58.0,0,0.7,0
T10886712,2025-01-02 12:24:52,C126077,45,UP,M1568,Restaurant,ATM,1000.0,1,5.6,2,2085.4,0,1.76,0
T10561968,2025-01-02 12:25:10,C120875,18,WB,M4939,Entertainment,Online,1044.94,0,14.1,2,376.6,0,1.07,0
T10558523,2025-01-02 12:25:18,C116952,42,KL,M2127,Apparel,Contactless,946.84,1,3.9,4,2023.8,0,0.62,0
T10281660,2025-01-02 12:25:24,C152655,37,MH,M3758,Electronics,Contactless,937.4,1,9.8,1,775.5,0,1.72,0
T10080366,2025-01-02 12:25:42,C149086,27,WB,M3131,Apparel,POS,56.24,1,1.0,3,303.8,0,0.52,0
T10706858,2025-01-02 12:26:22,C153404,38,TG,M4789,Entertainment,Online,2250.17,0,42.8,1,334.0,0,2.42,0
T10429050,2025-01-02 12:27:39,C106614,24,TN,M4631,Utilities,POS,3978.25,1,17.6,2,281.4,0,0.83,0
T10648820,2025-01-02 12:27:50,C160004,74,UP,M1218,Restaurant,ATM,2000.0,1,7.1,5,480.7,0,1.15,0
T10843675,2025-01-02 12:28:11,C107830,59,MH,M2731,Grocery,POS,3057.08,1,11.5,3,378.8,0,0.99,0
T10943761,2025-01-02 12:28:29,C158691,47,UP,M1502,Restaurant,Online,147.67,0,92.4,2,492.9,0,1.44,0
T10454684,2025-01-02 12:28:58,C121079,36,DL,M5783,Restaurant,Contactless,1029.81,1,10.3,1,2304.7,0,0.26,0
T10100438,2025-01-02 12:29:13,C110149,30,TN,M2540,Restaurant,POS,2585.44,1,1.6,2,429.5,0,0.94,0
T10982133,2025-01-02 12:29:23,C108653,70,TG,M1945,Travel,Contactless,1148.6,1,10.7,1,1059.0,0,1.29,0
T10819549,2025-01-02 12:29:33,C116967,25,KA,M4246,Apparel,POS,260.6,1,7.7,3,238.1,0,1.09,0
T10751777,2025-01-02 12:30:38,C144009,46,TG,M4566,Online Services,Online,790.38,0,80.6,3,88.6,0,0.23,0
T10158705,2025-01-02 12:30:56,C116946,24,KL,M5337,Entertainment,Online,743.58,0,53.3,4,161.0,0,0.31,0
T10057028,2025-01-02 12:30:58,C138018,29,WB,M1528,Fuel,ATM,10000.0,1,5.1,3,97.0,0,0.82,0
T10080355,2025-01-02 12:31:07,C163164,38,TG,M3636,Apparel,Online,2235.43,0,67.8,5,56.0,0,1.44,0
T10775733,2025-01-02 12:31:11,C109895,41,TG,M1991,Grocery,Online,485.35,0,39.5,4,172.2,0,1.22,0
T10082953,2025-01-02 12:31:19,C104566,18,UP,M1706,Fuel,Contactless,1858.93,1,8.6,2,623.0,0,1.93,0
T10601076,2025-01-02 12:32:39,C105972,62,UP,M5049,Jewelry,Online,3894.2,0,64.0,2,559.3,0,0.71,0
T10145874,2025-01-02 12:32:50,C101714,43,DL,M3834,Grocery,POS,4107.44,1,24.9,2,1031.9,0,1.88,0
T10099840,2025-01-02 12:33:30,C139160,35,GJ,M2335,Grocery,Online,464.79,0,81.6,3,716.2,0,1.56,0
T10088634,2025-01-02 12:33:32,C152337,42,GJ,M2294,Restaurant,Online,1007.4,0,27.2,3,1009.4,1,0.63,0
T10908170,2025-01-02 12:33:35,C151634,54,GJ,M1931,Online Services,Contactless,1662.88,1,5.1,2,395.7,0,0.53,0
T10493087,2025-01-02 12:33:44,C102010,45,KA,M4902,Utilities,POS,397.14,1,1.7,3,95.0,0,0.44,0
T10217462,2025-01-02 12:33:55,C139059,64,WB,M2455,Fuel,Contactless,124.9,1,1.5,4,625.9,0,0.56,0
T10121990,2025-01-02 12:34:24,C155234,29,DL,M1102,Apparel,Online,1499.68,0,61.8,2,61.0,0,1.37,0
T10859289,2025-01-02 12:34:50,C171963,40,RJ,M3615,Apparel,Contactless,182.87,1,4.3,3,103.9,0,0.97,0
T10417548,2025-01-02 12:35:11,C181328,35,KL,M4547,Apparel,Contactless,505.51,1,19.3,2,15.7,1,0.77,0
T10145076,2025-01-02 12:35:34,C138062,51,UP,M4636,Apparel,Contactless,3757.87,1,21.5,2,1617.8,0,0.74,0
T10966195,2025-01-02 12:35:39,C168257,34,KA,M2702,Travel,Contactless,609.99,1,4.7,3,728.4,0,1.52,0
T10017973,2025-01-02 12:36:00,C123414,48,DL,M2394,Restaurant,Online,510.32,0,23.0,2,312.1,0,2.62,0
T10958265,2025-01-02 12:36:28,C112390,59,KA,M1801,Utilities,Online,3083.35,0,50.1,2,575.6,0,0.48,0
T10084614,2025-01-02 12:36:38,C153515,29,TG,M3252,Jewelry,Online,1907.4,0,131.3,1,67.2,0,2.38,0
T10974854,2025-01-02 12:36:38,C100498,33,KL,M5462,Entertainment,POS,607.84,1,4.3,1,280.6,0,1.15,0
T10886540,2025-01-02 12:36:58,C176159,34,RJ,M1061,Entertainment,POS,131.85,1,8.7,1,144.6,0,3.52,0
T10246588,2025-01-02 12:37:19,C168420,31,UP,M2049,Online Services,Online,1915.99,0,81.3,5,211.5,1,0.61,0
T10091655,2025-01-02 12:37:45,C164994,30,DL,M2778,Restaurant,Contactless,646.41,1,5.0,1,1159.8,0,0.73,0
T10353837,2025-01-02 12:37:46,C162088,34,MH,M3769,Grocery,POS,529.71,1,12.2,3,189.8,0,0.73,0
T10097697,2025-01-02 12:38:14,C143554,47,GJ,M1047,Fuel,Online,437.52,0,23.9,5,3467.0,0,0.6,0
T10400813,2025-01-02 12:38:23,C148674,54,TN,M3434,Fuel,POS,476.23,1,2.8,1,675.9,0,1.22,0
T10112764,2025-01-02 12:38:27,C140759,52,TG,M4852,Restaurant,Contactless,955.41,1,5.7,4,294.3,0,0.84,0
T10591576,2025-01-02 12:38:27,C151422,69,MH,M3951,Electronics,POS,6059.7,1,9.4,2,972.4,0,2.48,0
T10981110,2025-01-02 12:38:53,C135173,52,RJ,M2271,Entertainment,POS,508.53,1,13.7,2,454.5,0,0.37,0
T10311971,2025-01-02 12:39:28,C171924,60,MH,M3983,Restaurant,POS,668.36,1,12.6,1,395.3,0,0.66,0
T10501700,2025-01-02 12:39:33,C104819,57,KA,M3170,Healthcare,Online,342.71,0,50.5,2,1033.3,0,1.54,0
T10127937,2025-01-02 12:39:41,C100108,66,GJ,M4974,Grocery,POS,896.3,1,17.0,2,47.3,0,1.18,0
T10752663,2025-01-02 12:40:03,C101181,23,WB,M5850,Grocery,Contactless,587.1,1,18.2,2,142.6,0,0.88,0
T10066490,2025-01-02 12:40:15,C163465,61,TN,M3441,Grocery,POS,139.07,1,6.4,4,853.4,0,2.23,0
T10139094,2025-01-02 12:40:22,C135160,27,WB,M5248,Travel,Contactless,643.15,1,12.8,4,79.2,0,1.61,0
T10329678,2025-01-02 12:40:32,C131248,38,MH,M5123,Travel,Online,1823.87,0,28.3,1,197.1,0,0.73,0
T10076782,2025-01-02 12:41:05,C133815,38,MH,M5311,Apparel,POS,1717.25,1,1.5,1,82.6,0,0.89,0
T10745811,2025-01-02 12:41:14,C151276,36,TN,M1721,Entertainment,POS,321.38,1,5.3,2,134.6,0,0.79,0
T10264616,2025-01-02 12:41:22,C127211,46,KL,M5407,Apparel,POS,472.72,1,17.1,5,323.4,0,1.0,0
T10151903,2025-01-02 12:41:25,C160911,18,TG,M5073,Fuel,Contactless,681.18,1,6.8,3,884.1,0,0.55,0
T10602765,2025-01-02 12:41:30,C181361,39,KL,M2211,Restaurant,Online,816.6,0,15.3,1,1039.4,0,1.89,0
T10898965,2025-01-02 12:41:33,C135184,19,DL,M5497,Online Services,ATM,10000.0,1,14.1,3,536.1,0,0.4,0
T10640235,2025-01-02 12:41:43,C157010,43,KA,M1528,Apparel,Contactless,268.02,1,5.1,4,327.4,0,1.17,0
T10749596,2025-01-02 12:41:47,C119838,32,UP,M4710,Grocery,Online,1516.8,0,37.3,3,720.9,0,0.38,0
T10325034,2025-01-02 12:41:48,C175300,29,UP,M1420,Grocery,Contactless,4931.4,1,7.6,1,636.0,0,0.23,0
T10707570,2025-01-02 12:42:12,C178499,29,DL,M2927,Apparel,POS,1281.78,1,10.8,3,246.7,0,0.57,0
T10892500,2025-01-02 12:42:15,C162775,18,KL,M4125,Fuel,ATM,5000.0,1,7.4,2,2132.9,0,0.79,0
T10494088,2025-01-02 12:42:18,C110381,32,GJ,M4846,Utilities,POS,8337.57,1,5.5,6,29.1,0,0.54,0
T10012196,2025-01-02 12:42:52,C101896,54,DL,M4979,Entertainment,POS,405.68,1,3.8,2,135.7,0,1.4,0
T10003970,2025-01-02 12:44:05,C139788,20,TG,M2066,Fuel,Online,97.73,0,83.2,4,321.6,0,0.36,0
T10835707,2025-01-02 12:44:21,C168690,49,TG,M1831,Grocery,Contactless,833.61,1,2.3,2,1387.4,0,1.64,0
T10932932,2025-01-02 12:44:52,C118672,47,TN,M3582,Restaurant,Contactless,6812.2,1,21.2,4,1063.8,0,1.21,0
T10712204,2025-01-02 12:45:16,C109262,42,UP,M5886,Apparel,POS,105.56,1,4.7,2,93.4,0,0.67,0
T10661643,2025-01-02 12:45:25,C126437,66,TG,M1311,Utilities,ATM,2000.0,1,6.7,1,756.2,0,1.98,0
T10824263,2025-01-02 12:45:30,C144986,35,TN,M2508,Healthcare,Online,1795.1,0,90.9,4,654.8,0,1.47,0
T10639343,2025-01-02 12:46:03,C136467,45,TG,M2675,Restaurant,Online,3796.81,0,40.3,2,690.0,0,0.53,0
T10973407,2025-01-02 12:46:16,C142708,54,WB,M4556,Healthcare,Online,1297.56,0,23.2,3,66.7,0,0.5,0
T10114256,2025-01-02 12:46:47,C125478,34,RJ,M2254,Healthcare,Online,2061.86,0,120.5,1,1352.0,0,0.29,0
T10180664,2025-01-02 12:46:49,C123159,18,GJ,M5776,Fuel,Contactless,878.94,1,4.9,4,840.4,0,0.6,0
T10569332,2025-01-02 12:47:06,C154974,57,GJ,M5118,Utilities,POS,2286.85,1,2.7,6,282.9,0,0.63,0
T10386829,2025-01-02 12:47:33,C103388,36,TN,M2292,Electronics,Online,6319.35,0,11.2,1,1079.7,0,0.5,0
T10910152,2025-01-02 12:47:37,C175782,18,TN,M2913,Grocery,Contactless,842.54,1,2.6,2,383.4,0,1.17,0
T10145189,2025-01-02 12:48:25,C143749,39,WB,M5423,Apparel,Contactless,766.68,1,15.3,3,903.0,0,0.92,0
T10624946,2025-01-02 12:48:26,C113420,49,TN,M1603,Restaurant,POS,2403.33,1,5.7,4,269.1,0,1.4,0
T10815254,2025-01-02 12:49:27,C138559,20,MH,M5047,Utilities,Online,116.18,0,67.1,1,92.0,0,0.7,0
T10329921,2025-01-02 12:49:27,C146993,54,TN,M3677,Fuel,ATM,5000.0,1,11.1,2,642.6,0,0.18,0
T10298534,2025-01-02 12:49:47,C152696,44,DL,M1492,Gift Cards,POS,2632.29,1,8.2,2,8.9,0,0.86,0
T10252920,2025-01-02 12:49:55,C131516,38,RJ,M1767,Online Services,POS,200.28,1,1.3,4,1100.0,0,0.61,0
T10770733,2025-01-02 12:50:20,C163950,40,TN,M5610,Electronics,Online,1732.15,0,85.4,4,246.9,0,0.78,0
T10732474,2025-01-02 12:50:33,C105418,29,DL,M4637,Restaurant,POS,576.45,1,5.9,4,729.3,0,0.88,0
T10364425,2025-01-02 12:50:37,C149258,38,RJ,M3678,Grocery,Online,166.5,0,39.5,4,3072.2,0,0.51,0
T10965626,2025-01-02 12:50:39,C162769,38,TG,M2220,Travel,Online,491.52,0,5.1,2,2390.0,0,0.44,0
T10276506,2025-01-02 12:50:52,C157672,48,TN,M4938,Electronics,Contactless,1031.27,1,1.5,3,29.7,0,1.18,0
T10969549,2025-01-02 12:50:53,C120048,37,WB,M3541,Restaurant,Contactless,1729.5,1,15.7,3,129.6,0,1.55,0
T10358705,2025-01-02 12:51:31,C113523,59,GJ,M5334,Electronics,Contactless,3524.11,1,19.5,2,418.5,0,0.26,0
T10959104,2025-01-02 12:51:32,C133846,27,KA,M1531,Online Services,Online,1572.39,0,51.9,3,1841.1,0,0.68,0
T10510081,2025-01-02 12:52:34,C179666,57,DL,M3546,Restaurant,POS,1140.12,1,2.5,1,313.5,0,2.57,0
T10511556,2025-01-02 12:53:01,C123008,39,UP,M2720,Electronics,Contactless,2139.48,1,9.4,6,644.8,0,1.15,0
T10330825,2025-01-02 12:53:06,C121107,47,TN,M2397,Fuel,Online,816.85,0,21.8,5,23.0,0,1.09,0
T10296779,2025-01-02 12:53:31,C111915,49,KL,M2170,Utilities,Contactless,1953.24,1,8.3,4,111.4,0,1.13,0
T10883909,2025-01-02 12:53:45,C151235,49,TG,M4052,Grocery,POS,1257.35,1,3.7,2,261.2,0,0.51,0
T10591650,2025-01-02 12:53:52,C124384,42,TG,M2046,Travel,Contactless,6835.77,1,5.2,2,823.3,0,1.58,0
T10512283,2025-01-02 12:55:01,C108528,40,RJ,M3073,Restaurant,POS,702.11,1,11.0,2,24.7,0,1.49,0
T10116448,2025-01-02 12:55:04,C121278,47,TG,M3695,Restaurant,POS,965.88,1,6.1,3,104.8,0,0.82,0
T10863127,2025-01-02 12:55:19,C157097,32,KA,M1774,Apparel,POS,226.41,1,2.8,3,196.4,0,0.43,0
T10396643,2025-01-02 12:55:32,C183217,38,RJ,M5950,Entertainment,ATM,10000.0,1,13.5,4,189.0,0,0.7,0
T10690776,2025-01-02 12:55:32,C147869,49,GJ,M5493,Fuel,Contactless,2139.14,1,4.5,2,811.5,0,0.73,0
T10994726,2025-01-02 12:55:33,C140577,38,RJ,M3913,Restaurant,Online,1212.96,0,99.9,1,848.0,0,0.65,0
T10139071,2025-01-02 12:56:02,C116951,21,GJ,M4465,Grocery,POS,962.12,1,7.5,2,1468.9,0,0.87,0
T10427474,2025-01-02 12:56:56,C153503,49,TN,M4772,Apparel,Contactless,609.84,1,5.2,1,1.1,0,0.51,0
T10304228,2025-01-02 12:57:16,C112111,66,KA,M2306,Restaurant,Online,147.6,0,69.2,3,559.8,0,0.16,0
T10964266,2025-01-02 12:58:12,C105455,18,KL,M5747,Grocery,POS,213.98,1,6.7,3,441.5,0,1.39,0
T10681554,2025-01-02 12:58:24,C166940,47,TN,M3689,Restaurant,POS,332.93,1,1.2,1,248.4,0,2.25,0
T10898232,2025-01-02 12:59:12,C159003,41,KL,M1707,Grocery,ATM,10000.0,1,2.1,1,366.9,0,0.67,0
T10681988,2025-01-02 12:59:36,C125100,33,RJ,M2597,Restaurant,Contactless,1868.6,1,5.9,2,171.3,0,1.87,0
T10600728,2025-01-02 12:59:43,C178971,56,DL,M2289,Apparel,Online,244.19,0,56.7,2,1308.6,0,1.79,0
T10562991,2025-01-02 12:59:55,C177454,44,KL,M4128,Online Services,Online,287.54,0,134.2,2,204.0,0,0.72,0
T10944869,2025-01-02 12:59:59,C133766,35,KA,M4441,Apparel,POS,1405.66,1,1.5,2,46.2,0,0.9,0
T10072718,2025-01-02 13:00:07,C116348,56,GJ,M5302,Grocery,POS,2705.1,1,1.7,1,586.1,0,0.34,0
T10309132,2025-01-02 13:00:55,C140635,51,WB,M2229,Entertainment,Online,890.89,0,23.6,4,243.8,0,0.48,0
T10375524,2025-01-02 13:01:48,C125026,42,KA,M2791,Fuel,Contactless,1899.32,1,5.9,4,1111.8,0,1.66,0
T10711442,2025-01-02 13:03:31,C146084,26,GJ,M2820,Apparel,POS,219.74,1,11.5,6,378.4,0,1.19,0
T10016346,2025-01-02 13:03:34,C115359,43,KA,M3117,Entertainment,Contactless,1298.94,1,2.6,2,275.6,0,1.86,0
T10554369,2025-01-02 13:04:40,C174942,40,DL,M1955,Restaurant,Contactless,970.18,1,8.7,2,377.6,0,0.63,0
T10135537,2025-01-02 13:04:44,C182806,30,GJ,M2780,Grocery,Online,595.16,0,61.4,5,117.8,0,0.65,0
T10950914,2025-01-02 13:04:47,C126709,34,UP,M2210,Restaurant,POS,371.49,1,4.8,2,597.8,0,1.0,0
T10392319,2025-01-02 13:04:50,C149443,42,UP,M4178,Fuel,POS,3594.03,1,8.6,2,694.2,0,1.63,0
T10580044,2025-01-02 13:05:31,C163095,48,TN,M5275,Restaurant,POS,390.92,1,11.3,1,575.7,0,0.64,0
T10086561,2025-01-02 13:05:41,C173858,38,DL,M5919,Online Services,Online,214.3,0,134.2,1,172.3,0,1.11,0
T10747204,2025-01-02 13:06:19,C178380,35,KA,M4955,Apparel,Contactless,465.85,1,0.4,5,114.9,0,0.64,0
T10079726,2025-01-02 13:06:28,C169008,20,MH,M4315,Travel,Contactless,2516.12,1,16.4,3,350.5,0,0.41,0
T10110159,2025-01-02 13:07:21,C136851,47,MH,M1208,Fuel,Contactless,344.38,1,15.3,2,100.7,0,0.6,0
T10958752,2025-01-02 13:07:33,C160476,40,MH,M5907,Fuel,POS,678.42,1,3.1,2,402.6,0,1.23,0
T10671311,2025-01-02 13:07:55,C147243,25,GJ,M1424,Restaurant,Online,117.98,0,16.0,1,382.8,0,0.95,0
T10964051,2025-01-02 13:08:19,C101514,23,DL,M3367,Apparel,POS,2961.95,1,18.3,2,95.0,0,2.11,0
T10476813,2025-01-02 13:08:43,C168740,28,RJ,M1250,Healthcare,Contactless,358.99,1,2.7,4,84.1,0,1.12,0
T10314325,2025-01-02 13:08:48,C170507,43,DL,M5065,Online Services,Contactless,1222.58,1,1.9,2,986.8,0,1.14,0
T10843333,2025-01-02 13:09:13,C180191,43,TN,M3350,Grocery,Contactless,1712.89,1,3.9,3,43.6,0,0.64,0
T10211262,2025-01-02 13:09:48,C145207,57,GJ,M4543,Grocery,POS,545.7,1,3.6,2,707.7,0,1.79,0
T10236606,2025-01-02 13:10:02,C169677,46,GJ,M1424,Online Services,POS,510.0,1,7.9,3,786.0,0,1.33,0
T10975802,2025-01-02 13:10:30,C183074,19,WB,M3880,Grocery,POS,388.67,1,6.9,1,260.0,0,2.32,0
T10906909,2025-01-02 13:10:43,C182033,31,DL,M4441,Apparel,POS,745.34,1,6.8,4,739.3,0,0.8,0
T10704686,2025-01-02 13:10:53,C154629,39,RJ,M2170,Travel,POS,3428.24,1,9.9,3,927.6,0,1.89,0
T10870035,2025-01-02 13:10:59,C124950,37,GJ,M4891,Apparel,Online,49.19,0,6.8,4,1568.5,1,0.32,0
T10677929,2025-01-02 13:11:19,C169088,66,KA,M2540,Entertainment,Contactless,709.67,1,3.0,1,836.3,0,0.45,0
T10830379,2025-01-02 13:11:37,C136923,52,KL,M4985,Utilities,Online,5253.09,0,12.1,2,214.7,1,2.27,0
T10016059,2025-01-02 13:11:47,C149311,50,KL,M4798,Fuel,Contactless,583.21,1,16.5,1,159.0,0,0.52,0
T10440067,2025-01-02 13:12:16,C102073,25,KL,M5469,Apparel,Online,577.8,0,46.2,2,490.5,0,0.42,0
T10883895,2025-01-02 13:12:18,C162385,58,WB,M5620,Gift Cards,POS,859.62,1,4.7,2,60.7,0,0.23,0
T10894273,2025-01-02 13:12:29,C168154,25,GJ,M2111,Apparel,ATM,20000.0,1,10.8,3,1064.2,0,1.06,0
T10424648,2025-01-02 13:13:28,C123753,65,MH,M2998,Travel,POS,547.12,1,4.8,3,424.6,0,0.61,0
T10994808,2025-01-02 13:13:40,C179820,46,KL,M3151,Entertainment,POS,454.65,1,7.6,4,897.8,0,0.83,0
T10564684,2025-01-02 13:13:45,C149439,21,TG,M1250,Online Services,POS,1505.86,1,8.9,2,33.5,0,1.11,0
T10166847,2025-01-02 13:15:14,C106890,51,GJ,M5296,Electronics,ATM,11000.0,1,4.3,2,80.4,0,0.72,0
T10064471,2025-01-02 13:15:33,C166422,40,KA,M5943,Grocery,Online,1010.38,0,88.5,4,422.0,0,0.71,0
T10714536,2025-01-02 13:15:50,C159731,60,TG,M3789,Fuel,POS,58.87,1,0.8,2,2848.3,0,0.87,0
T10973082,2025-01-02 13:15:53,C136848,41,RJ,M5176,Healthcare,ATM,2000.0,1,13.9,2,215.2,0,1.2,0
T10519719,2025-01-02 13:16:25,C112188,53,GJ,M3890,Fuel,Contactless,1100.79,1,12.4,2,388.3,0,0.74,0
T10925399,2025-01-02 13:17:23,C119718,29,GJ,M3122,Grocery,POS,537.04,1,6.7,5,383.4,0,1.27,0
T10013944,2025-01-02 13:18:24,C158655,43,TG,M4923,Restaurant,POS,108.64,1,7.7,1,648.7,0,1.61,0
T10480663,2025-01-02 13:18:35,C159941,60,WB,M5981,Apparel,Online,671.01,0,28.5,3,47.2,0,1.6,0
T10657954,2025-01-02 13:18:47,C130976,18,MH,M5369,Restaurant,Online,597.29,0,139.9,3,1760.2,0,1.62,0
T10588211,2025-01-02 13:19:36,C154928,76,WB,M5429,Grocery,Contactless,601.5,1,14.0,2,1649.1,0,0.81,0
T10543452,2025-01-02 13:19:44,C161065,34,TN,M2984,Online Services,POS,1128.99,1,6.1,4,75.1,0,1.68,0
T10815854,2025-01-02 13:20:33,C174593,21,MH,M5366,Fuel,Contactless,173.6,1,0.9,3,316.8,0,2.19,0
T10325068,2025-01-02 13:21:30,C140922,42,DL,M4421,Entertainment,POS,501.79,1,15.1,1,628.5,0,1.1,0
T10226594,2025-01-02 13:21:45,C132403,49,TN,M4054,Fuel,Online,340.7,0,22.5,3,76.8,1,1.23,0
T10456423,2025-01-02 13:21:58,C108319,49,TG,M5840,Entertainment,POS,1730.45,1,2.6,3,462.5,0,1.65,0
T10003677,2025-01-02 13:22:41,C164103,37,KA,M1791,Online Services,Contactless,1111.98,1,13.1,2,1467.1,0,1.33,0
T10543056,2025-01-02 13:23:08,C142390,48,RJ,M2281,Grocery,Online,3625.62,0,54.5,5,1279.6,0,0.81,0
T10631666,2025-01-02 13:23:11,C141920,38,WB,M4437,Fuel,ATM,5000.0,1,6.7,1,545.1,0,3.09,0
T10869118,2025-01-02 13:23:17,C156885,41,KL,M2949,Restaurant,POS,266.46,1,4.5,4,47.6,0,0.46,0
T10854963,2025-01-02 13:23:58,C105579,35,DL,M1899,Grocery,Contactless,2094.62,1,3.5,3,1180.5,0,0.86,0
T10373743,2025-01-02 13:24:04,C138461,40,RJ,M5578,Grocery,POS,71.96,1,2.0,2,299.3,0,2.1,0
T10312893,2025-01-02 13:24:11,C156190,46,MH,M5378,Fuel,Online,605.16,0,43.6,4,1561.7,0,0.48,0
T10899602,2025-01-02 13:24:19,C163686,61,GJ,M2049,Utilities,POS,689.21,1,0.3,2,889.2,0,0.66,0
T10085152,2025-01-02 13:24:36,C158218,68,WB,M5954,Restaurant,Online,2456.12,0,30.3,2,696.5,0,0.76,0
T10535871,2025-01-02 13:24:54,C112691,25,UP,M1208,Entertainment,Contactless,1111.62,1,2.2,1,481.6,0,1.51,0
T10618245,2025-01-02 13:25:05,C156624,55,UP,M2535,Apparel,Online,266.05,0,94.6,5,193.7,0,0.68,0
T10117643,2025-01-02 13:25:21,C129145,62,KA,M1200,Utilities,ATM,5000.0,1,9.7,5,38.2,0,0.79,0
T10068539,2025-01-02 13:25:23,C134790,34,UP,M2384,Online Services,Online,734.93,0,204.4,2,671.8,1,0.5,0
T10224022,2025-01-02 13:25:26,C137448,35,RJ,M3072,Fuel,Contactless,485.86,1,9.6,2,241.8,0,1.04,0
T10852610,2025-01-02 13:25:46,C112344,47,TN,M3223,Electronics,Contactless,573.41,1,6.8,2,618.5,0,2.38,0
T10024721,2025-01-02 13:26:35,C104325,54,KL,M5135,Restaurant,POS,3518.43,1,0.4,1,1058.3,0,2.99,0
T10691267,2025-01-02 13:26:53,C114896,50,DL,M5371,Apparel,POS,2150.74,1,16.8,4,457.4,0,0.96,0
T10256008,2025-01-02 13:26:55,C177333,40,DL,M4427,Entertainment,Online,2242.5,0,49.6,3,1315.8,0,1.57,0
T10351771,2025-01-02 13:27:14,C158545,46,TN,M4846,Electronics,POS,4221.62,1,4.9,6,268.9,0,0.9,0
T10534390,2025-01-02 13:28:03,C148754,48,UP,M2074,Online Services,POS,437.79,1,32.2,2,169.2,0,1.28,0
T10890980,2025-01-02 13:28:31,C117117,18,KL,M2292,Grocery,Online,650.08,0,6.1,2,564.0,0,0.95,0
T10576093,2025-01-02 13:28:50,C135128,28,TG,M4238,Grocery,Online,273.27,0,63.2,5,1135.9,1,2.22,0
T10042142,2025-01-02 13:30:05,C132351,43,GJ,M5371,Utilities,POS,526.35,1,3.0,5,128.2,0,0.8,0
T10601929,2025-01-02 13:30:34,C124180,40,TG,M2208,Utilities,POS,121.99,1,11.8,1,628.3,0,0.33,0
T10276929,2025-01-02 13:30:44,C139083,45,KA,M3841,Online Services,Online,919.18,0,63.7,1,494.2,0,1.73,0
T10111694,2025-01-02 13:30:51,C132497,27,KL,M3194,Restaurant,Online,219.78,0,113.3,2,2316.9,0,1.51,0
T10223392,2025-01-02 13:31:07,C125676,37,RJ,M3007,Restaurant,Contactless,389.1,1,6.1,3,2773.9,0,1.49,0
T10664342,2025-01-02 13:32:07,C142917,58,GJ,M1898,Fuel,POS,1096.57,1,4.3,1,166.3,0,0.67,0
T10562753,2025-01-02 13:32:32,C143447,49,TG,M5391,Fuel,Contactless,883.69,1,10.8,3,174.3,0,0.44,0
T10644842,2025-01-02 13:34:35,C180210,41,TG,M4926,Utilities,Contactless,1383.46,1,12.9,2,818.7,0,0.97,0
T10967999,2025-01-02 13:34:46,C110847,53,WB,M1411,Healthcare,POS,4566.81,1,4.7,2,398.0,0,1.21,0
T10226309,2025-01-02 13:34:53,C132768,71,DL,M3312,Healthcare,ATM,20000.0,1,27.7,3,195.6,0,0.9,0
T10592730,2025-01-02 13:34:57,C149952,52,KA,M5585,Jewelry,ATM,44000.0,1,0.6,1,440.0,0,1.34,0
T10711236,2025-01-02 13:36:23,C134933,46,KL,M3798,Fuel,POS,526.59,1,4.1,1,516.1,0,0.95,0
T10763449,2025-01-02 13:36:52,C144764,21,MH,M4680,Restaurant,Online,5094.58,0,92.9,1,797.2,0,1.18,0
T10924254,2025-01-02 13:37:03,C106193,61,RJ,M5379,Restaurant,Contactless,762.06,1,17.1,2,239.9,0,0.61,0
T10764773,2025-01-02 13:37:06,C139451,20,UP,M4410,Restaurant,Online,199.35,0,26.7,1,218.1,0,1.95,0
T10629116,2025-01-02 13:37:15,C173949,51,TN,M1929,Fuel,Online,1273.41,0,57.7,4,1575.8,0,1.6,0
T10993827,2025-01-02 13:37:38,C140499,44,RJ,M2839,Grocery,POS,280.01,1,11.4,2,367.1,0,0.81,0
T10300787,2025-01-02 13:37:43,C112663,54,KA,M4578,Grocery,POS,525.91,1,24.4,2,70.9,0,2.33,0
T10286918,2025-01-02 13:37:50,C122958,48,TN,M3264,Restaurant,Online,144.07,0,145.6,2,1406.7,0,0.76,0
T10391216,2025-01-02 13:38:12,C155691,47,WB,M2161,Grocery,POS,1389.49,1,2.4,1,396.6,0,0.77,0
T10916705,2025-01-02 13:38:17,C104263,43,WB,M1262,Healthcare,POS,204.66,1,28.7,3,404.3,0,1.37,0
T10128910,2025-01-02 13:38:18,C140808,62,KA,M5206,Online Services,POS,2904.94,1,16.0,1,399.9,0,0.62,0
T10357903,2025-01-02 13:38:40,C126908,22,DL,M5715,Restaurant,Contactless,181.64,1,16.5,3,90.0,0,0.6,0
T10988426,2025-01-02 13:38:57,C157431,50,KL,M1980,Restaurant,POS,1111.61,1,5.5,3,867.5,0,0.31,0
T10954103,2025-01-02 13:39:12,C103531,18,UP,M5867,Restaurant,Contactless,174.8,1,4.9,5,2058.9,0,0.62,0
T10343729,2025-01-02 13:39:21,C128151,42,RJ,M5054,Restaurant,Online,662.77,0,66.3,4,144.8,0,0.71,0
T10252109,2025-01-02 13:39:51,C107172,50,TN,M1468,Fuel,ATM,10000.0,1,22.5,1,755.2,0,0.36,0
T10808857,2025-01-02 13:40:07,C166591,22,TG,M1374,Restaurant,Contactless,893.74,1,13.4,2,857.7,0,0.46,0
T10856629,2025-01-02 13:40:47,C153372,34,GJ,M5569,Utilities,Online,1012.08,0,37.1,3,1173.1,0,0.96,0
T10672716,2025-01-02 13:40:53,C173916,46,MH,M4030,Electronics,POS,367.69,1,11.2,1,152.4,0,1.5,0
T10016730,2025-01-02 13:41:00,C174628,37,KL,M1021,Fuel,Contactless,309.17,1,2.0,1,330.0,0,2.02,0
T10374579,2025-01-02 13:41:12,C106572,28,MH,M2022,Entertainment,Online,967.98,0,69.2,7,355.1,0,1.68,0
T10817968,2025-01-02 13:41:46,C183212,43,WB,M1391,Restaurant,POS,4318.51,1,4.1,5,50.2,0,1.02,0
T10368306,2025-01-02 13:41:52,C179581,59,KL,M5107,Healthcare,Online,878.38,0,34.1,3,42.4,0,0.87,0
T10976510,2025-01-02 13:42:05,C179860,31,MH,M2156,Fuel,Contactless,88.82,1,1.3,4,1193.1,0,2.64,0
T10370054,2025-01-02 13:42:07,C177343,37,KL,M4360,Electronics,Online,346.1,0,90.4,2,822.0,0,1.22,0
T10125772,2025-01-02 13:42:23,C113723,34,TN,M3173,Grocery,POS,187.76,1,5.6,2,109.6,0,0.94,0
T10099426,2025-01-02 13:42:30,C120517,41,DL,M3116,Utilities,POS,348.27,1,3.2,2,141.9,0,1.0,0
T10890083,2025-01-02 13:42:37,C134388,62,KA,M5314,Restaurant,Contactless,635.66,1,26.9,2,583.4,0,0.63,0
T10245178,2025-01-02 13:43:18,C105799,34,MH,M3216,Restaurant,Contactless,224.64,1,6.8,3,1335.3,0,1.47,0
T10833667,2025-01-02 13:44:12,C157018,52,WB,M4932,Grocery,POS,170.35,1,15.7,2,331.0,0,1.08,0
T10871950,2025-01-02 13:46:59,C151095,59,MH,M2293,Electronics,POS,2004.82,1,2.3,1,701.9,0,0.87,0
T10356830,2025-01-02 13:47:04,C164113,34,TN,M1488,Fuel,Online,371.57,0,7.6,1,964.1,0,1.36,0
T10768544,2025-01-02 13:47:07,C133159,51,KA,M1017,Travel,ATM,2200.0,1,4.5,2,92.3,0,0.65,0
T10123784,2025-01-02 13:47:17,C104182,49,KL,M4298,Travel,Online,2192.85,0,14.6,4,434.1,0,0.36,0
T10038400,2025-01-02 13:47:46,C150827,23,GJ,M2964,Electronics,POS,275.81,1,25.6,1,599.9,0,0.56,0
T10614901,2025-01-02 13:47:46,C180259,44,RJ,M4413,Online Services,POS,419.94,1,5.0,3,48.4,0,2.05,0
T10303315,2025-01-02 13:47:58,C123450,69,DL,M2533,Travel,POS,6653.86,1,0.8,2,526.7,0,3.4,0
T10962773,2025-01-02 13:48:02,C120043,22,TG,M1713,Electronics,POS,4425.48,1,19.2,6,762.7,1,0.87,0
T10009323,2025-01-02 13:48:19,C176369,18,WB,M2881,Utilities,POS,598.62,1,13.6,3,206.8,0,0.84,0
T10588571,2025-01-02 13:48:19,C157056,51,WB,M4200,Utilities,Online,131.18,0,67.4,3,122.6,0,2.26,0
T10471087,2025-01-02 13:48:37,C123199,62,KA,M4427,Online Services,Contactless,143.68,1,3.8,2,221.1,0,1.89,0
T10328112,2025-01-02 13:48:57,C106420,41,TN,M1098,Electronics,POS,2392.81,1,5.0,3,1466.1,0,0.66,0
T10525574,2025-01-02 13:49:06,C164327,49,KL,M5261,Grocery,Online,5254.59,0,83.6,3,907.2,0,0.41,0
T10823245,2025-01-02 13:49:36,C157778,42,KL,M3895,Utilities,ATM,10000.0,1,4.8,2,405.9,0,0.9,0
T10942706,2025-01-02 13:49:42,C150978,53,KL,M3031,Apparel,ATM,10000.0,1,14.8,2,244.8,0,1.62,0
T10782550,2025-01-02 13:50:21,C120523,28,UP,M2450,Grocery,Online,867.86,0,26.7,2,1450.7,0,0.3,0
T10851312,2025-01-02 13:50:27,C161385,52,UP,M5741,Grocery,Contactless,992.3,1,4.3,1,194.6,0,1.57,0
T10694976,2025-01-02 13:50:54,C126336,47,KA,M3197,Apparel,Contactless,4667.48,1,3.3,2,668.0,0,0.36,0
T10516937,2025-01-02 13:51:14,C105218,50,TG,M1693,Grocery,Contactless,1059.95,1,9.3,5,959.5,0,1.17,0
T10145286,2025-01-02 13:51:15,C146336,50,KL,M2716,Grocery,Contactless,10326.01,1,11.6,3,794.3,0,0.63,0
T10878794,2025-01-02 13:51:28,C132016,64,KA,M2149,Restaurant,POS,2226.5,1,3.6,3,1334.8,1,0.92,0
T10578439,2025-01-02 13:51:50,C177072,32,TG,M1297,Fuel,Online,835.83,0,32.8,2,290.8,0,1.16,0
T10336264,2025-01-02 13:51:54,C113580,24,TG,M1017,Entertainment,Contactless,400.62,1,29.3,1,448.8,0,1.37,0
T10071601,2025-01-02 13:53:30,C141701,38,DL,M2884,Restaurant,Contactless,158.1,1,24.7,3,581.9,0,4.58,0
T10489411,2025-01-02 13:54:01,C181236,31,KL,M4506,Grocery,Contactless,91.85,1,14.0,2,13.3,0,1.6,0
T10427027,2025-01-02 13:54:33,C108625,50,DL,M3343,Fuel,ATM,20000.0,1,13.4,1,2986.4,0,0.45,0
T10524077,2025-01-02 13:54:41,C160280,28,TG,M5254,Apparel,Contactless,1344.35,1,3.6,2,947.3,0,0.48,0
T10307753,2025-01-02 13:54:58,C135174,35,MH,M4682,Healthcare,Contactless,1500.05,1,19.5,2,19.8,0,0.94,0
T10000571,2025-01-02 13:55:02,C134688,60,KL,M3211,Travel,Contactless,914.72,1,6.5,2,42.4,0,0.61,0
T10011286,2025-01-02 13:55:16,C104370,55,RJ,M1018,Restaurant,Contactless,422.32,1,2.9,2,1266.4,0,1.5,0
T10158590,2025-01-02 13:55:50,C141402,44,KA,M4287,Travel,Online,6645.01,0,12.6,1,309.5,0,1.12,0
T10186670,2025-01-02 13:56:25,C159206,46,KA,M5549,Grocery,POS,448.47,1,2.8,2,88.9,0,3.03,0
T10264735,2025-01-02 13:57:10,C105565,49,GJ,M1867,Fuel,Online,918.64,0,94.3,3,90.9,0,0.47,0
T10096773,2025-01-02 13:57:14,C147565,49,KA,M2869,Grocery,Online,507.24,0,133.8,1,602.8,0,1.52,0
T10896007,2025-01-02 13:57:22,C128935,18,TG,M2104,Electronics,Contactless,2267.03,1,4.7,1,1045.7,0,0.41,0
T10501871,2025-01-02 13:57:31,C154523,35,GJ,M4168,Online Services,POS,732.8,1,0.3,2,73.0,0,0.94,0
T10269864,2025-01-02 13:58:06,C115061,47,TG,M5426,Utilities,POS,223.66,1,5.3,2,40.1,0,1.77,0
T10598945,2025-01-02 13:59:30,C139968,51,DL,M3216,Grocery,POS,375.4,1,3.2,3,169.9,0,2.02,0
T10939114,2025-01-02 13:59:57,C154779,48,UP,M2902,Online Services,Contactless,207.22,1,4.9,1,225.3,0,0.7,0
T10158703,2025-01-02 14:00:04,C153333,48,TG,M1537,Restaurant,Contactless,631.58,1,8.0,5,229.4,0,1.63,0
T10102307,2025-01-02 14:00:13,C137754,61,KL,M3192,Fuel,Online,833.34,0,71.1,6,217.6,0,0.38,0
T10055017,2025-01-02 14:00:40,C134416,18,KL,M3609,Apparel,Online,5512.73,0,37.7,5,1534.1,1,1.28,0
T10275477,2025-01-02 14:00:55,C162736,47,RJ,M5434,Grocery,Contactless,1586.84,1,3.8,2,1272.7,0,3.15,0
T10274289,2025-01-02 14:01:16,C175078,43,RJ,M5192,Travel,Contactless,1826.33,1,8.2,2,1694.4,0,0.65,0
T10138730,2025-01-02 14:01:29,C113310,41,WB,M4076,Grocery,ATM,5000.0,1,12.5,3,1545.4,0,1.27,0
T10898069,2025-01-02 14:01:47,C126147,35,WB,M1125,Restaurant,POS,226.0,1,9.1,6,1250.3,0,1.18,0
T10181645,2025-01-02 14:02:16,C122557,42,DL,M1331,Utilities,Contactless,180.07,1,2.0,4,600.2,0,6.38,0
T10918500,2025-01-02 14:02:24,C129771,63,TN,M2256,Restaurant,POS,2855.78,1,6.7,3,160.1,0,1.52,0
T10203806,2025-01-02 14:05:13,C142266,35,GJ,M4144,Fuel,POS,1635.0,1,3.7,2,407.7,0,1.19,0
T10940322,2025-01-02 14:05:22,C166647,35,KL,M5020,Apparel,POS,1082.85,1,6.4,2,600.4,0,1.55,0
T10433159,2025-01-02 14:07:10,C134473,41,TN,M4014,Entertainment,POS,2392.19,1,8.3,1,255.9,0,0.45,0
T10111902,2025-01-02 14:08:02,C108537,44,KL,M1095,Electronics,POS,616.75,1,25.5,2,528.4,0,4.36,0
T10160062,2025-01-02 14:08:55,C140561,34,MH,M2566,Grocery,Online,4312.85,0,27.2,2,207.4,0,1.03,0
T10110645,2025-01-02 14:09:04,C152730,56,DL,M2630,Restaurant,Contactless,2170.98,1,4.2,3,680.9,0,1.07,0
T10037787,2025-01-02 14:09:04,C109554,49,KL,M3386,Restaurant,Online,3038.36,0,20.2,3,275.6,0,1.58,0
T10460395,2025-01-02 14:09:10,C102454,51,KA,M4991,Utilities,Contactless,168.94,1,6.2,4,3108.9,0,1.76,0
T10917491,2025-01-02 14:09:13,C170882,30,UP,M4855,Electronics,ATM,11000.0,1,9.0,2,1904.4,0,0.8,0
T10754732,2025-01-02 14:09:14,C131685,55,KA,M3133,Fuel,Contactless,5227.4,1,34.4,2,501.0,0,0.49,0
T10370630,2025-01-02 14:09:27,C119278,22,GJ,M5460,Restaurant,POS,1579.6,1,20.6,3,251.1,0,0.72,0
T10399249,2025-01-02 14:09:35,C116364,25,GJ,M3443,Grocery,POS,1708.45,1,0.3,4,365.3,0,0.97,0
T10472398,2025-01-02 14:10:05,C130288,30,KL,M5187,Utilities,Online,604.54,0,45.5,1,208.4,0,1.69,0
T10779551,2025-01-02 14:10:37,C144614,44,WB,M4323,Utilities,POS,693.98,1,6.9,2,194.5,0,1.18,0
T10759409,2025-01-02 14:10:51,C123491,46,TN,M1853,Apparel,ATM,1000.0,1,7.0,2,1512.9,0,0.76,0
T10646747,2025-01-02 14:11:48,C109139,18,WB,M1960,Entertainment,POS,522.89,1,8.1,1,356.6,0,1.38,0
T10444436,2025-01-02 14:12:02,C162142,53,KL,M2465,Apparel,Online,4315.04,0,21.4,1,47.6,0,1.68,0
T10352795,2025-01-02 14:12:13,C136440,57,UP,M5387,Electronics,POS,3293.33,1,1.5,4,56.2,0,0.97,0
T10846591,2025-01-02 14:12:43,C137637,58,DL,M2934,Gift Cards,POS,1704.81,1,6.8,4,764.2,0,4.23,0
T10915532,2025-01-02 14:13:15,C182858,30,RJ,M1756,Fuel,Contactless,719.76,1,2.9,3,99.4,0,0.93,0
